No,Termo de busca,Plataforma,Tipo de modificador,Modificador,Palavra-chave,Idioma,País,Volume,CPC (US$)
1,"Celular Samsung","Google","Ordem alfabética","a","celular samsung a56","pt","br","27.1K","0.31"
2,"Celular Samsung","Google","Ordem alfabética","a","celular samsung a16","pt","br","18.1K","0.42"
3,"Celular Samsung","Google","Ordem alfabética","a","celular samsung a15","pt","br","12.1K","0.26"
4,"Celular Samsung","Google","Ordem alfabética","a","celular samsung antigo","pt","br","0","-"
5,"Celular Samsung","Google","Ordem alfabética","a","celular samsung a55","pt","br","0","-"
6,"Celular Samsung","Google","Ordem alfabética","a","celular samsung a06","pt","br","0","-"
7,"Celular Samsung","Google","Ordem alfabética","a","celular samsung a56 256gb","pt","br","0","-"
8,"Celular Samsung","Google","Ordem alfabética","a","celular samsung a36","pt","br","0","-"
9,"Celular Samsung","Google","Ordem alfabética","a","celular samsung a17","pt","br","0","-"
10,"Celular Samsung","Google","Ordem alfabética","a","celular samsung a07","pt","br","0","-"
11,"Celular Samsung","Google","Ordem alfabética","a","celular samsung a26","pt","br","0","-"
12,"Celular Samsung","Google","Ordem alfabética","a","celular samsung a14","pt","br","0","-"
13,"Celular Samsung","Google","Ordem alfabética","a","celular samsung a36 256gb","pt","br","0","-"
14,"Celular Samsung","Google","Ordem alfabética","a","celular samsung a57","pt","br","0","-"
15,"Celular Samsung","Google","Ordem alfabética","a","celular samsung a17 256gb","pt","br","0","-"
16,"Celular Samsung","Google","Ordem alfabética","b","celular samsung barato","pt","br","22.2K","0.36"
17,"Celular Samsung","Google","Ordem alfabética","b","celular samsung bom e barato","pt","br","8.1K","0.29"
18,"Celular Samsung","Google","Ordem alfabética","b","celular samsung bom","pt","br","5.4K","0.23"
19,"Celular Samsung","Google","Ordem alfabética","b","celular samsung barato novo","pt","br","0","-"
20,"Celular Samsung","Google","Ordem alfabética","b","celular samsung bom e barato 256gb","pt","br","0","-"
21,"Celular Samsung","Google","Ordem alfabética","b","celular samsung branco","pt","br","0","-"
22,"Celular Samsung","Google","Ordem alfabética","b","celular samsung bom e barato 2026","pt","br","0","-"
23,"Celular Samsung","Google","Ordem alfabética","b","celular samsung bom e barato 128gb","pt","br","0","-"
24,"Celular Samsung","Google","Ordem alfabética","b","celular samsung bom custo beneficio","pt","br","0","-"
25,"Celular Samsung","Google","Ordem alfabética","b","celular samsung bom para jogos","pt","br","0","-"
26,"Celular Samsung","Google","Ordem alfabética","b","celular samsung bemol","pt","br","0","-"
27,"Celular Samsung","Google","Ordem alfabética","b","celular samsung bom de camera","pt","br","0","-"
28,"Celular Samsung","Google","Ordem alfabética","b","celular samsung barato com camera boa","pt","br","0","-"
29,"Celular Samsung","Google","Ordem alfabética","b","celular samsung bom 2026","pt","br","0","-"
30,"Celular Samsung","Google","Ordem alfabética","b","celular samsung bom custo beneficio 2026","pt","br","0","-"
31,"Celular Samsung","Google","Ordem alfabética","c","celular samsung casas bahia","pt","br","9.9K","0.22"
32,"Celular Samsung","Google","Ordem alfabética","c","celular samsung carrefour","pt","br","1.9K","0.14"
33,"Celular Samsung","Google","Ordem alfabética","c","celular samsung com nfc","pt","br","1.9K","0.34"
34,"Celular Samsung","Google","Ordem alfabética","c","celular samsung com camera boa","pt","br","0","-"
35,"Celular Samsung","Google","Ordem alfabética","c","celular samsung com caneta","pt","br","0","-"
36,"Celular Samsung","Google","Ordem alfabética","c","celular samsung custo beneficio","pt","br","0","-"
37,"Celular Samsung","Google","Ordem alfabética","c","celular samsung com carregamento por indução","pt","br","0","-"
38,"Celular Samsung","Google","Ordem alfabética","c","celular samsung com a melhor câmera","pt","br","0","-"
39,"Celular Samsung","Google","Ordem alfabética","c","celular samsung com melhor custo benefício","pt","br","0","-"
40,"Celular Samsung","Google","Ordem alfabética","c","celular samsung com bateria de 6000mah","pt","br","0","-"
41,"Celular Samsung","Google","Ordem alfabética","c","celular samsung camera boa e barato","pt","br","0","-"
42,"Celular Samsung","Google","Ordem alfabética","c","celular samsung com bateria de 7000mah","pt","br","0","-"
43,"Celular Samsung","Google","Ordem alfabética","c","celular samsung caiu no chão e não liga mais","pt","br","0","-"
44,"Celular Samsung","Google","Ordem alfabética","c","celular samsung custo beneficio 2026","pt","br","0","-"
45,"Celular Samsung","Google","Ordem alfabética","c","celular samsung com 512gb de memória","pt","br","0","-"
46,"Celular Samsung","Google","Ordem alfabética","d","celular samsung dobravel","pt","br","2.4K","0.13"
47,"Celular Samsung","Google","Ordem alfabética","d","celular samsung de abrir e fechar","pt","br","590","0.14"
48,"Celular Samsung","Google","Ordem alfabética","d","celular samsung de 256 gb","pt","br","390","0.29"
49,"Celular Samsung","Google","Ordem alfabética","d","celular samsung dual chip","pt","br","0","-"
50,"Celular Samsung","Google","Ordem alfabética","d","celular samsung da linha s","pt","br","0","-"
51,"Celular Samsung","Google","Ordem alfabética","d","celular samsung de botão","pt","br","0","-"
52,"Celular Samsung","Google","Ordem alfabética","d","celular samsung duas câmeras","pt","br","0","-"
53,"Celular Samsung","Google","Ordem alfabética","d","celular samsung desligando sozinho","pt","br","0","-"
54,"Celular Samsung","Google","Ordem alfabética","d","celular samsung de três câmeras","pt","br","0","-"
55,"Celular Samsung","Google","Ordem alfabética","d","celular samsung demorando para carregar","pt","br","0","-"
56,"Celular Samsung","Google","Ordem alfabética","d","celular samsung da linha a","pt","br","0","-"
57,"Celular Samsung","Google","Ordem alfabética","d","celular samsung de 1000 reais","pt","br","0","-"
58,"Celular Samsung","Google","Ordem alfabética","d","celular samsung de flip","pt","br","0","-"
59,"Celular Samsung","Google","Ordem alfabética","d","celular samsung de entrada","pt","br","0","-"
60,"Celular Samsung","Google","Ordem alfabética","d","celular samsung de 512 gb","pt","br","0","-"
61,"Celular Samsung","Google","Ordem alfabética","e","celular samsung em promoção","pt","br","2.9K","0.5"
62,"Celular Samsung","Google","Ordem alfabética","e","celular samsung em oferta","pt","br","0","-"
63,"Celular Samsung","Google","Ordem alfabética","e","celular samsung esquentando muito","pt","br","0","-"
64,"Celular Samsung","Google","Ordem alfabética","e","celular samsung edge","pt","br","0","-"
65,"Celular Samsung","Google","Ordem alfabética","e","celular samsung esquentando","pt","br","0","-"
66,"Celular Samsung","Google","Ordem alfabética","e","celular samsung em conta","pt","br","0","-"
67,"Celular Samsung","Google","Ordem alfabética","e","celular samsung em promoção hoje","pt","br","0","-"
68,"Celular Samsung","Google","Ordem alfabética","e","celular samsung esquentando o que fazer","pt","br","0","-"
69,"Celular Samsung","Google","Ordem alfabética","e","celular samsung esquentando muito e descarregando rápido","pt","br","0","-"
70,"Celular Samsung","Google","Ordem alfabética","e","celular samsung em modo de segurança","pt","br","0","-"
71,"Celular Samsung","Google","Ordem alfabética","e","celular samsung em conta e bom","pt","br","0","-"
72,"Celular Samsung","Google","Ordem alfabética","e","celular samsung esquentando o que pode ser","pt","br","0","-"
73,"Celular Samsung","Google","Ordem alfabética","e","celular samsung esta com virus o que fazer","pt","br","0","-"
74,"Celular Samsung","Google","Ordem alfabética","e","celular samsung e motorola qual o melhor","pt","br","0","-"
75,"Celular Samsung","Google","Ordem alfabética","e","celular samsung esqueci a senha de bloqueio","pt","br","0","-"
76,"Celular Samsung","Google","Ordem alfabética","f","celular samsung flip","pt","br","2.4K","0.2"
77,"Celular Samsung","Google","Ordem alfabética","f","celular samsung flip 7","pt","br","590","0.23"
78,"Celular Samsung","Google","Ordem alfabética","f","celular samsung fe","pt","br","480","0.28"
79,"Celular Samsung","Google","Ordem alfabética","f","celular samsung flip antigo","pt","br","0","-"
80,"Celular Samsung","Google","Ordem alfabética","f","celular samsung flip 5","pt","br","0","-"
81,"Celular Samsung","Google","Ordem alfabética","f","celular samsung fe s24","pt","br","0","-"
82,"Celular Samsung","Google","Ordem alfabética","f","celular samsung fold","pt","br","0","-"
83,"Celular Samsung","Google","Ordem alfabética","f","celular samsung flip 6","pt","br","0","-"
84,"Celular Samsung","Google","Ordem alfabética","f","celular samsung ficou preto e branco","pt","br","0","-"
85,"Celular Samsung","Google","Ordem alfabética","f","celular samsung flip novo","pt","br","0","-"
86,"Celular Samsung","Google","Ordem alfabética","f","celular samsung fe20","pt","br","0","-"
87,"Celular Samsung","Google","Ordem alfabética","f","celular samsung fe s25","pt","br","0","-"
88,"Celular Samsung","Google","Ordem alfabética","f","celular samsung fe s20","pt","br","0","-"
89,"Celular Samsung","Google","Ordem alfabética","f","celular samsung fold 7","pt","br","0","-"
90,"Celular Samsung","Google","Ordem alfabética","f","celular samsung fe 25","pt","br","0","-"
91,"Celular Samsung","Google","Ordem alfabética","g","celular samsung galaxy","pt","br","14.8K","0.39"
92,"Celular Samsung","Google","Ordem alfabética","g","celular samsung galaxy a36 5g 256gb 8gb ram","pt","br","390","0.8"
93,"Celular Samsung","Google","Ordem alfabética","g","celular samsung galaxy s25 ultra sm-s938b dual chip 512gb 5g","pt","br","140","0.19"
94,"Celular Samsung","Google","Ordem alfabética","g","celular samsung galaxy a07 256gb 8gb câmera 50mp verde","pt","br","0","-"
95,"Celular Samsung","Google","Ordem alfabética","g","celular samsung galaxy s26 ultra 5g","pt","br","0","-"
96,"Celular Samsung","Google","Ordem alfabética","g","celular samsung galaxy s25+ 5g 512gb 12gb ram câmera tripla de 50+12+10 tela grande de 6.7","pt","br","0","-"
97,"Celular Samsung","Google","Ordem alfabética","g","celular samsung galaxy a07 tela 6.7 128gb 4g 90hz câmera dupla 50mp preto","pt","br","0","-"
98,"Celular Samsung","Google","Ordem alfabética","g","celular samsung galaxy a07 256gb 8gb câmera 50mp tela 6.7 proteção ip54 processador 6nm - preto","pt","br","0","-"
99,"Celular Samsung","Google","Ordem alfabética","g","celular samsung galaxy a07 128gb 4gb câm. 50mp tela 6.7 - preto","pt","br","0","-"
100,"Celular Samsung","Google","Ordem alfabética","g","celular samsung galaxy a36 5g 256gb 8gb ram recursos ai (preto)","pt","br","0","-"
101,"Celular Samsung","Google","Ordem alfabética","g","celular samsung galaxy a57 5g 8gb ram","pt","br","0","-"
102,"Celular Samsung","Google","Ordem alfabética","g","celular samsung galaxy a17 com ia 256gb 8gb ram câm de 50mp tela de 6.7 nfc ip54 - preto","pt","br","0","-"
103,"Celular Samsung","Google","Ordem alfabética","g","celular samsung galaxy a17 4g tela 6.7 128gb super amoled câmera tripla 50mp preto","pt","br","0","-"
104,"Celular Samsung","Google","Ordem alfabética","g","celular samsung galaxy a36 5g sm-a366e dual sim de 128gb 8gb ram de 6.7 50+8+5mp 12mp","pt","br","0","-"
105,"Celular Samsung","Google","Ordem alfabética","g","celular samsung galaxy s25 fe 5g 128gb 8gb câmera tripla - azul marinho","pt","br","0","-"
106,"Celular Samsung","Google","Ordem alfabética","h","celular samsung havan","pt","br","720","0.08"
107,"Celular Samsung","Google","Ordem alfabética","h","celular samsung retirar hoje","pt","br","90","0.31"
108,"Celular Samsung","Google","Ordem alfabética","h","celular samsung hello kitty","pt","br","50","-"
109,"Celular Samsung","Google","Ordem alfabética","h","celular samsung havan promoção","pt","br","0","-"
110,"Celular Samsung","Google","Ordem alfabética","h","celular samsung na havan preço","pt","br","0","-"
111,"Celular Samsung","Google","Ordem alfabética","h","melhor celular samsung hoje","pt","br","0","-"
112,"Celular Samsung","Google","Ordem alfabética","h","celular samsung toda hora aparece propaganda","pt","br","0","-"
113,"Celular Samsung","Google","Ordem alfabética","h","celular samsung holográfico","pt","br","0","-"
114,"Celular Samsung","Google","Ordem alfabética","h","celular samsung 256gb havan","pt","br","0","-"
115,"Celular Samsung","Google","Ordem alfabética","h","celular samsung health","pt","br","0","-"
116,"Celular Samsung","Google","Ordem alfabética","h","celular samsung a56 havan","pt","br","0","-"
117,"Celular Samsung","Google","Ordem alfabética","h","celular samsung hard reset","pt","br","0","-"
118,"Celular Samsung","Google","Ordem alfabética","h","celular samsung hoje","pt","br","0","-"
119,"Celular Samsung","Google","Ordem alfabética","h","celular samsung hackeado","pt","br","0","-"
120,"Celular Samsung","Google","Ordem alfabética","h","celular samsung hierarquia","pt","br","0","-"
121,"Celular Samsung","Google","Ordem alfabética","i","celular samsung idoso","pt","br","720","0.19"
122,"Celular Samsung","Google","Ordem alfabética","i","celular samsung intermediário 2025","pt","br","590","0.53"
123,"Celular Samsung","Google","Ordem alfabética","i","celular samsung intermediário","pt","br","320","0.34"
124,"Celular Samsung","Google","Ordem alfabética","i","celular samsung intermediário 2026","pt","br","0","-"
125,"Celular Samsung","Google","Ordem alfabética","i","celular samsung iphone","pt","br","0","-"
126,"Celular Samsung","Google","Ordem alfabética","i","celular samsung igual iphone","pt","br","0","-"
127,"Celular Samsung","Google","Ordem alfabética","i","celular samsung indestrutível","pt","br","0","-"
128,"Celular Samsung","Google","Ordem alfabética","i","celular samsung ip68","pt","br","0","-"
129,"Celular Samsung","Google","Ordem alfabética","i","celular samsung indução","pt","br","0","-"
130,"Celular Samsung","Google","Ordem alfabética","i","celular samsung intermediário bom","pt","br","0","-"
131,"Celular Samsung","Google","Ordem alfabética","i","celular samsung intermediário com melhor câmera","pt","br","0","-"
132,"Celular Samsung","Google","Ordem alfabética","i","celular samsung ip67","pt","br","0","-"
133,"Celular Samsung","Google","Ordem alfabética","i","celular samsung intermediário premium","pt","br","0","-"
134,"Celular Samsung","Google","Ordem alfabética","i","celular samsung ideal para idoso","pt","br","0","-"
135,"Celular Samsung","Google","Ordem alfabética","i","celular samsung intermediário melhor custo benefício","pt","br","0","-"
136,"Celular Samsung","Google","Ordem alfabética","j","celular samsung j5 prime","pt","br","3.6K","0.06"
137,"Celular Samsung","Google","Ordem alfabética","j","celular samsung j5","pt","br","1.0K","0.07"
138,"Celular Samsung","Google","Ordem alfabética","j","celular samsung j7 prime","pt","br","1.0K","0.08"
139,"Celular Samsung","Google","Ordem alfabética","j","celular samsung j7","pt","br","0","-"
140,"Celular Samsung","Google","Ordem alfabética","j","celular samsung j2","pt","br","0","-"
141,"Celular Samsung","Google","Ordem alfabética","j","celular samsung j8","pt","br","0","-"
142,"Celular Samsung","Google","Ordem alfabética","j","celular samsung j4","pt","br","0","-"
143,"Celular Samsung","Google","Ordem alfabética","j","celular samsung j6","pt","br","0","-"
144,"Celular Samsung","Google","Ordem alfabética","j","celular samsung j1","pt","br","0","-"
145,"Celular Samsung","Google","Ordem alfabética","j","celular samsung j2 prime","pt","br","0","-"
146,"Celular Samsung","Google","Ordem alfabética","j","celular samsung j1 mini","pt","br","0","-"
147,"Celular Samsung","Google","Ordem alfabética","j","celular samsung j5 novo","pt","br","0","-"
148,"Celular Samsung","Google","Ordem alfabética","j","celular samsung j4 core","pt","br","0","-"
149,"Celular Samsung","Google","Ordem alfabética","j","celular samsung j7 pro","pt","br","0","-"
150,"Celular Samsung","Google","Ordem alfabética","j","celular samsung j3","pt","br","0","-"
151,"Celular Samsung","Google","Ordem alfabética","k","celular samsung kabum","pt","br","170","0.23"
152,"Celular Samsung","Google","Ordem alfabética","k","celular samsung koerich","pt","br","70","0.06"
153,"Celular Samsung","Google","Ordem alfabética","k","celular samsung k10","pt","br","50","0.1"
154,"Celular Samsung","Google","Ordem alfabética","k","celular samsung kalunga","pt","br","0","-"
155,"Celular Samsung","Google","Ordem alfabética","k","celular samsung k9","pt","br","0","-"
156,"Celular Samsung","Google","Ordem alfabética","k","celular samsung k12","pt","br","0","-"
157,"Celular Samsung","Google","Ordem alfabética","k","celular samsung keystone 2","pt","br","0","-"
158,"Celular Samsung","Google","Ordem alfabética","k","celular samsung k22","pt","br","0","-"
159,"Celular Samsung","Google","Ordem alfabética","k","celular samsung keystone","pt","br","0","-"
160,"Celular Samsung","Google","Ordem alfabética","k","celular samsung k11","pt","br","0","-"
161,"Celular Samsung","Google","Ordem alfabética","k","celular samsung k41s","pt","br","0","-"
162,"Celular Samsung","Google","Ordem alfabética","k","celular samsung k52","pt","br","0","-"
163,"Celular Samsung","Google","Ordem alfabética","k","celular samsung knox","pt","br","0","-"
164,"Celular Samsung","Google","Ordem alfabética","k","celular samsung keystone 3","pt","br","0","-"
165,"Celular Samsung","Google","Ordem alfabética","k","celular samsung kids","pt","br","0","-"
166,"Celular Samsung","Google","Ordem alfabética","l","celular samsung lançamento","pt","br","9.9K","0.19"
167,"Celular Samsung","Google","Ordem alfabética","l","celular samsung linha s","pt","br","4.4K","0.24"
168,"Celular Samsung","Google","Ordem alfabética","l","celular samsung lojas cem","pt","br","2.4K","0.12"
169,"Celular Samsung","Google","Ordem alfabética","l","celular samsung lojas americanas","pt","br","0","-"
170,"Celular Samsung","Google","Ordem alfabética","l","celular samsung linha a","pt","br","0","-"
171,"Celular Samsung","Google","Ordem alfabética","l","celular samsung lançamento 2026","pt","br","0","-"
172,"Celular Samsung","Google","Ordem alfabética","l","celular samsung linha m","pt","br","0","-"
173,"Celular Samsung","Google","Ordem alfabética","l","celular samsung linha a qual o melhor","pt","br","0","-"
174,"Celular Samsung","Google","Ordem alfabética","l","celular samsung lento o que fazer","pt","br","0","-"
175,"Celular Samsung","Google","Ordem alfabética","l","celular samsung linha s qual o melhor","pt","br","0","-"
176,"Celular Samsung","Google","Ordem alfabética","l","celular samsung linha s mais barato","pt","br","0","-"
177,"Celular Samsung","Google","Ordem alfabética","l","celular samsung linha a mais recente","pt","br","0","-"
178,"Celular Samsung","Google","Ordem alfabética","l","celular samsung linha m qual o melhor","pt","br","0","-"
179,"Celular Samsung","Google","Ordem alfabética","l","celular samsung lançamento 2026 linha a","pt","br","0","-"
180,"Celular Samsung","Google","Ordem alfabética","l","celular samsung linha a melhor custo beneficio","pt","br","0","-"
181,"Celular Samsung","Google","Ordem alfabética","m","celular samsung melhor","pt","br","27.1K","0.06"
182,"Celular Samsung","Google","Ordem alfabética","m","celular samsung magazine luiza","pt","br","3.6K","0.19"
183,"Celular Samsung","Google","Ordem alfabética","m","celular samsung mais barato","pt","br","3.6K","0.33"
184,"Celular Samsung","Google","Ordem alfabética","m","celular samsung melhor custo benefício","pt","br","0","-"
185,"Celular Samsung","Google","Ordem alfabética","m","celular samsung mercado livre","pt","br","0","-"
186,"Celular Samsung","Google","Ordem alfabética","m","celular samsung m55","pt","br","0","-"
187,"Celular Samsung","Google","Ordem alfabética","m","celular samsung mais caro","pt","br","0","-"
188,"Celular Samsung","Google","Ordem alfabética","m","celular samsung m53","pt","br","0","-"
189,"Celular Samsung","Google","Ordem alfabética","m","celular samsung mais novo","pt","br","0","-"
190,"Celular Samsung","Google","Ordem alfabética","m","celular samsung m54","pt","br","0","-"
191,"Celular Samsung","Google","Ordem alfabética","m","celular samsung m23","pt","br","0","-"
192,"Celular Samsung","Google","Ordem alfabética","m","celular samsung modelo novo","pt","br","0","-"
193,"Celular Samsung","Google","Ordem alfabética","m","celular samsung mais barato e bom","pt","br","0","-"
194,"Celular Samsung","Google","Ordem alfabética","m","celular samsung mostra que está carregando mas não carrega","pt","br","0","-"
195,"Celular Samsung","Google","Ordem alfabética","m","celular samsung melhor custo benefício 2026","pt","br","0","-"
196,"Celular Samsung","Google","Ordem alfabética","n","celular samsung novo","pt","br","12.1K","0.29"
197,"Celular Samsung","Google","Ordem alfabética","n","celular samsung na magazine luiza","pt","br","5.4K","0.13"
198,"Celular Samsung","Google","Ordem alfabética","n","celular samsung na promoção","pt","br","4.4K","0.4"
199,"Celular Samsung","Google","Ordem alfabética","n","celular samsung não carrega","pt","br","0","-"
200,"Celular Samsung","Google","Ordem alfabética","n","celular samsung não liga","pt","br","0","-"
201,"Celular Samsung","Google","Ordem alfabética","n","celular samsung no mercadolivre","pt","br","0","-"
202,"Celular Samsung","Google","Ordem alfabética","n","celular samsung note","pt","br","0","-"
203,"Celular Samsung","Google","Ordem alfabética","n","celular samsung nas casas bahia","pt","br","0","-"
204,"Celular Samsung","Google","Ordem alfabética","n","celular samsung nfc","pt","br","0","-"
205,"Celular Samsung","Google","Ordem alfabética","n","celular samsung novo lançamento","pt","br","0","-"
206,"Celular Samsung","Google","Ordem alfabética","n","celular samsung não liga tela preta","pt","br","0","-"
207,"Celular Samsung","Google","Ordem alfabética","n","celular samsung note 20 ultra","pt","br","0","-"
208,"Celular Samsung","Google","Ordem alfabética","n","celular samsung na shopee","pt","br","0","-"
209,"Celular Samsung","Google","Ordem alfabética","n","celular samsung não carrega o que fazer","pt","br","0","-"
210,"Celular Samsung","Google","Ordem alfabética","n","celular samsung não carrega nem liga","pt","br","0","-"
211,"Celular Samsung","Google","Ordem alfabética","o","celular samsung o melhor","pt","br","12.1K","0.14"
212,"Celular Samsung","Google","Ordem alfabética","o","celular samsung o mais novo","pt","br","720","0.24"
213,"Celular Samsung","Google","Ordem alfabética","o","celular samsung oferta","pt","br","720","0.26"
214,"Celular Samsung","Google","Ordem alfabética","o","celular samsung ou motorola","pt","br","0","-"
215,"Celular Samsung","Google","Ordem alfabética","o","celular samsung olx","pt","br","0","-"
216,"Celular Samsung","Google","Ordem alfabética","o","celular samsung olho azul","pt","br","0","-"
217,"Celular Samsung","Google","Ordem alfabética","o","celular samsung ou xiaomi","pt","br","0","-"
218,"Celular Samsung","Google","Ordem alfabética","o","celular samsung original","pt","br","0","-"
219,"Celular Samsung","Google","Ordem alfabética","o","celular samsung ou motorola qual o melhor","pt","br","0","-"
220,"Celular Samsung","Google","Ordem alfabética","o","celular samsung olho azul antigo","pt","br","0","-"
221,"Celular Samsung","Google","Ordem alfabética","o","celular samsung o novo","pt","br","0","-"
222,"Celular Samsung","Google","Ordem alfabética","o","celular samsung otimo custo beneficio","pt","br","0","-"
223,"Celular Samsung","Google","Ordem alfabética","o","celular samsung ou iphone","pt","br","0","-"
224,"Celular Samsung","Google","Ordem alfabética","o","celular samsung oppo","pt","br","0","-"
225,"Celular Samsung","Google","Ordem alfabética","o","celular samsung o melhor 2026","pt","br","0","-"
226,"Celular Samsung","Google","Ordem alfabética","p","celular samsung preço","pt","br","12.1K","0.16"
227,"Celular Samsung","Google","Ordem alfabética","p","celular samsung promoção","pt","br","9.9K","0.35"
228,"Celular Samsung","Google","Ordem alfabética","p","celular samsung pequeno","pt","br","2.9K","0.18"
229,"Celular Samsung","Google","Ordem alfabética","p","celular samsung pocket","pt","br","0","-"
230,"Celular Samsung","Google","Ordem alfabética","p","celular samsung promoção magazine luiza","pt","br","0","-"
231,"Celular Samsung","Google","Ordem alfabética","p","celular samsung para idoso","pt","br","0","-"
232,"Celular Samsung","Google","Ordem alfabética","p","celular samsung para jogos","pt","br","0","-"
233,"Celular Samsung","Google","Ordem alfabética","p","celular samsung pequeno antigo","pt","br","0","-"
234,"Celular Samsung","Google","Ordem alfabética","p","celular samsung pequeno novo","pt","br","0","-"
235,"Celular Samsung","Google","Ordem alfabética","p","celular samsung piscando a tela e não liga","pt","br","0","-"
236,"Celular Samsung","Google","Ordem alfabética","p","celular samsung promoção dia das mães","pt","br","0","-"
237,"Celular Samsung","Google","Ordem alfabética","p","celular samsung parou de funcionar o touch","pt","br","0","-"
238,"Celular Samsung","Google","Ordem alfabética","p","celular samsung parou de carregar do nada","pt","br","0","-"
239,"Celular Samsung","Google","Ordem alfabética","p","celular samsung pedindo senha de 4 digitos","pt","br","0","-"
240,"Celular Samsung","Google","Ordem alfabética","p","celular samsung para comprar em 2026","pt","br","0","-"
241,"Celular Samsung","Google","Ordem alfabética","q","celular samsung que dobra","pt","br","2.4K","0.11"
242,"Celular Samsung","Google","Ordem alfabética","q","celular samsung que abre e fecha","pt","br","1.0K","0.11"
243,"Celular Samsung","Google","Ordem alfabética","q","celular samsung que dobra no meio","pt","br","480","0.12"
244,"Celular Samsung","Google","Ordem alfabética","q","celular samsung quadrado","pt","br","0","-"
245,"Celular Samsung","Google","Ordem alfabética","q","celular samsung que carrega por indução","pt","br","0","-"
246,"Celular Samsung","Google","Ordem alfabética","q","celular samsung que parece iphone","pt","br","0","-"
247,"Celular Samsung","Google","Ordem alfabética","q","celular samsung qual o melhor custo beneficio","pt","br","0","-"
248,"Celular Samsung","Google","Ordem alfabética","q","celular samsung que abre no meio","pt","br","0","-"
249,"Celular Samsung","Google","Ordem alfabética","q","celular samsung que fecha no meio","pt","br","0","-"
250,"Celular Samsung","Google","Ordem alfabética","q","celular samsung qual é o melhor","pt","br","0","-"
251,"Celular Samsung","Google","Ordem alfabética","q","celular samsung que vem com caneta","pt","br","0","-"
252,"Celular Samsung","Google","Ordem alfabética","q","celular samsung qual o melhor da linha a","pt","br","0","-"
253,"Celular Samsung","Google","Ordem alfabética","q","celular samsung que seja bom e barato","pt","br","0","-"
254,"Celular Samsung","Google","Ordem alfabética","q","celular samsung qual o mais atual","pt","br","0","-"
255,"Celular Samsung","Google","Ordem alfabética","q","celular samsung que vale a pena em 2026","pt","br","0","-"
256,"Celular Samsung","Google","Ordem alfabética","r","celular samsung rosa","pt","br","1.9K","0.16"
257,"Celular Samsung","Google","Ordem alfabética","r","celular samsung roxo","pt","br","590","0.17"
258,"Celular Samsung","Google","Ordem alfabética","r","celular samsung rosa antigo","pt","br","480","0.11"
259,"Celular Samsung","Google","Ordem alfabética","r","celular samsung retirar na loja","pt","br","0","-"
260,"Celular Samsung","Google","Ordem alfabética","r","celular samsung reiniciando sozinho","pt","br","0","-"
261,"Celular Samsung","Google","Ordem alfabética","r","celular samsung resistente a agua","pt","br","0","-"
262,"Celular Samsung","Google","Ordem alfabética","r","celular samsung riachuelo","pt","br","0","-"
263,"Celular Samsung","Google","Ordem alfabética","r","celular samsung redmi","pt","br","0","-"
264,"Celular Samsung","Google","Ordem alfabética","r","celular samsung resistente à água e queda","pt","br","0","-"
265,"Celular Samsung","Google","Ordem alfabética","r","celular samsung resistente a queda","pt","br","0","-"
266,"Celular Samsung","Google","Ordem alfabética","r","celular samsung recente","pt","br","0","-"
267,"Celular Samsung","Google","Ordem alfabética","r","celular samsung retirar hoje","pt","br","0","-"
268,"Celular Samsung","Google","Ordem alfabética","r","celular samsung roxo antigo","pt","br","0","-"
269,"Celular Samsung","Google","Ordem alfabética","r","celular samsung recondicionado","pt","br","0","-"
270,"Celular Samsung","Google","Ordem alfabética","r","celular samsung retirar na loja hoje","pt","br","0","-"
271,"Celular Samsung","Google","Ordem alfabética","s","celular samsung s23","pt","br","33.1K","0.22"
272,"Celular Samsung","Google","Ordem alfabética","s","celular samsung s24","pt","br","33.1K","0.3"
273,"Celular Samsung","Google","Ordem alfabética","s","celular samsung s25","pt","br","22.2K","0.54"
274,"Celular Samsung","Google","Ordem alfabética","s","celular samsung s24 ultra","pt","br","0","-"
275,"Celular Samsung","Google","Ordem alfabética","s","celular samsung s25 ultra","pt","br","0","-"
276,"Celular Samsung","Google","Ordem alfabética","s","celular samsung s22","pt","br","0","-"
277,"Celular Samsung","Google","Ordem alfabética","s","celular samsung s23 ultra","pt","br","0","-"
278,"Celular Samsung","Google","Ordem alfabética","s","celular samsung s25 fe","pt","br","0","-"
279,"Celular Samsung","Google","Ordem alfabética","s","celular samsung s20","pt","br","0","-"
280,"Celular Samsung","Google","Ordem alfabética","s","celular samsung s24 fe","pt","br","0","-"
281,"Celular Samsung","Google","Ordem alfabética","s","celular samsung s21","pt","br","0","-"
282,"Celular Samsung","Google","Ordem alfabética","s","celular samsung s26 ultra","pt","br","0","-"
283,"Celular Samsung","Google","Ordem alfabética","s","celular samsung s26","pt","br","0","-"
284,"Celular Samsung","Google","Ordem alfabética","s","celular samsung s25 256gb","pt","br","0","-"
285,"Celular Samsung","Google","Ordem alfabética","s","celular samsung s25 fe 256gb","pt","br","0","-"
286,"Celular Samsung","Google","Ordem alfabética","t","celular samsung top de linha","pt","br","1.3K","0.22"
287,"Celular Samsung","Google","Ordem alfabética","t","celular samsung tela curva","pt","br","480","0.1"
288,"Celular Samsung","Google","Ordem alfabética","t","celular samsung tela grande","pt","br","480","0.32"
289,"Celular Samsung","Google","Ordem alfabética","t","celular samsung travou a tela","pt","br","0","-"
290,"Celular Samsung","Google","Ordem alfabética","t","celular samsung top","pt","br","0","-"
291,"Celular Samsung","Google","Ordem alfabética","t","celular samsung travando","pt","br","0","-"
292,"Celular Samsung","Google","Ordem alfabética","t","celular samsung tela pequena","pt","br","0","-"
293,"Celular Samsung","Google","Ordem alfabética","t","celular samsung tela infinita","pt","br","0","-"
294,"Celular Samsung","Google","Ordem alfabética","t","celular samsung travou a tela o que fazer","pt","br","0","-"
295,"Celular Samsung","Google","Ordem alfabética","t","celular samsung travou na tela inicial","pt","br","0","-"
296,"Celular Samsung","Google","Ordem alfabética","t","celular samsung tim","pt","br","0","-"
297,"Celular Samsung","Google","Ordem alfabética","t","celular samsung travando o que fazer","pt","br","0","-"
298,"Celular Samsung","Google","Ordem alfabética","t","celular samsung tem infravermelho","pt","br","0","-"
299,"Celular Samsung","Google","Ordem alfabética","t","celular samsung tem nfc","pt","br","0","-"
300,"Celular Samsung","Google","Ordem alfabética","t","celular samsung top de linha 2026","pt","br","0","-"
301,"Celular Samsung","Google","Ordem alfabética","u","celular samsung ultimo lançamento","pt","br","1.6K","0.22"
302,"Celular Samsung","Google","Ordem alfabética","u","celular samsung usado","pt","br","1.0K","0.15"
303,"Celular Samsung","Google","Ordem alfabética","u","celular samsung ultra","pt","br","1.0K","0.26"
304,"Celular Samsung","Google","Ordem alfabética","u","celular samsung ultima geração","pt","br","0","-"
305,"Celular Samsung","Google","Ordem alfabética","u","celular samsung ultra s25","pt","br","0","-"
306,"Celular Samsung","Google","Ordem alfabética","u","celular samsung usado barato","pt","br","0","-"
307,"Celular Samsung","Google","Ordem alfabética","u","celular samsung ultra s23","pt","br","0","-"
308,"Celular Samsung","Google","Ordem alfabética","u","celular samsung ultra s24","pt","br","0","-"
309,"Celular Samsung","Google","Ordem alfabética","u","celular samsung usado preço","pt","br","0","-"
310,"Celular Samsung","Google","Ordem alfabética","u","celular samsung ultra 25","pt","br","0","-"
311,"Celular Samsung","Google","Ordem alfabética","u","celular samsung ultimo lançamento 2026","pt","br","0","-"
312,"Celular Samsung","Google","Ordem alfabética","u","celular samsung ultra 26","pt","br","0","-"
313,"Celular Samsung","Google","Ordem alfabética","u","celular samsung ultra s26","pt","br","0","-"
314,"Celular Samsung","Google","Ordem alfabética","u","celular samsung ultima geração 2026","pt","br","0","-"
315,"Celular Samsung","Google","Ordem alfabética","v","celular samsung valor","pt","br","1.6K","0.22"
316,"Celular Samsung","Google","Ordem alfabética","v","celular samsung vermelho","pt","br","480","0.12"
317,"Celular Samsung","Google","Ordem alfabética","v","celular samsung verde","pt","br","320","0.22"
318,"Celular Samsung","Google","Ordem alfabética","v","celular samsung vivo","pt","br","0","-"
319,"Celular Samsung","Google","Ordem alfabética","v","celular samsung vermelho antigo","pt","br","0","-"
320,"Celular Samsung","Google","Ordem alfabética","v","celular samsung violeta","pt","br","0","-"
321,"Celular Samsung","Google","Ordem alfabética","v","celular samsung velho","pt","br","0","-"
322,"Celular Samsung","Google","Ordem alfabética","v","celular samsung verde agua","pt","br","0","-"
323,"Celular Samsung","Google","Ordem alfabética","v","celular samsung vem com carregador","pt","br","0","-"
324,"Celular Samsung","Google","Ordem alfabética","v","celular samsung vira tablet","pt","br","0","-"
325,"Celular Samsung","Google","Ordem alfabética","v","celular samsung vem com fone de ouvido","pt","br","0","-"
326,"Celular Samsung","Google","Ordem alfabética","v","celular samsung vivo controle","pt","br","0","-"
327,"Celular Samsung","Google","Ordem alfabética","v","celular samsung vermelho abre e fecha","pt","br","0","-"
328,"Celular Samsung","Google","Ordem alfabética","v","celular samsung venda","pt","br","0","-"
329,"Celular Samsung","Google","Ordem alfabética","v","celular samsung vibra e nao liga","pt","br","0","-"
330,"Celular Samsung","Google","Ordem alfabética","w","celular samsung win","pt","br","30","-"
331,"Celular Samsung","Google","Ordem alfabética","w","celular samsung windows","pt","br","20","-"
332,"Celular Samsung","Google","Ordem alfabética","w","celular samsung wifi 6","pt","br","10","0.89"
333,"Celular Samsung","Google","Ordem alfabética","w","celular samsung windows phone","pt","br","0","-"
334,"Celular Samsung","Google","Ordem alfabética","w","celular samsung watch","pt","br","0","-"
335,"Celular Samsung","Google","Ordem alfabética","w","celular samsung whatsapp","pt","br","0","-"
336,"Celular Samsung","Google","Ordem alfabética","w","celular samsung wikipedia","pt","br","0","-"
337,"Celular Samsung","Google","Ordem alfabética","w","celular samsung wave","pt","br","0","-"
338,"Celular Samsung","Google","Ordem alfabética","w","celular samsung win 2 duos tv cinza","pt","br","0","-"
339,"Celular Samsung","Google","Ordem alfabética","w","celular samsung wifi 7","pt","br","0","-"
340,"Celular Samsung","Google","Ordem alfabética","w","celular samsung wifi nao funciona","pt","br","0","-"
341,"Celular Samsung","Google","Ordem alfabética","w","celular samsung w2019","pt","br","0","-"
342,"Celular Samsung","Google","Ordem alfabética","w","celular samsung with galaxy","pt","br","0","-"
343,"Celular Samsung","Google","Ordem alfabética","w","celular samsung watch8","pt","br","0","-"
344,"Celular Samsung","Google","Ordem alfabética","w","celular samsung watch 7","pt","br","0","-"
345,"Celular Samsung","Google","Ordem alfabética","x","celular samsung xiaomi","pt","br","170","0.2"
346,"Celular Samsung","Google","Ordem alfabética","x","celular samsung xcover pro","pt","br","50","0.14"
347,"Celular Samsung","Google","Ordem alfabética","x","celular samsung x motorola","pt","br","40","0.04"
348,"Celular Samsung","Google","Ordem alfabética","x","celular samsung x480","pt","br","0","-"
349,"Celular Samsung","Google","Ordem alfabética","x","celular samsung x xiaomi","pt","br","0","-"
350,"Celular Samsung","Google","Ordem alfabética","x","celular samsung x iphone","pt","br","0","-"
351,"Celular Samsung","Google","Ordem alfabética","x","celular samsung xcover","pt","br","0","-"
352,"Celular Samsung","Google","Ordem alfabética","x","celular samsung xcover 7","pt","br","0","-"
353,"Celular Samsung","Google","Ordem alfabética","x","celular samsung x660","pt","br","0","-"
354,"Celular Samsung","Google","Ordem alfabética","x","celular samsung xr","pt","br","0","-"
355,"Celular Samsung","Google","Ordem alfabética","x","celular samsung x830","pt","br","0","-"
356,"Celular Samsung","Google","Ordem alfabética","x","celular samsung xcover 7 pro","pt","br","0","-"
357,"Celular Samsung","Google","Ordem alfabética","x","celular samsung xiaomi 13","pt","br","0","-"
358,"Celular Samsung","Google","Ordem alfabética","x","celular samsung xiaomi 14","pt","br","0","-"
359,"Celular Samsung","Google","Ordem alfabética","x","celular samsung xs","pt","br","0","-"
360,"Celular Samsung","Google","Ordem alfabética","y","celular samsung young 2","pt","br","140","-"
361,"Celular Samsung","Google","Ordem alfabética","y","celular samsung young","pt","br","30","-"
362,"Celular Samsung","Google","Ordem alfabética","y","celular samsung yateley gu46 6gg uk","pt","br","10","-"
363,"Celular Samsung","Google","Ordem alfabética","y","celular samsung y6","pt","br","0","-"
364,"Celular Samsung","Google","Ordem alfabética","y","celular samsung y9","pt","br","0","-"
365,"Celular Samsung","Google","Ordem alfabética","y","celular samsung youtube","pt","br","0","-"
366,"Celular Samsung","Google","Ordem alfabética","y","celular samsung yoongi","pt","br","0","-"
367,"Celular Samsung","Google","Ordem alfabética","y","celular samsung y tablet","pt","br","0","-"
368,"Celular Samsung","Google","Ordem alfabética","y","celular samsung y2k","pt","br","0","-"
369,"Celular Samsung","Google","Ordem alfabética","y","celular samsung y precio","pt","br","0","-"
370,"Celular Samsung","Google","Ordem alfabética","y","celular samsung y reloj","pt","br","0","-"
371,"Celular Samsung","Google","Ordem alfabética","y","celular samsung y smartwatch","pt","br","0","-"
372,"Celular Samsung","Google","Ordem alfabética","y","celular samsung y iphone","pt","br","0","-"
373,"Celular Samsung","Google","Ordem alfabética","y","celular samsung ya no prende","pt","br","0","-"
374,"Celular Samsung","Google","Ordem alfabética","y","celular samsung y motorola","pt","br","0","-"
375,"Celular Samsung","Google","Ordem alfabética","z","celular samsung z flip","pt","br","1.3K","0.15"
376,"Celular Samsung","Google","Ordem alfabética","z","celular samsung z fold 7","pt","br","480","0.28"
377,"Celular Samsung","Google","Ordem alfabética","z","celular samsung z flip 7","pt","br","390","0.24"
378,"Celular Samsung","Google","Ordem alfabética","z","celular samsung z fold 6","pt","br","0","-"
379,"Celular Samsung","Google","Ordem alfabética","z","celular samsung z fold","pt","br","0","-"
380,"Celular Samsung","Google","Ordem alfabética","z","celular samsung zoom","pt","br","0","-"
381,"Celular Samsung","Google","Ordem alfabética","z","celular samsung z flip 6","pt","br","0","-"
382,"Celular Samsung","Google","Ordem alfabética","z","celular samsung z flip 5","pt","br","0","-"
383,"Celular Samsung","Google","Ordem alfabética","z","celular samsung z fold 5","pt","br","0","-"
384,"Celular Samsung","Google","Ordem alfabética","z","celular samsung z flip 3","pt","br","0","-"
385,"Celular Samsung","Google","Ordem alfabética","z","celular samsung z flip 7 fe","pt","br","0","-"
386,"Celular Samsung","Google","Ordem alfabética","z","celular samsung z fold 8","pt","br","0","-"
387,"Celular Samsung","Google","Ordem alfabética","z","celular samsung z flip 8","pt","br","0","-"
388,"Celular Samsung","Google","Ordem alfabética","z","celular samsung z flip 7 é bom","pt","br","0","-"
389,"Celular Samsung","Google","Ordem alfabética","z","celular samsung z flip é bom","pt","br","0","-"
390,"Celular Samsung","Google","Comparações","e","celular samsung bom e barato","pt","br","8.1K","0.29"
391,"Celular Samsung","Google","Comparações","e","celular samsung abre e fecha","pt","br","1.6K","0.11"
392,"Celular Samsung","Google","Comparações","e","celular samsung bom e barato 2025","pt","br","0","-"
393,"Celular Samsung","Google","Comparações","e","celular samsung bom e barato 256gb","pt","br","0","-"
394,"Celular Samsung","Google","Comparações","e","celular samsung bom e barato 2026","pt","br","0","-"
395,"Celular Samsung","Google","Comparações","e","celular samsung e iphone","pt","br","0","-"
396,"Celular Samsung","Google","Comparações","e","celular samsung e motorola","pt","br","0","-"
397,"Celular Samsung","Google","Comparações","e","celular samsung e iphone juntos","pt","br","0","-"
398,"Celular Samsung","Google","Comparações","e","celular samsung e motorola qual o melhor","pt","br","0","-"
399,"Celular Samsung","Google","Comparações","e","celular samsung e xiaomi","pt","br","0","-"
400,"Celular Samsung","Google","Comparações","ou","celular samsung ou motorola","pt","br","390","0.33"
401,"Celular Samsung","Google","Comparações","ou","celular samsung ou xiaomi","pt","br","110","0.06"
402,"Celular Samsung","Google","Comparações","ou","celular samsung ou motorola qual o melhor","pt","br","70","0.07"
403,"Celular Samsung","Google","Comparações","ou","celular samsung ou xiaomi qual o melhor","pt","br","0","-"
404,"Celular Samsung","Google","Comparações","ou","celular samsung ou iphone","pt","br","0","-"
405,"Celular Samsung","Google","Comparações","ou","celular samsung ou lg","pt","br","0","-"
406,"Celular Samsung","Google","Comparações","ou","celular samsung ou motorola 2025","pt","br","0","-"
407,"Celular Samsung","Google","Comparações","ou","celular samsung ou moto g","pt","br","0","-"
408,"Celular Samsung","Google","Comparações","ou","celular samsung ou iphone qual o melhor","pt","br","0","-"
409,"Celular Samsung","Google","Comparações","ou","celular samsung ou realme","pt","br","0","-"
410,"Celular Samsung","Google","Comparações","ou","celular samsung ou moto g qual o melhor","pt","br","0","-"
411,"Celular Samsung","Google","Comparações","ou","celular samsung ou redmi","pt","br","0","-"
412,"Celular Samsung","Google","Comparações","ou","celular samsung ou motorola barato","pt","br","0","-"
413,"Celular Samsung","Google","Comparações","ou","celular samsung ou poco","pt","br","0","-"
414,"Celular Samsung","Google","Comparações","ou","celular samsung ou motorola bom e barato","pt","br","0","-"
415,"Celular Samsung","Google","Comparações","versus","celular samsung versus motorola","pt","br","0","-"
416,"Celular Samsung","Google","Comparações","versus","celular samsung versus iphone","pt","br","0","-"
417,"Celular Samsung","Google","Comparações","versus","celular xiaomi versus samsung","pt","br","0","-"
418,"Celular Samsung","Google","Comparações","versus","celular honor versus samsung","pt","br","0","-"
419,"Celular Samsung","Google","Comparações","vs","celular samsung a55 vs a56","pt","br","10","-"
420,"Celular Samsung","Google","Comparações","vs","celular samsung vs motorola","pt","br","10","0.02"
421,"Celular Samsung","Google","Comparações","vs","celular samsung vs xiaomi","pt","br","10","0.04"
422,"Celular Samsung","Google","Comparações","vs","celular samsung a15 vs a16","pt","br","0","-"
423,"Celular Samsung","Google","Comparações","vs","celular samsung a07 vs a17","pt","br","0","-"
424,"Celular Samsung","Google","Comparações","vs","celular samsung vs oppo","pt","br","0","-"
425,"Celular Samsung","Google","Comparações","vs","celular samsung vs apple","pt","br","0","-"
426,"Celular Samsung","Google","Comparações","vs","celular samsung vs","pt","br","0","-"
427,"Celular Samsung","Google","Comparações","vs","celular samsung a36 vs a56","pt","br","0","-"
428,"Celular Samsung","Google","Comparações","vs","celular samsung a26 vs a36","pt","br","0","-"
429,"Celular Samsung","Google","Comparações","vs","celular samsung a17 vs a26","pt","br","0","-"
430,"Celular Samsung","Google","Comparações","vs","celular samsung a17 vs a16","pt","br","0","-"
431,"Celular Samsung","Google","Comparações","vs","celular samsung a16 vs a26","pt","br","0","-"
432,"Celular Samsung","Google","Comparações","vs","celular samsung a56 vs s24 fe","pt","br","0","-"
433,"Celular Samsung","Google","Comparações","vs","celular samsung s25 vs s24","pt","br","0","-"
434,"Celular Samsung","Google","Números","0","celular samsung 06","pt","br","14.8K","0.16"
435,"Celular Samsung","Google","Números","0","celular samsung 05","pt","br","6.6K","0.12"
436,"Celular Samsung","Google","Números","0","celular samsung 05s","pt","br","210","0.16"
437,"Celular Samsung","Google","Números","0","celular samsung 07","pt","br","0","-"
438,"Celular Samsung","Google","Números","0","celular samsung 03","pt","br","0","-"
439,"Celular Samsung","Google","Números","0","celular samsung 015","pt","br","0","-"
440,"Celular Samsung","Google","Números","0","celular samsung 02","pt","br","0","-"
441,"Celular Samsung","Google","Números","0","celular samsung 017","pt","br","0","-"
442,"Celular Samsung","Google","Números","0","celular samsung 06 é bom","pt","br","0","-"
443,"Celular Samsung","Google","Números","0","celular samsung 056","pt","br","0","-"
444,"Celular Samsung","Google","Números","1","celular samsung 128gb","pt","br","5.4K","0.57"
445,"Celular Samsung","Google","Números","1","celular samsung 128gb 5g promoção","pt","br","880","0.34"
446,"Celular Samsung","Google","Números","1","celular samsung 16","pt","br","590","0.39"
447,"Celular Samsung","Google","Números","1","celular samsung 128gb 8gb ram","pt","br","0","-"
448,"Celular Samsung","Google","Números","1","celular samsung 15","pt","br","0","-"
449,"Celular Samsung","Google","Números","1","celular samsung 17","pt","br","0","-"
450,"Celular Samsung","Google","Números","1","celular samsung 128gb 5g","pt","br","0","-"
451,"Celular Samsung","Google","Números","1","celular samsung 12gb ram","pt","br","0","-"
452,"Celular Samsung","Google","Números","1","celular samsung 16gb ram","pt","br","0","-"
453,"Celular Samsung","Google","Números","1","celular samsung 128","pt","br","0","-"
454,"Celular Samsung","Google","Números","1","celular samsung 14","pt","br","0","-"
455,"Celular Samsung","Google","Números","1","celular samsung 128gb 6gb ram","pt","br","0","-"
456,"Celular Samsung","Google","Números","1","celular samsung 1000 reais","pt","br","0","-"
457,"Celular Samsung","Google","Números","1","celular samsung 1tb","pt","br","0","-"
458,"Celular Samsung","Google","Números","1","celular samsung 1 tera","pt","br","0","-"
459,"Celular Samsung","Google","Números","2","celular samsung 256gb","pt","br","33.1K","0.56"
460,"Celular Samsung","Google","Números","2","celular samsung 2025","pt","br","6.6K","0.23"
461,"Celular Samsung","Google","Números","2","celular samsung 256gb 8gb ram","pt","br","2.9K","0.47"
462,"Celular Samsung","Google","Números","2","celular samsung 2026","pt","br","0","-"
463,"Celular Samsung","Google","Números","2","celular samsung 256gb 16gb ram","pt","br","0","-"
464,"Celular Samsung","Google","Números","2","celular samsung 256gb preço","pt","br","0","-"
465,"Celular Samsung","Google","Números","2","celular samsung 256gb 5g","pt","br","0","-"
466,"Celular Samsung","Google","Números","2","celular samsung 256gb promoção","pt","br","0","-"
467,"Celular Samsung","Google","Números","2","celular samsung 256gb 12gb ram","pt","br","0","-"
468,"Celular Samsung","Google","Números","2","celular samsung 256gb a56","pt","br","0","-"
469,"Celular Samsung","Google","Números","2","celular samsung 256gb 8gb ram 5g","pt","br","0","-"
470,"Celular Samsung","Google","Números","2","celular samsung 26","pt","br","0","-"
471,"Celular Samsung","Google","Números","2","celular samsung 26 ultra","pt","br","0","-"
472,"Celular Samsung","Google","Números","2","celular samsung 256gb 16gb ram 5g","pt","br","0","-"
473,"Celular Samsung","Google","Números","2","celular samsung 256gb bom e barato","pt","br","0","-"
474,"Celular Samsung","Google","Números","3","celular samsung 3 cameras","pt","br","880","0.19"
475,"Celular Samsung","Google","Números","3","celular samsung 35","pt","br","320","0.16"
476,"Celular Samsung","Google","Números","3","celular samsung 36","pt","br","210","0.19"
477,"Celular Samsung","Google","Números","3","celular samsung 32","pt","br","0","-"
478,"Celular Samsung","Google","Números","3","celular samsung 32 gb","pt","br","0","-"
479,"Celular Samsung","Google","Números","3","celular samsung 300 reais","pt","br","0","-"
480,"Celular Samsung","Google","Números","3","celular samsung 3 cameras azul","pt","br","0","-"
481,"Celular Samsung","Google","Números","3","celular samsung 30s","pt","br","0","-"
482,"Celular Samsung","Google","Números","3","celular samsung 34","pt","br","0","-"
483,"Celular Samsung","Google","Números","3","celular samsung 3 telas","pt","br","0","-"
484,"Celular Samsung","Google","Números","3","celular samsung 37","pt","br","0","-"
485,"Celular Samsung","Google","Números","3","celular samsung 36 256gb","pt","br","0","-"
486,"Celular Samsung","Google","Números","3","celular samsung 3000 reais","pt","br","0","-"
487,"Celular Samsung","Google","Números","3","celular samsung 3 cameras atras","pt","br","0","-"
488,"Celular Samsung","Google","Números","3","celular samsung 36 gb","pt","br","0","-"
489,"Celular Samsung","Google","Números","4","celular samsung 4 cameras","pt","br","590","0.05"
490,"Celular Samsung","Google","Números","4","celular samsung 4g","pt","br","170","0.18"
491,"Celular Samsung","Google","Números","4","celular samsung 400 reais","pt","br","110","0.09"
492,"Celular Samsung","Google","Números","4","celular samsung 4gb ram 128gb","pt","br","0","-"
493,"Celular Samsung","Google","Números","4","celular samsung 4k","pt","br","0","-"
494,"Celular Samsung","Google","Números","4","celular samsung 4 cameras 64gb","pt","br","0","-"
495,"Celular Samsung","Google","Números","4","celular samsung 4gb ram","pt","br","0","-"
496,"Celular Samsung","Google","Números","4","celular samsung 4g mais barato","pt","br","0","-"
497,"Celular Samsung","Google","Números","4","celular samsung 4 cameras azul","pt","br","0","-"
498,"Celular Samsung","Google","Números","4","celular samsung 40","pt","br","0","-"
499,"Celular Samsung","Google","Números","4","celular samsung 4gb","pt","br","0","-"
500,"Celular Samsung","Google","Números","4","celular samsung 400","pt","br","0","-"
501,"Celular Samsung","Google","Números","4","celular samsung 4g 256gb","pt","br","0","-"
502,"Celular Samsung","Google","Números","4","celular samsung 4g é bom","pt","br","0","-"
503,"Celular Samsung","Google","Números","4","celular samsung 4 cameras 256gb","pt","br","0","-"
504,"Celular Samsung","Google","Números","5","celular samsung 5g","pt","br","5.4K","0.43"
505,"Celular Samsung","Google","Números","5","celular samsung 512gb","pt","br","2.4K","0.37"
506,"Celular Samsung","Google","Números","5","celular samsung 5g 256gb","pt","br","1.9K","0.41"
507,"Celular Samsung","Google","Números","5","celular samsung 512gb 12gb ram","pt","br","0","-"
508,"Celular Samsung","Google","Números","5","celular samsung 5g 128gb","pt","br","0","-"
509,"Celular Samsung","Google","Números","5","celular samsung 56","pt","br","0","-"
510,"Celular Samsung","Google","Números","5","celular samsung 5g 128gb 8gb ram","pt","br","0","-"
511,"Celular Samsung","Google","Números","5","celular samsung 500gb","pt","br","0","-"
512,"Celular Samsung","Google","Números","5","celular samsung 5g mais barato","pt","br","0","-"
513,"Celular Samsung","Google","Números","5","celular samsung 5g 256gb 8gb ram","pt","br","0","-"
514,"Celular Samsung","Google","Números","5","celular samsung 512gb 16gb ram","pt","br","0","-"
515,"Celular Samsung","Google","Números","5","celular samsung 5g em promoção","pt","br","0","-"
516,"Celular Samsung","Google","Números","5","celular samsung 512","pt","br","0","-"
517,"Celular Samsung","Google","Números","5","celular samsung 5g bom e barato","pt","br","0","-"
518,"Celular Samsung","Google","Números","5","celular samsung 512 gb de memória","pt","br","0","-"
519,"Celular Samsung","Google","Números","6","celular samsung 64gb","pt","br","590","0.34"
520,"Celular Samsung","Google","Números","6","celular samsung 6gb ram","pt","br","480","0.51"
521,"Celular Samsung","Google","Números","6","celular samsung 64gb mais barato","pt","br","210","0.16"
522,"Celular Samsung","Google","Números","6","celular samsung 600 reais","pt","br","0","-"
523,"Celular Samsung","Google","Números","6","celular samsung 6 ram","pt","br","0","-"
524,"Celular Samsung","Google","Números","6","celular samsung 6000mah","pt","br","0","-"
525,"Celular Samsung","Google","Números","6","celular samsung 6 polegadas","pt","br","0","-"
526,"Celular Samsung","Google","Números","6","celular samsung 64gb novo","pt","br","0","-"
527,"Celular Samsung","Google","Números","6","celular samsung 6gb ram 128gb","pt","br","0","-"
528,"Celular Samsung","Google","Números","6","celular samsung 6.1 polegadas","pt","br","0","-"
529,"Celular Samsung","Google","Números","6","celular samsung 6gb","pt","br","0","-"
530,"Celular Samsung","Google","Números","6","celular samsung 6.2 polegadas","pt","br","0","-"
531,"Celular Samsung","Google","Números","6","celular samsung 6.5 polegadas","pt","br","0","-"
532,"Celular Samsung","Google","Números","6","celular samsung 6 7 polegadas","pt","br","0","-"
533,"Celular Samsung","Google","Números","6","celular samsung 62 gb","pt","br","0","-"
534,"Celular Samsung","Google","Números","7","celular samsung 700 reais","pt","br","170","0.3"
535,"Celular Samsung","Google","Números","7","celular samsung 7000mah","pt","br","70","0.1"
536,"Celular Samsung","Google","Números","7","celular samsung 70","pt","br","30","-"
537,"Celular Samsung","Google","Números","8","celular samsung 8gb ram","pt","br","1.0K","0.59"
538,"Celular Samsung","Google","Números","8","celular samsung 8gb ram 256gb","pt","br","390","0.62"
539,"Celular Samsung","Google","Números","8","celular samsung 8 ram","pt","br","210","0.3"
540,"Celular Samsung","Google","Números","8","celular samsung 800 reais","pt","br","0","-"
541,"Celular Samsung","Google","Números","8","celular samsung 8gb","pt","br","0","-"
542,"Celular Samsung","Google","Números","8","celular samsung 8gb ram 128gb","pt","br","0","-"
543,"Celular Samsung","Google","Números","8","celular samsung 8g","pt","br","0","-"
544,"Celular Samsung","Google","Números","8","celular samsung 85","pt","br","0","-"
545,"Celular Samsung","Google","Números","8","celular samsung 80","pt","br","0","-"
546,"Celular Samsung","Google","Números","8","celular samsung 8a","pt","br","0","-"
547,"Celular Samsung","Google","Números","8","celular samsung 8s","pt","br","0","-"
548,"Celular Samsung","Google","Números","9","celular samsung 9 plus","pt","br","210","0.11"
549,"Celular Samsung","Google","Números","9","celular samsung 900 reais","pt","br","90","0.16"
550,"Celular Samsung","Google","Números","9","celular samsung 900","pt","br","10","-"
551,"Celular Samsung","Google","Números","9","celular samsung 9s","pt","br","0","-"
552,"Celular Samsung","Google","Números","9","celular samsung 9a","pt","br","0","-"
553,"Celular Samsung","Google","Números","9","celular samsung 9000","pt","br","0","-"
554,"Celular Samsung","Google","Números","9","celular samsung 999","pt","br","0","-"
555,"Celular Samsung","Google","Números","9","celular samsung 9 mil","pt","br","0","-"
556,"Celular Samsung","Google","Números","9","celular samsung 90hz","pt","br","0","-"
557,"Celular Samsung","Google","Números","9","celular samsung 999 reais","pt","br","0","-"
558,"Celular Samsung","Google","Números","9","celular samsung 95","pt","br","0","-"
559,"Celular Samsung","Google","Números","9","celular samsung 99","pt","br","0","-"
560,"Celular Samsung","Google","Números","9","celular samsung 96","pt","br","0","-"
561,"Celular Samsung","Google","Números","9","celular samsung 98","pt","br","0","-"
562,"Celular Samsung","Google","Preposições","com","celular samsung com nfc","pt","br","1.9K","0.34"
563,"Celular Samsung","Google","Preposições","com","celular samsung com caneta","pt","br","1.0K","0.15"
564,"Celular Samsung","Google","Preposições","com","celular samsung com camera boa","pt","br","1.0K","0.19"
565,"Celular Samsung","Google","Preposições","com","celular samsung com carregamento por indução","pt","br","0","-"
566,"Celular Samsung","Google","Preposições","com","celular samsung com nfc barato","pt","br","0","-"
567,"Celular Samsung","Google","Preposições","com","celular samsung com relogio","pt","br","0","-"
568,"Celular Samsung","Google","Preposições","com","celular samsung com a melhor câmera","pt","br","0","-"
569,"Celular Samsung","Google","Preposições","com","celular samsung com 256gb","pt","br","0","-"
570,"Celular Samsung","Google","Preposições","com","celular samsung com snapdragon","pt","br","0","-"
571,"Celular Samsung","Google","Preposições","com","celular samsung com esim","pt","br","0","-"
572,"Celular Samsung","Google","Preposições","com","celular samsung com melhor custo benefício","pt","br","0","-"
573,"Celular Samsung","Google","Preposições","com","celular samsung com bateria de 6000mah","pt","br","0","-"
574,"Celular Samsung","Google","Preposições","com","celular samsung com bateria de 7000mah","pt","br","0","-"
575,"Celular Samsung","Google","Preposições","com","celular samsung com nfc e 5g","pt","br","0","-"
576,"Celular Samsung","Google","Preposições","com","celular samsung com 512gb de memória","pt","br","0","-"
577,"Celular Samsung","Google","Preposições","como","celular samsung como tirar print","pt","br","0","-"
578,"Celular Samsung","Google","Preposições","como","celular samsung como formatar","pt","br","0","-"
579,"Celular Samsung","Google","Preposições","como","celular samsung bloqueado como desbloquear","pt","br","0","-"
580,"Celular Samsung","Google","Preposições","como","celular samsung como reiniciar","pt","br","0","-"
581,"Celular Samsung","Google","Preposições","como","celular samsung como desligar","pt","br","0","-"
582,"Celular Samsung","Google","Preposições","como","celular samsung como resetar","pt","br","0","-"
583,"Celular Samsung","Google","Preposições","como","celular samsung como escolher","pt","br","0","-"
584,"Celular Samsung","Google","Preposições","como","celular samsung como desbloquear","pt","br","0","-"
585,"Celular Samsung","Google","Preposições","como","celular samsung como abrir","pt","br","0","-"
586,"Celular Samsung","Google","Preposições","como","celular samsung bloqueado como resetar","pt","br","0","-"
587,"Celular Samsung","Google","Preposições","como","celular samsung como ligar","pt","br","0","-"
588,"Celular Samsung","Google","Preposições","como","celular samsung como espelhar na tv","pt","br","0","-"
589,"Celular Samsung","Google","Preposições","como","celular samsung como rastrear","pt","br","0","-"
590,"Celular Samsung","Google","Preposições","como","celular samsung como destravar","pt","br","0","-"
591,"Celular Samsung","Google","Preposições","como","celular samsung travado como reiniciar","pt","br","0","-"
592,"Celular Samsung","Google","Preposições","para","celular samsung para idoso","pt","br","390","0.28"
593,"Celular Samsung","Google","Preposições","para","celular samsung para jogos","pt","br","320","0.22"
594,"Celular Samsung","Google","Preposições","para","celular samsung para comprar","pt","br","170","0.19"
595,"Celular Samsung","Google","Preposições","para","celular samsung para idoso com whatsapp","pt","br","0","-"
596,"Celular Samsung","Google","Preposições","para","celular samsung para vender","pt","br","0","-"
597,"Celular Samsung","Google","Preposições","para","celular samsung para criança","pt","br","0","-"
598,"Celular Samsung","Google","Preposições","para","celular samsung para trabalho","pt","br","0","-"
599,"Celular Samsung","Google","Preposições","para","celular samsung para empresas","pt","br","0","-"
600,"Celular Samsung","Google","Preposições","para","celular samsung para jogos pesados","pt","br","0","-"
601,"Celular Samsung","Google","Preposições","para","celular samsung para adolescentes","pt","br","0","-"
602,"Celular Samsung","Google","Preposições","para","celular samsung para criança de 10 anos","pt","br","0","-"
603,"Celular Samsung","Google","Preposições","para","celular samsung para jogar free fire","pt","br","0","-"
604,"Celular Samsung","Google","Preposições","para","celular samsung para 2026","pt","br","0","-"
605,"Celular Samsung","Google","Preposições","para","celular samsung para comprar em 2026","pt","br","0","-"
606,"Celular Samsung","Google","Preposições","para","celular samsung para fotos e videos","pt","br","0","-"
607,"Celular Samsung","Google","Preposições","parecido com","celular samsung parecido com iphone","pt","br","170","0.09"
608,"Celular Samsung","Google","Preposições","parecido com","celular samsung parecido com s23","pt","br","0","-"
609,"Celular Samsung","Google","Preposições","parecido com","celular samsung parecido com iphone 11","pt","br","0","-"
610,"Celular Samsung","Google","Preposições","perto","conserto celular samsung perto de mim","pt","br","30","0.52"
611,"Celular Samsung","Google","Preposições","perto","celular samsung por perto","pt","br","20","0.16"
612,"Celular Samsung","Google","Preposições","perto","autorizada celular samsung perto de mim","pt","br","10","0.34"
613,"Celular Samsung","Google","Preposições","perto","celular samsung perto de mim","pt","br","0","-"
614,"Celular Samsung","Google","Preposições","perto","assistência celular samsung perto de mim","pt","br","0","-"
615,"Celular Samsung","Google","Preposições","perto","comprar celular samsung perto de mim","pt","br","0","-"
616,"Celular Samsung","Google","Preposições","perto","carregador celular samsung perto de mim","pt","br","0","-"
617,"Celular Samsung","Google","Preposições","perto","loja celular samsung perto de mim","pt","br","0","-"
618,"Celular Samsung","Google","Preposições","perto","celular samsung barato por perto","pt","br","0","-"
619,"Celular Samsung","Google","Preposições","perto","autorizada samsung celular perto de mim abertos agora","pt","br","0","-"
620,"Celular Samsung","Google","Preposições","perto","capinha de celular samsung perto de mim","pt","br","0","-"
621,"Celular Samsung","Google","Preposições","perto","celular samsung s24 por perto","pt","br","0","-"
622,"Celular Samsung","Google","Preposições","perto","trocar tela celular samsung perto de mim","pt","br","0","-"
623,"Celular Samsung","Google","Preposições","perto","celular samsung promoção por perto","pt","br","0","-"
624,"Celular Samsung","Google","Preposições","perto","celular samsung barato novo por perto","pt","br","0","-"
625,"Celular Samsung","Google","Preposições","sem","celular samsung sem som","pt","br","170","-"
626,"Celular Samsung","Google","Preposições","sem","celular samsung sem som o que fazer","pt","br","30","-"
627,"Celular Samsung","Google","Preposições","sem","celular samsung sem sinal de rede","pt","br","30","-"
628,"Celular Samsung","Google","Preposições","sem","celular samsung sem carregar","pt","br","0","-"
629,"Celular Samsung","Google","Preposições","sem","celular samsung sem som no whatsapp","pt","br","0","-"
630,"Celular Samsung","Google","Preposições","sem","celular samsung sem querer carregar","pt","br","0","-"
631,"Celular Samsung","Google","Preposições","sem","celular samsung sem rede","pt","br","0","-"
632,"Celular Samsung","Google","Preposições","sem","celular samsung sem play store","pt","br","0","-"
633,"Celular Samsung","Google","Preposições","sem","celular samsung sem sinal de gps","pt","br","0","-"
634,"Celular Samsung","Google","Preposições","sem","celular samsung sem serviço","pt","br","0","-"
635,"Celular Samsung","Google","Preposições","sem","celular samsung sem ligar","pt","br","0","-"
636,"Celular Samsung","Google","Preposições","sem","celular samsung sem touch","pt","br","0","-"
637,"Celular Samsung","Google","Preposições","sem","celular samsung sem som de chamada","pt","br","0","-"
638,"Celular Samsung","Google","Preposições","sem","celular samsung sem som de notificação","pt","br","0","-"
639,"Celular Samsung","Google","Preposições","sem","celular samsung sem conexão com a internet","pt","br","0","-"
640,"Celular Samsung","Google","Preposições","tipo","carregador celular samsung tipo c","pt","br","50","0.16"
641,"Celular Samsung","Google","Preposições","tipo","celular samsung tipo iphone","pt","br","20","-"
642,"Celular Samsung","Google","Preposições","tipo","cabo celular samsung tipo c","pt","br","20","0.13"
643,"Celular Samsung","Google","Preposições","tipo","celular samsung tipo tablet","pt","br","0","-"
644,"Celular Samsung","Google","Preposições","tipo","celular samsung tipo blackberry","pt","br","0","-"
645,"Celular Samsung","Google","Preposições","tipo","celular samsung tipo c","pt","br","0","-"
646,"Celular Samsung","Google","Preposições","tipo","celular samsung tipo a","pt","br","0","-"
647,"Celular Samsung","Google","Preposições","tipo","celular samsung tipo canivete","pt","br","0","-"
648,"Celular Samsung","Google","Preposições","tipo","celular samsung tipo livro","pt","br","0","-"
649,"Celular Samsung","Google","Preposições","tipo","carregador celular samsung tipo c original","pt","br","0","-"
650,"Celular Samsung","Google","Preposições","tipo","carregador celular samsung tipo c turbo","pt","br","0","-"
651,"Celular Samsung","Google","Preposições","tipo","celular samsung entrada tipo c","pt","br","0","-"
652,"Celular Samsung","Google","Preposições","tipo","celular samsung camera tipo iphone","pt","br","0","-"
653,"Celular Samsung","Google","Preposições","tipo","celular samsung todo tipo","pt","br","0","-"
654,"Celular Samsung","Google","Preposições","tipo","capa para celular samsung tipo carteira","pt","br","0","-"
655,"Celular Samsung","Google","Perguntas","como","como formatar celular samsung","pt","br","22.2K","0.06"
656,"Celular Samsung","Google","Perguntas","como","como resetar celular samsung","pt","br","8.1K","0.02"
657,"Celular Samsung","Google","Perguntas","como","como desligar celular samsung","pt","br","3.6K","0.01"
658,"Celular Samsung","Google","Perguntas","como","como destravar celular samsung","pt","br","0","-"
659,"Celular Samsung","Google","Perguntas","como","como desbloquear celular samsung","pt","br","0","-"
660,"Celular Samsung","Google","Perguntas","como","como restaurar celular samsung","pt","br","0","-"
661,"Celular Samsung","Google","Perguntas","como","como formatar celular samsung pela configuração","pt","br","0","-"
662,"Celular Samsung","Google","Perguntas","como","como reiniciar celular samsung","pt","br","0","-"
663,"Celular Samsung","Google","Perguntas","como","como rastrear celular samsung","pt","br","0","-"
664,"Celular Samsung","Google","Perguntas","como","como formatar celular samsung bloqueado","pt","br","0","-"
665,"Celular Samsung","Google","Perguntas","como","como desbloquear celular samsung bloqueado","pt","br","0","-"
666,"Celular Samsung","Google","Perguntas","como","como abrir celular samsung","pt","br","0","-"
667,"Celular Samsung","Google","Perguntas","como","como desligar celular samsung travado","pt","br","0","-"
668,"Celular Samsung","Google","Perguntas","como","como resetar celular samsung bloqueado","pt","br","0","-"
669,"Celular Samsung","Google","Perguntas","como","como formatar celular samsung com senha esquecida","pt","br","0","-"
670,"Celular Samsung","Google","Perguntas","é","é bom o celular samsung a07","pt","br","0","-"
671,"Celular Samsung","Google","Perguntas","é","é celular samsung","pt","br","0","-"
672,"Celular Samsung","Google","Perguntas","o que","o que é nfc no celular samsung","pt","br","480","0.49"
673,"Celular Samsung","Google","Perguntas","o que","o que fazer quando celular samsung não quer carregar","pt","br","0","-"
674,"Celular Samsung","Google","Perguntas","o que","o que fazer quando celular samsung trava a tela","pt","br","0","-"
675,"Celular Samsung","Google","Perguntas","o que","o que fazer quando o celular samsung fica com a tela preta","pt","br","0","-"
676,"Celular Samsung","Google","Perguntas","o que","o que fazer quando o celular samsung cai na água","pt","br","0","-"
677,"Celular Samsung","Google","Perguntas","o que","o que fazer quando o celular samsung está descarregando rápido","pt","br","0","-"
678,"Celular Samsung","Google","Perguntas","o que","o que significa celular samsung","pt","br","0","-"
679,"Celular Samsung","Google","Perguntas","porque","porque o celular samsung esquenta muito","pt","br","40","-"
680,"Celular Samsung","Google","Perguntas","porque","porque o celular samsung demora para carregar","pt","br","30","-"
681,"Celular Samsung","Google","Perguntas","porque","porque celular samsung trava tanto","pt","br","20","-"
682,"Celular Samsung","Google","Perguntas","porque","porque meu celular samsung não vibra mais","pt","br","0","-"
683,"Celular Samsung","Google","Perguntas","porque","porque celular samsung não conecta wifi","pt","br","0","-"
684,"Celular Samsung","Google","Perguntas","porque","porque celular samsung desliga sozinho","pt","br","0","-"
685,"Celular Samsung","Google","Perguntas","porque","porque celular samsung esquenta","pt","br","0","-"
686,"Celular Samsung","Google","Perguntas","porque","porque celular samsung trava","pt","br","0","-"
687,"Celular Samsung","Google","Perguntas","porque","porque o celular samsung trava a tela","pt","br","0","-"
688,"Celular Samsung","Google","Perguntas","porque","porque o celular samsung nao liga","pt","br","0","-"
689,"Celular Samsung","Google","Perguntas","porque","porque mi celular samsung no carga","pt","br","0","-"
690,"Celular Samsung","Google","Perguntas","porque","porque mi celular samsung","pt","br","0","-"
691,"Celular Samsung","Google","Perguntas","porque","porque mi celular samsung se calienta","pt","br","0","-"
692,"Celular Samsung","Google","Perguntas","porque","porque celular samsung nao carrega","pt","br","0","-"
693,"Celular Samsung","Google","Perguntas","porque","porque celular samsung","pt","br","0","-"
694,"Celular Samsung","Google","Perguntas","qual","qual celular samsung é melhor","pt","br","18.1K","0.17"
695,"Celular Samsung","Google","Perguntas","qual","qual celular samsung tem a melhor câmera","pt","br","260","0.28"
696,"Celular Samsung","Google","Perguntas","qual","qual celular samsung tem nfc","pt","br","140","0.31"
697,"Celular Samsung","Google","Perguntas","qual","qual celular samsung tem carregamento por indução","pt","br","0","-"
698,"Celular Samsung","Google","Perguntas","qual","qual celular samsung melhor custo beneficio","pt","br","0","-"
699,"Celular Samsung","Google","Perguntas","qual","qual celular samsung bom e barato","pt","br","0","-"
700,"Celular Samsung","Google","Perguntas","qual","qual celular samsung é a prova d'água","pt","br","0","-"
701,"Celular Samsung","Google","Perguntas","qual","qual celular samsung tem a melhor bateria","pt","br","0","-"
702,"Celular Samsung","Google","Perguntas","qual","qual celular samsung aceita cartão de memória","pt","br","0","-"
703,"Celular Samsung","Google","Perguntas","qual","qual celular samsung tem a maior tela","pt","br","0","-"
704,"Celular Samsung","Google","Perguntas","qual","qual celular samsung da linha a é melhor","pt","br","0","-"
705,"Celular Samsung","Google","Perguntas","qual","qual celular samsung melhor custo beneficio 2026","pt","br","0","-"
706,"Celular Samsung","Google","Perguntas","qual","qual celular samsung foi lançado em 2026","pt","br","0","-"
707,"Celular Samsung","Google","Perguntas","qual","qual celular samsung comprar em 2026","pt","br","0","-"
708,"Celular Samsung","Google","Perguntas","qual","qual celular samsung tem entrada para cartão de memória","pt","br","0","-"
709,"Celular Samsung","Google","Perguntas","quando","quando celular samsung não carrega","pt","br","10","-"
710,"Celular Samsung","Google","Perguntas","quando","quando o celular samsung trava a tela o que fazer","pt","br","10","-"
711,"Celular Samsung","Google","Perguntas","quando","quando celular samsung","pt","br","10","-"
712,"Celular Samsung","Google","Perguntas","quando","quando celular samsung não liga","pt","br","0","-"
713,"Celular Samsung","Google","Perguntas","quando","quando celular samsung trava","pt","br","0","-"
714,"Celular Samsung","Google","Perguntas","quando","quando o celular samsung não quer carregar o que fazer","pt","br","0","-"
715,"Celular Samsung","Google","Perguntas","são","quais são os celular samsung","pt","br","0","-"
716,"Celular Samsung","Google","Perguntas","são","celular samsung são bons","pt","br","0","-"
717,"Celular Samsung","Google","Perguntas","são","carrefour são paulo celular samsung","pt","br","0","-"
718,"Celular Samsung","Google","Termos relacionados","-","celular samsung","pt","br","550.0K","0.45"
719,"Celular Samsung","Google","Termos relacionados","-","assistência técnica celular samsung","pt","br","74.0K","0.9"
720,"Celular Samsung","Google","Termos relacionados","-","celular samsung s24","pt","br","33.1K","0.3"
721,"Celular Samsung","Google","Termos relacionados","-","celular samsung 256 gb","pt","br","0","-"
722,"Celular Samsung","Google","Termos relacionados","-","celular samsung s23","pt","br","0","-"
723,"Celular Samsung","Google","Termos relacionados","-","como organizar seu celular samsung","pt","br","0","-"
724,"Celular Samsung","Google","Termos relacionados","-","celular samsung a56","pt","br","0","-"
725,"Celular Samsung","Google","Termos relacionados","-","celular samsung melhor","pt","br","0","-"
726,"Celular Samsung","Google","Termos relacionados","-","como organizar celular samsung","pt","br","0","-"
727,"Celular Samsung","Google","Termos relacionados","-","organização celular samsung","pt","br","0","-"
728,"Celular Samsung","Google","Termos relacionados","-","celular samsung barato","pt","br","0","-"
729,"Celular Samsung","Google","Termos relacionados","-","como organizar a tela inicial do celular samsung","pt","br","0","-"
730,"Celular Samsung","Google","Termos relacionados","-","celular samsung s25","pt","br","0","-"
731,"Celular Samsung","Google","Termos relacionados","-","como formatar celular samsung","pt","br","0","-"
732,"Celular Samsung","Google","Termos relacionados","-","qual celular samsung é melhor","pt","br","0","-"
733,"Celular Samsung","Google","Termos relacionados","-","celular samsung a16","pt","br","0","-"
734,"Celular Samsung","Google","Termos relacionados","-","como organizar o celular samsung","pt","br","0","-"
735,"Celular Samsung","Google","Termos relacionados","-","celular samsung promoções","pt","br","0","-"
736,"Celular Samsung","Google","Termos relacionados","-","celular samsung galaxy","pt","br","0","-"
737,"Celular Samsung","Google","Termos relacionados","-","celular samsung preço","pt","br","0","-"
738,"Celular Samsung","Google","Termos relacionados","-","novo celular samsung","pt","br","0","-"
739,"Celular Samsung","Google","Termos relacionados","-","casa bahia celular samsung","pt","br","0","-"
740,"Celular Samsung","Google","Termos relacionados","-","formatar um celular samsung","pt","br","0","-"
741,"Celular Samsung","Google","Termos relacionados","-","mancha amarela na tela do celular samsung","pt","br","0","-"
742,"Celular Samsung","Google","Termos relacionados","-","celular samsung a15","pt","br","0","-"
743,"Celular Samsung","Google","Termos relacionados","-","celular samsung o melhor","pt","br","0","-"
744,"Celular Samsung","Google","Termos relacionados","-","celular samsung antigo","pt","br","0","-"
745,"Celular Samsung","Google","Termos relacionados","-","celular samsung na casas bahia","pt","br","0","-"
746,"Celular Samsung","Google","Termos relacionados","-","preço do celular samsung","pt","br","0","-"
747,"Celular Samsung","Google","Termos relacionados","-","celular samsung 24 ultra","pt","br","0","-"
748,"Celular Samsung","Google","Termos relacionados","-","celular samsung lançamento","pt","br","0","-"
749,"Celular Samsung","Google","Termos relacionados","-","celular samsung galaxy s24 ultra 256gb","pt","br","0","-"
750,"Celular Samsung","Google","Termos relacionados","-","celular samsung a55","pt","br","0","-"
751,"Celular Samsung","Google","Termos relacionados","-","celular samsung promoção","pt","br","0","-"
752,"Celular Samsung","Google","Termos relacionados","-","celular samsung melhores","pt","br","0","-"
753,"Celular Samsung","Google","Termos relacionados","-","como tirar vírus do celular samsung","pt","br","0","-"
754,"Celular Samsung","Google","Termos relacionados","-","celular samsung a06","pt","br","0","-"
755,"Celular Samsung","Google","Termos relacionados","-","como formatar o celular samsung","pt","br","0","-"
756,"Celular Samsung","Google","Termos relacionados","-","como resetar o celular samsung","pt","br","0","-"
757,"Celular Samsung","Google","Termos relacionados","-","celular samsung bom e barato","pt","br","0","-"
758,"Celular Samsung","Google","Termos relacionados","-","celular samsung s24 ultra","pt","br","0","-"
759,"Celular Samsung","Google","Termos relacionados","-","celular samsung a56 256gb","pt","br","0","-"
760,"Celular Samsung","Google","Termos relacionados","-","aplicativo celular samsung","pt","br","0","-"
761,"Celular Samsung","Google","Termos relacionados","-","como resetar celular samsung","pt","br","0","-"
762,"Celular Samsung","Google","Termos relacionados","-","celular samsung s","pt","br","0","-"
763,"Celular Samsung","Google","Termos relacionados","-","como tirar anúncios do celular samsung","pt","br","0","-"
764,"Celular Samsung","Google","Termos relacionados","-","lançamento do celular samsung","pt","br","0","-"
765,"Celular Samsung","Google","Termos relacionados","-","preço celular samsung","pt","br","0","-"
766,"Celular Samsung","Google","Termos relacionados","-","celular samsung a 36","pt","br","0","-"
767,"Celular Samsung","Google","Termos relacionados","-","preço de celular samsung","pt","br","0","-"
768,"Celular Samsung","Google","Termos relacionados","-","mancha na tela do celular samsung","pt","br","0","-"
769,"Celular Samsung","Google","Termos relacionados","-","celular samsung a36","pt","br","0","-"
770,"Celular Samsung","Google","Termos relacionados","-","autorizada para celular samsung","pt","br","0","-"
771,"Celular Samsung","Google","Termos relacionados","-","aplicativo do celular samsung","pt","br","0","-"
772,"Celular Samsung","Google","Termos relacionados","-","autorizada celular samsung","pt","br","0","-"
773,"Celular Samsung","Google","Termos relacionados","-","celular samsung 05","pt","br","0","-"
774,"Celular Samsung","Google","Termos relacionados","-","celular samsung s25 ultra","pt","br","0","-"
775,"Celular Samsung","Google","Termos relacionados","-","lançamento celular samsung","pt","br","0","-"
776,"Celular Samsung","Google","Termos relacionados","-","celular samsung 2025","pt","br","0","-"
777,"Celular Samsung","Google","Termos relacionados","-","como tirar propagandas do celular samsung","pt","br","0","-"
778,"Celular Samsung","Google","Termos relacionados","-","celular samsung a07","pt","br","0","-"
779,"Celular Samsung","Google","Termos relacionados","-","celular samsung a26","pt","br","0","-"
780,"Celular Samsung","Google","Termos relacionados","-","celular samsung na magazine luiza","pt","br","0","-"
781,"Celular Samsung","Google","Termos relacionados","-","sinal de mais no celular samsung","pt","br","0","-"
782,"Celular Samsung","Google","Termos relacionados","-","celular samsung bom","pt","br","0","-"
783,"Celular Samsung","Google","Termos relacionados","-","celular samsung a17","pt","br","0","-"
784,"Celular Samsung","Google","Termos relacionados","-","tela inicial do celular samsung","pt","br","0","-"
785,"Celular Samsung","Google","Termos relacionados","-","celular samsung bloqueado","pt","br","0","-"
786,"Celular Samsung","Google","Termos relacionados","-","como tirar anúncio do celular samsung","pt","br","0","-"
787,"Celular Samsung","Google","Termos relacionados","-","celular samsung 128gb","pt","br","0","-"
788,"Celular Samsung","Google","Termos relacionados","-","como tirar propaganda do celular samsung","pt","br","0","-"
789,"Celular Samsung","Google","Termos relacionados","-","resetar o celular samsung","pt","br","0","-"
790,"Celular Samsung","Google","Termos relacionados","-","celular samsung 5g","pt","br","0","-"
791,"Celular Samsung","Google","Termos relacionados","-","celular samsung linha s","pt","br","0","-"
792,"Celular Samsung","Google","Termos relacionados","-","celular samsung 21","pt","br","0","-"
793,"Celular Samsung","Google","Termos relacionados","-","celular samsung a52","pt","br","0","-"
794,"Celular Samsung","Google","Termos relacionados","-","celular samsung a25","pt","br","0","-"
795,"Celular Samsung","Google","Termos relacionados","-","modelo de celular samsung","pt","br","0","-"
796,"Celular Samsung","Google","Termos relacionados","-","celular samsung galaxy s24 ultra","pt","br","0","-"
797,"Celular Samsung","Google","Termos relacionados","-","celular samsung na promoção","pt","br","0","-"
798,"Celular Samsung","Google","Termos relacionados","-","galaxy celular samsung","pt","br","0","-"
799,"Celular Samsung","Google","Termos relacionados","-","rastreador celular samsung","pt","br","0","-"
800,"Celular Samsung","Google","Termos relacionados","-","celular samsung mais baratos","pt","br","0","-"
801,"Celular Samsung","Google","Termos relacionados","-","celular samsung s22","pt","br","0","-"
802,"Celular Samsung","Google","Termos relacionados","-","promoção celular samsung","pt","br","0","-"
803,"Celular Samsung","Google","Termos relacionados","-","celular samsung de promoção","pt","br","0","-"
804,"Celular Samsung","Google","Termos relacionados","-","celular samsung a14","pt","br","0","-"
805,"Celular Samsung","Google","Termos relacionados","-","celular samsung a","pt","br","0","-"
806,"Celular Samsung","Google","Termos relacionados","-","melhores celular samsung","pt","br","0","-"
807,"Celular Samsung","Google","Termos relacionados","-","celular samsung j5 prime","pt","br","0","-"
808,"Celular Samsung","Google","Termos relacionados","-","celular samsung pequenos","pt","br","0","-"
809,"Celular Samsung","Google","Termos relacionados","-","localização celular samsung","pt","br","0","-"
810,"Celular Samsung","Google","Termos relacionados","-","celular samsung a35","pt","br","0","-"
811,"Celular Samsung","Google","Termos relacionados","-","celular samsung a16 256gb","pt","br","0","-"
812,"Celular Samsung","Google","Termos relacionados","-","5g celular samsung","pt","br","0","-"
813,"Celular Samsung","Google","Termos relacionados","-","celular samsung em promoçao","pt","br","0","-"
814,"Celular Samsung","Google","Termos relacionados","-","celular samsung a32","pt","br","0","-"
815,"Celular Samsung","Google","Termos relacionados","-","celular samsung a 15 256gb","pt","br","0","-"
816,"Celular Samsung","Google","Termos relacionados","-","rastrear celular samsung","pt","br","0","-"
817,"Celular Samsung","Google","Termos relacionados","-","localizar celular samsung pelo google","pt","br","0","-"
818,"Celular Samsung","Google","Termos relacionados","-","celular samsung s23 ultra","pt","br","0","-"
819,"Celular Samsung","Google","Termos relacionados","-","celular samsung magazine luiza","pt","br","0","-"
820,"Celular Samsung","Google","Termos relacionados","-","como tirar print no celular samsung","pt","br","0","-"
821,"Celular Samsung","Google","Termos relacionados","-","celular samsung na loja cem","pt","br","0","-"
822,"Celular Samsung","Google","Termos relacionados","-","formatar o celular samsung","pt","br","0","-"
823,"Celular Samsung","Google","Termos relacionados","-","celular samsung 2026","pt","br","0","-"
824,"Celular Samsung","Google","Termos relacionados","-","capinha de celular samsung","pt","br","0","-"
825,"Celular Samsung","Google","Termos relacionados","-","como destravar um celular samsung","pt","br","0","-"
826,"Celular Samsung","Google","Termos relacionados","-","celular samsung galaxy a7","pt","br","0","-"
827,"Celular Samsung","Google","Termos relacionados","-","celular samsung mercado livre","pt","br","0","-"
828,"Celular Samsung","Google","Termos relacionados","-","celular samsung dobrável","pt","br","0","-"
829,"Celular Samsung","Google","Termos relacionados","-","celular samsung q dobra","pt","br","0","-"
830,"Celular Samsung","Google","Termos relacionados","-","celular samsung a05","pt","br","0","-"
831,"Celular Samsung","Google","Termos relacionados","-","promoção de celular samsung","pt","br","0","-"
832,"Celular Samsung","Google","Termos relacionados","-","empréstimo com garantia de celular samsung","pt","br","0","-"
833,"Celular Samsung","Google","Termos relacionados","-","celular samsung pequeno","pt","br","0","-"
834,"Celular Samsung","Google","Termos relacionados","-","celular samsung em promoção","pt","br","0","-"
835,"Celular Samsung","Google","Termos relacionados","-","melhor celular samsung","pt","br","0","-"
836,"Celular Samsung","Google","Termos relacionados","-","celular samsung a36 256gb","pt","br","0","-"
837,"Celular Samsung","Google","Termos relacionados","-","celular samsung 256gb 8gb ram","pt","br","0","-"
838,"Celular Samsung","Google","Termos relacionados","-","celular samsung s25 fe","pt","br","0","-"
839,"Celular Samsung","Google","Termos relacionados","-","celular samsung s20","pt","br","0","-"
840,"Celular Samsung","Google","Termos relacionados","-","celular samsung s24 fe","pt","br","0","-"
841,"Celular Samsung","Google","Termos relacionados","-","celular samsung a 16 5g","pt","br","0","-"
842,"Celular Samsung","Google","Termos relacionados","-","como desligar o celular samsung","pt","br","0","-"
843,"Celular Samsung","Google","Termos relacionados","-","celular samsung dobravel","pt","br","0","-"
844,"Celular Samsung","Google","Termos relacionados","-","celular samsung 512gb","pt","br","0","-"
845,"Celular Samsung","Google","Termos relacionados","-","celular samsung a26 256gb","pt","br","0","-"
846,"Celular Samsung","Google","Termos relacionados","-","capinhas celular samsung","pt","br","0","-"
847,"Celular Samsung","Google","Termos relacionados","-","garantia celular samsung","pt","br","0","-"
848,"Celular Samsung","Google","Termos relacionados","-","celular samsung lojas cem","pt","br","0","-"
849,"Celular Samsung","Google","Termos relacionados","-","celular samsung a6","pt","br","0","-"
850,"Celular Samsung","Google","Termos relacionados","-","celular samsung a20","pt","br","0","-"
851,"Celular Samsung","Google","Termos relacionados","-","como gravar a tela do celular samsung","pt","br","0","-"
852,"Celular Samsung","Google","Termos relacionados","-","loja americanas celular samsung","pt","br","0","-"
853,"Celular Samsung","Google","Termos relacionados","-","celular samsung que dobra","pt","br","0","-"
854,"Celular Samsung","Google","Termos relacionados","-","celular samsung modelos","pt","br","0","-"
855,"Celular Samsung","Google","Termos relacionados","-","capa para celular samsung","pt","br","0","-"
856,"Celular Samsung","Google","Termos relacionados","-","celular samsung a10","pt","br","0","-"
857,"Celular Samsung","Google","Termos relacionados","-","capa de celular samsung","pt","br","0","-"
858,"Celular Samsung","Google","Termos relacionados","-","magazine luiza celular samsung","pt","br","0","-"
859,"Celular Samsung","Google","Termos relacionados","-","celular samsung m55","pt","br","0","-"
860,"Celular Samsung","Google","Termos relacionados","-","celular samsung a16 5g","pt","br","0","-"
861,"Celular Samsung","Google","Termos relacionados","-","celular samsung a55 256gb","pt","br","0","-"
862,"Celular Samsung","Google","Termos relacionados","-","celular samsung flip","pt","br","0","-"
863,"Celular Samsung","Google","Termos relacionados","-","celular samsung s21","pt","br","0","-"
864,"Celular Samsung","Google","Termos relacionados","-","celular samsung galaxy a16","pt","br","0","-"
865,"Celular Samsung","Google","Termos relacionados","-","celular samsung a05s","pt","br","0","-"
866,"Celular Samsung","Google","Termos relacionados","-","celular samsung galaxy a56","pt","br","0","-"
867,"Celular Samsung","Google","Termos relacionados","-","youcine apk download para celular samsung","pt","br","0","-"
868,"Celular Samsung","Google","Termos relacionados","-","mercado livre celular samsung","pt","br","0","-"
869,"Celular Samsung","Google","Termos relacionados","-","celular samsung lançamento 2025","pt","br","0","-"
870,"Celular Samsung","Google","Termos relacionados","-","celular samsung mais caro","pt","br","0","-"
871,"Celular Samsung","Google","Termos relacionados","-","celular samsung a23","pt","br","0","-"
872,"Celular Samsung","Google","Termos relacionados","-","assistencia técnica celular samsung","pt","br","0","-"
873,"Celular Samsung","Google","Termos relacionados","-","baixar jogos grátis para celular samsung","pt","br","0","-"
874,"Celular Samsung","Google","Termos relacionados","-","celular samsung a 26 256gb","pt","br","0","-"
875,"Celular Samsung","Google","Termos relacionados","-","celular samsung s26 ultra","pt","br","0","-"
876,"Celular Samsung","Google","Termos relacionados","-","celular samsung rosa","pt","br","0","-"
877,"Celular Samsung","Google","Termos relacionados","-","telefone celular samsung","pt","br","0","-"
878,"Celular Samsung","Google","Termos relacionados","-","como limpar o vírus do celular samsung","pt","br","0","-"
879,"Celular Samsung","Google","Termos relacionados","-","celular samsung a12","pt","br","0","-"
880,"Celular Samsung","Google","Termos relacionados","-","celular samsung amazon","pt","br","0","-"
881,"Celular Samsung","Google","Termos relacionados","-","como tirar senha do celular samsung","pt","br","0","-"
882,"Celular Samsung","Google","Termos relacionados","-","celular samsung quanto custa","pt","br","0","-"
883,"Celular Samsung","Google","Termos relacionados","-","como conectar celular samsung na tv","pt","br","0","-"
884,"Celular Samsung","Google","Termos relacionados","-","celular samsung lojas americanas","pt","br","0","-"
885,"Celular Samsung","Google","Termos relacionados","-","como restaurar celular samsung","pt","br","0","-"
886,"Celular Samsung","Google","Termos relacionados","-","melhor celular samsung 2025","pt","br","0","-"
887,"Celular Samsung","Google","Termos relacionados","-","celular samsung carrefour","pt","br","0","-"
888,"Celular Samsung","Google","Termos relacionados","-","como personalizar o celular samsung","pt","br","0","-"
889,"Celular Samsung","Google","Termos relacionados","-","celular samsung tela verde","pt","br","0","-"
890,"Celular Samsung","Google","Termos relacionados","-","meu celular samsung nao sai som","pt","br","0","-"
891,"Celular Samsung","Google","Termos relacionados","-","celular samsung não carrega","pt","br","0","-"
892,"Celular Samsung","Google","Termos relacionados","-","celular samsung a57","pt","br","0","-"
893,"Celular Samsung","Google","Termos relacionados","-","modelo celular samsung","pt","br","0","-"
894,"Celular Samsung","Google","Termos relacionados","-","128gb celular samsung","pt","br","0","-"
895,"Celular Samsung","Google","Termos relacionados","-","celular samsung a03","pt","br","0","-"
896,"Celular Samsung","Google","Termos relacionados","-","quanto custa o celular samsung","pt","br","0","-"
897,"Celular Samsung","Google","Termos relacionados","-","celular samsung a30","pt","br","0","-"
898,"Celular Samsung","Google","Termos relacionados","-","celular samsung linha a","pt","br","0","-"
899,"Celular Samsung","Google","Termos relacionados","-","celular samsung s24 plus","pt","br","0","-"
900,"Celular Samsung","Google","Termos relacionados","-","celular samsung a22","pt","br","0","-"
901,"Celular Samsung","Google","Termos relacionados","-","celular samsung s20 fe","pt","br","0","-"
902,"Celular Samsung","Google","Termos relacionados","-","celular samsung a5","pt","br","0","-"
903,"Celular Samsung","Google","Termos relacionados","-","celular samsung a50","pt","br","0","-"
904,"Celular Samsung","Google","Termos relacionados","-","celular samsung galaxy s25","pt","br","0","-"
905,"Celular Samsung","Google","Termos relacionados","-","como fazer backup do celular samsung","pt","br","0","-"
906,"Celular Samsung","Google","Termos relacionados","-","celular samsung s24 256gb","pt","br","0","-"
907,"Celular Samsung","Google","Termos relacionados","-","bateria celular samsung","pt","br","0","-"
908,"Celular Samsung","Google","Termos relacionados","-","celular samsung na americanas","pt","br","0","-"
909,"Celular Samsung","Google","Termos relacionados","-","tela celular samsung","pt","br","0","-"
910,"Celular Samsung","Google","Termos relacionados","-","celular samsung a17 256gb","pt","br","0","-"
911,"Celular Samsung","Google","Termos relacionados","-","celular samsung barato novo","pt","br","0","-"
912,"Celular Samsung","Google","Termos relacionados","-","celular samsung custo beneficio 2025","pt","br","0","-"
913,"Celular Samsung","Google","Termos relacionados","-","qual o melhor celular samsung","pt","br","0","-"
914,"Celular Samsung","Google","Termos relacionados","-","celular samsung a15 5g","pt","br","0","-"
915,"Celular Samsung","Google","Termos relacionados","-","amazon celular samsung","pt","br","0","-"
916,"Celular Samsung","Google","Termos relacionados","-","carregadores de celular samsung","pt","br","0","-"
917,"Celular Samsung","Google","Termos relacionados","-","celular samsung galaxy s24","pt","br","0","-"
918,"Celular Samsung","Google","Termos relacionados","-","celular samsung galaxy 06","pt","br","0","-"
919,"Celular Samsung","Google","Termos relacionados","-","como tirar print do celular samsung","pt","br","0","-"
920,"Celular Samsung","Google","Termos relacionados","-","como limpar virus do celular samsung","pt","br","0","-"
921,"Celular Samsung","Google","Termos relacionados","-","celular samsung ultimo lançamento","pt","br","0","-"
922,"Celular Samsung","Google","Termos relacionados","-","comprar celular samsung","pt","br","0","-"
923,"Celular Samsung","Google","Termos relacionados","-","celular samsung abre e fecha","pt","br","0","-"
924,"Celular Samsung","Google","Termos relacionados","-","preco de celular samsung galaxy","pt","br","0","-"
925,"Celular Samsung","Google","Termos relacionados","-","como desbloquear um celular samsung com senha","pt","br","0","-"
926,"Celular Samsung","Google","Termos relacionados","-","celular samsung valor","pt","br","0","-"
927,"Celular Samsung","Google","Termos relacionados","-","foto de celular samsung","pt","br","0","-"
928,"Celular Samsung","Google","Termos relacionados","-","como formatar celular samsung pela configuração","pt","br","0","-"
929,"Celular Samsung","Google","Termos relacionados","-","celular samsung 71","pt","br","0","-"
930,"Celular Samsung","Google","Termos relacionados","-","celular samsung 53","pt","br","0","-"
931,"Celular Samsung","Google","Termos relacionados","-","melhores celular samsung 2025","pt","br","0","-"
932,"Celular Samsung","Google","Termos relacionados","-","lojas americanas celular samsung","pt","br","0","-"
933,"Celular Samsung","Google","Termos relacionados","-","melhores celular samsung 2024","pt","br","0","-"
934,"Celular Samsung","Google","Termos relacionados","-","celular samsung a 11","pt","br","0","-"
935,"Celular Samsung","Google","Termos relacionados","-","onde fica a lixeira do celular samsung","pt","br","0","-"
936,"Celular Samsung","Google","Termos relacionados","-","celular samsung galaxy a06","pt","br","0","-"
937,"Celular Samsung","Google","Termos relacionados","-","celular samsung top de linha","pt","br","0","-"
938,"Celular Samsung","Google","Termos relacionados","-","como reiniciar o celular samsung","pt","br","0","-"
939,"Celular Samsung","Google","Termos relacionados","-","celular samsung 31","pt","br","0","-"
940,"Celular Samsung","Google","Termos relacionados","-","celular samsung a 31","pt","br","0","-"
941,"Celular Samsung","Google","Termos relacionados","-","celular samsung a56 256gb preço","pt","br","0","-"
942,"Celular Samsung","Google","Termos relacionados","-","celular samsung m15","pt","br","0","-"
943,"Celular Samsung","Google","Termos relacionados","-","capa celular samsung","pt","br","0","-"
944,"Celular Samsung","Google","Termos relacionados","-","havan celular samsung","pt","br","0","-"
945,"Celular Samsung","Google","Termos relacionados","-","celular samsung s23 fe","pt","br","0","-"
946,"Celular Samsung","Google","Termos relacionados","-","último lançamento celular samsung","pt","br","0","-"
947,"Celular Samsung","Google","Termos relacionados","-","como tirar senha celular samsung","pt","br","0","-"
948,"Celular Samsung","Google","Termos relacionados","-","como resetar um celular samsung","pt","br","0","-"
949,"Celular Samsung","Google","Termos relacionados","-","celular samsung a15 256 gb","pt","br","0","-"
950,"Celular Samsung","Google","Termos relacionados","-","comparativos celular samsung","pt","br","0","-"
951,"Celular Samsung","Google","Termos relacionados","-","meu celular samsung não sai som","pt","br","0","-"
952,"Celular Samsung","Google","Termos relacionados","-","youcine baixar celular samsung","pt","br","0","-"
953,"Celular Samsung","Google","Termos relacionados","-","valor de celular samsung","pt","br","0","-"
954,"Celular Samsung","Google","Termos relacionados","-","celular samsung 256gb 16gb ram","pt","br","0","-"
955,"Celular Samsung","Google","Termos relacionados","-","esqueci o pin do celular samsung","pt","br","0","-"
956,"Celular Samsung","Google","Termos relacionados","-","gravar a tela do celular samsung","pt","br","0","-"
957,"Celular Samsung","Google","Termos relacionados","-","mancha roxa na tela do celular samsung","pt","br","0","-"
958,"Celular Samsung","Google","Termos relacionados","-","celular samsung a51","pt","br","0","-"
959,"Celular Samsung","Google","Termos relacionados","-","como restaurar o celular samsung","pt","br","0","-"
960,"Celular Samsung","Google","Termos relacionados","-","magalu celular samsung","pt","br","0","-"
961,"Celular Samsung","Google","Termos relacionados","-","como saber o pin do celular samsung","pt","br","0","-"
962,"Celular Samsung","Google","Termos relacionados","-","como resetar o celular samsung pelos botões","pt","br","0","-"
963,"Celular Samsung","Google","Termos relacionados","-","celular samsung a06 128gb","pt","br","0","-"
964,"Celular Samsung","Google","Termos relacionados","-","celular samsung a53","pt","br","0","-"
965,"Celular Samsung","Google","Termos relacionados","-","carregador de celular samsung","pt","br","0","-"
966,"Celular Samsung","Google","Termos relacionados","-","celular samsung camera boa","pt","br","0","-"
967,"Celular Samsung","Google","Termos relacionados","-","celular samsung a35 256gb","pt","br","0","-"
968,"Celular Samsung","Google","Termos relacionados","-","lixeira do celular samsung","pt","br","0","-"
969,"Celular Samsung","Google","Termos relacionados","-","celular samsung a 16 5g 256gb","pt","br","0","-"
970,"Celular Samsung","Google","Termos relacionados","-","celular samsung bom e barato 2025","pt","br","0","-"
971,"Celular Samsung","Google","Termos relacionados","-","americanas celular samsung","pt","br","0","-"
972,"Celular Samsung","Google","Termos relacionados","-","como colocar musica no toque do celular samsung","pt","br","0","-"
973,"Celular Samsung","Google","Termos relacionados","-","preço de celular samsung novo","pt","br","0","-"
974,"Celular Samsung","Google","Termos relacionados","-","celular samsung s26","pt","br","0","-"
975,"Celular Samsung","Google","Termos relacionados","-","celular samsung s10","pt","br","0","-"
976,"Celular Samsung","Google","Termos relacionados","-","celular samsung z flip","pt","br","0","-"
977,"Celular Samsung","Google","Termos relacionados","-","celular samsung 256gb preço","pt","br","0","-"
978,"Celular Samsung","Google","Termos relacionados","-","celular samsung a31","pt","br","0","-"
979,"Celular Samsung","Google","Termos relacionados","-","celular samsung m","pt","br","0","-"
980,"Celular Samsung","Google","Termos relacionados","-","como fazer print no celular samsung","pt","br","0","-"
981,"Celular Samsung","Google","Termos relacionados","-","celular samsung galaxy a55","pt","br","0","-"
982,"Celular Samsung","Google","Termos relacionados","-","celular samsung galaxy a15","pt","br","0","-"
983,"Celular Samsung","Google","Termos relacionados","-","como aumentar o volume do celular samsung","pt","br","0","-"
984,"Celular Samsung","Google","Termos relacionados","-","celular samsung j7 prime","pt","br","0","-"
985,"Celular Samsung","Google","Termos relacionados","-","celular samsung ultra","pt","br","0","-"
986,"Celular Samsung","Google","Termos relacionados","-","celular samsung j5","pt","br","0","-"
987,"Celular Samsung","Google","Termos relacionados","-","celular samsung custo benefício 2025","pt","br","0","-"
988,"Celular Samsung","Google","Termos relacionados","-","o celular samsung","pt","br","0","-"
989,"Celular Samsung","Google","Termos relacionados","-","celular samsung m35","pt","br","0","-"
990,"Celular Samsung","Google","Termos relacionados","-","celular samsung barato e bom","pt","br","0","-"
991,"Celular Samsung","Google","Termos relacionados","-","celular samsung s25 256gb","pt","br","0","-"
992,"Celular Samsung","Google","Termos relacionados","-","capinhas para celular samsung a15","pt","br","0","-"
993,"Celular Samsung","Google","Termos relacionados","-","celular samsung galaxy s23","pt","br","0","-"
994,"Celular Samsung","Google","Termos relacionados","-","celular samsung galaxy s26 ultra","pt","br","0","-"
995,"Celular Samsung","Google","Termos relacionados","-","valor do celular samsung","pt","br","0","-"
996,"Celular Samsung","Google","Termos relacionados","-","celular samsung a71","pt","br","0","-"
997,"Celular Samsung","Google","Termos relacionados","-","restaurar celular samsung","pt","br","0","-"
998,"Celular Samsung","Google","Termos relacionados","-","desligar o celular samsung","pt","br","0","-"
999,"Celular Samsung","Google","Termos relacionados","-","o melhor celular samsung","pt","br","0","-"
1000,"Celular Samsung","Google","Termos relacionados","-","celular samsung galaxy z flip6 5g 12gb ram","pt","br","0","-"
1001,"Celular Samsung","Google","Termos relacionados","-","celular samsung com camera boa","pt","br","0","-"
1002,"Celular Samsung","Google","Termos relacionados","-","como limpar o cache do celular samsung","pt","br","0","-"
1003,"Celular Samsung","Google","Termos relacionados","-","celular samsung que abre e fecha","pt","br","0","-"
1004,"Celular Samsung","Google","Termos relacionados","-","como desativar o modo desenvolvedor do celular samsung","pt","br","0","-"
1005,"Celular Samsung","Google","Termos relacionados","-","como rastrear celular samsung","pt","br","0","-"
1006,"Celular Samsung","Google","Termos relacionados","-","celular samsung s22 ultra","pt","br","0","-"
1007,"Celular Samsung","Google","Termos relacionados","-","como limpar a lixeira do celular samsung","pt","br","0","-"
1008,"Celular Samsung","Google","Termos relacionados","-","comparar celular samsung","pt","br","0","-"
1009,"Celular Samsung","Google","Termos relacionados","-","troca de celular samsung","pt","br","0","-"
1010,"Celular Samsung","Google","Termos relacionados","-","celular samsung a11","pt","br","0","-"
1011,"Celular Samsung","Google","Termos relacionados","-","como limpar a memória do celular samsung","pt","br","0","-"
1012,"Celular Samsung","Google","Termos relacionados","-","celular samsung s25 plus","pt","br","0","-"
1013,"Celular Samsung","Google","Termos relacionados","-","celular samsung usado","pt","br","0","-"
1014,"Celular Samsung","Google","Termos relacionados","-","como colocar senha no celular samsung","pt","br","0","-"
1015,"Celular Samsung","Google","Termos relacionados","-","celular samsung baratinho","pt","br","0","-"
1016,"Celular Samsung","Google","Termos relacionados","-","como atualizar celular samsung","pt","br","0","-"
1017,"Celular Samsung","Google","Termos relacionados","-","reiniciar o celular samsung","pt","br","0","-"
1018,"Celular Samsung","Google","Termos relacionados","-","como voltar a cor normal do celular samsung","pt","br","0","-"
1019,"Celular Samsung","Google","Termos relacionados","-","celular samsung 8gb ram","pt","br","0","-"
1020,"Celular Samsung","Google","Termos relacionados","-","como reiniciar o celular samsung travado","pt","br","0","-"
1021,"Celular Samsung","Google","Termos relacionados","-","como reiniciar celular samsung","pt","br","0","-"
1022,"Celular Samsung","Google","Termos relacionados","-","cartão de memória para celular samsung","pt","br","0","-"
1023,"Celular Samsung","Google","Termos relacionados","-","como formatar celular samsung bloqueado","pt","br","0","-"
1024,"Celular Samsung","Google","Termos relacionados","-","celular samsung a02","pt","br","0","-"
1025,"Celular Samsung","Google","Termos relacionados","-","celular samsung não liga","pt","br","0","-"
1026,"Celular Samsung","Google","Termos relacionados","-","como ver a saúde do celular samsung","pt","br","0","-"
1027,"Celular Samsung","Google","Termos relacionados","-","celular samsung simples","pt","br","0","-"
1028,"Celular Samsung","Google","Termos relacionados","-","celular samsung a07 256gb","pt","br","0","-"
1029,"Celular Samsung","Google","Termos relacionados","-","celular samsung 128gb 5g promoção","pt","br","0","-"
1030,"Celular Samsung","Google","Termos relacionados","-","celular samsung última geração","pt","br","0","-"
1031,"Celular Samsung","Google","Termos relacionados","-","celular samsung 256gb 5g","pt","br","0","-"
1032,"Celular Samsung","Google","Termos relacionados","-","celular samsung pocket","pt","br","0","-"
1033,"Celular Samsung","Google","Termos relacionados","-","esvaziar lixeira do celular samsung","pt","br","0","-"
1034,"Celular Samsung","Google","Termos relacionados","-","desligar celular samsung","pt","br","0","-"
1035,"Celular Samsung","Google","Termos relacionados","-","celular samsung no mercado livre","pt","br","0","-"
1036,"Celular Samsung","Google","Termos relacionados","-","linhas de celular samsung","pt","br","0","-"
1037,"Celular Samsung","Google","Termos relacionados","-","controlar tv pelo celular samsung","pt","br","0","-"
1038,"Celular Samsung","Google","Termos relacionados","-","celular samsung 3 câmera","pt","br","0","-"
1039,"Celular Samsung","Google","Termos relacionados","-","como remover vírus do celular samsung","pt","br","0","-"
1040,"Celular Samsung","Google","Termos relacionados","-","como saber o modelo do meu celular samsung","pt","br","0","-"
1041,"Celular Samsung","Google","Termos relacionados","-","celular samsung a24","pt","br","0","-"
1042,"Celular Samsung","Google","Termos relacionados","-","celular samsung barato 128gb","pt","br","0","-"
1043,"Celular Samsung","Google","Termos relacionados","-","black friday celular samsung","pt","br","0","-"
1044,"Celular Samsung","Google","Termos relacionados","-","celular samsung galaxy a56 5g 256gb","pt","br","0","-"
1045,"Celular Samsung","Google","Termos relacionados","-","celular samsung en oferta","pt","br","0","-"
1046,"Celular Samsung","Google","Termos relacionados","-","celular samsung 3 câmeras","pt","br","0","-"
1047,"Celular Samsung","Google","Termos relacionados","-","tela de celular samsung","pt","br","0","-"
1048,"Celular Samsung","Google","Termos relacionados","-","celular samsung s23 256gb","pt","br","0","-"
1049,"Celular Samsung","Google","Termos relacionados","-","celular samsung galaxy z fold6 5g 512gb 12gb ram","pt","br","0","-"
1050,"Celular Samsung","Google","Termos relacionados","-","celular samsung a16 128gb","pt","br","0","-"
1051,"Celular Samsung","Google","Termos relacionados","-","celular samsung m53","pt","br","0","-"
1052,"Celular Samsung","Google","Termos relacionados","-","celular samsung a7","pt","br","0","-"
1053,"Celular Samsung","Google","Termos relacionados","-","senhas salvas no celular samsung","pt","br","0","-"
1054,"Celular Samsung","Google","Termos relacionados","-","celular samsung note","pt","br","0","-"
1055,"Celular Samsung","Google","Termos relacionados","-","cronometro celular samsung","pt","br","0","-"
1056,"Celular Samsung","Google","Termos relacionados","-","celular samsung s24 fe 256gb","pt","br","0","-"
1057,"Celular Samsung","Google","Termos relacionados","-","papel de parede grátis para celular samsung","pt","br","0","-"
1058,"Celular Samsung","Google","Termos relacionados","-","qual melhor celular samsung ou motorola","pt","br","0","-"
1059,"Celular Samsung","Google","Termos relacionados","-","como tirar o chip do celular samsung","pt","br","0","-"
1060,"Celular Samsung","Google","Termos relacionados","-","como mudar o papel de parede do celular samsung","pt","br","0","-"
1061,"Celular Samsung","Google","Termos relacionados","-","como limpar celular samsung","pt","br","0","-"
1062,"Celular Samsung","Google","Termos relacionados","-","reiniciar celular samsung","pt","br","0","-"
1063,"Celular Samsung","Google","Termos relacionados","-","primeiro celular samsung","pt","br","0","-"
1064,"Celular Samsung","Google","Termos relacionados","-","como desbloquear a tela do celular samsung","pt","br","0","-"
1065,"Celular Samsung","Google","Termos relacionados","-","ultimo celular samsung","pt","br","0","-"
1066,"Celular Samsung","Google","Termos relacionados","-","marca de celular samsung","pt","br","0","-"
1067,"Celular Samsung","Google","Termos relacionados","-","j7 celular samsung","pt","br","0","-"
1068,"Celular Samsung","Google","Termos relacionados","-","celular samsung a06 é bom","pt","br","0","-"
1069,"Celular Samsung","Google","Termos relacionados","-","caneta para celular samsung","pt","br","0","-"
1070,"Celular Samsung","Google","Termos relacionados","-","celular samsung lançamento 2026","pt","br","0","-"
1071,"Celular Samsung","Google","Termos relacionados","-","celular samsung 256gb promoção","pt","br","0","-"
1072,"Celular Samsung","Google","Termos relacionados","-","celular samsung promoção 128gb","pt","br","0","-"
1073,"Celular Samsung","Google","Termos relacionados","-","lançamentos celular samsung 2025","pt","br","0","-"
1074,"Celular Samsung","Google","Termos relacionados","-","esqueceu a senha do celular samsung","pt","br","0","-"
1075,"Celular Samsung","Google","Termos relacionados","-","autorizada celular samsung são paulo","pt","br","0","-"
1076,"Celular Samsung","Google","Termos relacionados","-","celular samsung mais recente","pt","br","0","-"
1077,"Celular Samsung","Google","Termos relacionados","-","celular samsung havan","pt","br","0","-"
1078,"Celular Samsung","Google","Termos relacionados","-","limpar memória do celular samsung","pt","br","0","-"
1079,"Celular Samsung","Google","Termos relacionados","-","celular samsung branco","pt","br","0","-"
1080,"Celular Samsung","Google","Termos relacionados","-","como conectar smartwatch no celular samsung","pt","br","0","-"
1081,"Celular Samsung","Google","Termos relacionados","-","troca celular samsung","pt","br","0","-"
1082,"Celular Samsung","Google","Termos relacionados","-","celular samsung galaxy m15 5g","pt","br","0","-"
1083,"Celular Samsung","Google","Termos relacionados","-","celular samsung galaxy m15 5g 6.000mah","pt","br","0","-"
1084,"Celular Samsung","Google","Termos relacionados","-","celular samsung de 500 reais","pt","br","0","-"
1085,"Celular Samsung","Google","Termos relacionados","-","celular samsung a04","pt","br","0","-"
1086,"Celular Samsung","Google","Termos relacionados","-","assistência técnica para celular samsung","pt","br","0","-"
1087,"Celular Samsung","Google","Termos relacionados","-","celular samsung o mais novo","pt","br","0","-"
1088,"Celular Samsung","Google","Termos relacionados","-","controle remoto no celular samsung","pt","br","0","-"
1089,"Celular Samsung","Google","Termos relacionados","-","nota fiscal de celular samsung","pt","br","0","-"
1090,"Celular Samsung","Google","Termos relacionados","-","teclados para celular samsung","pt","br","0","-"
1091,"Celular Samsung","Google","Termos relacionados","-","celular samsung a 25 256gb","pt","br","0","-"
1092,"Celular Samsung","Google","Termos relacionados","-","celular samsung galaxy note","pt","br","0","-"
1093,"Celular Samsung","Google","Termos relacionados","-","oferta celular samsung","pt","br","0","-"
1094,"Celular Samsung","Google","Termos relacionados","-","como desbloquear o celular samsung","pt","br","0","-"
1095,"Celular Samsung","Google","Termos relacionados","-","celular samsung transparente","pt","br","0","-"
1096,"Celular Samsung","Google","Termos relacionados","-","celular samsung a 54","pt","br","0","-"
1097,"Celular Samsung","Google","Termos relacionados","-","como trocar a senha do celular samsung","pt","br","0","-"
1098,"Celular Samsung","Google","Termos relacionados","-","celular samsung bom e barato 256gb","pt","br","0","-"
1099,"Celular Samsung","Google","Termos relacionados","-","como descobrir a senha do celular samsung","pt","br","0","-"
1100,"Celular Samsung","Google","Termos relacionados","-","linha verde na tela do celular samsung","pt","br","0","-"
1101,"Celular Samsung","Google","Termos relacionados","-","como mudar senha do celular samsung","pt","br","0","-"
1102,"Celular Samsung","Google","Termos relacionados","-","capas de celular samsung a14","pt","br","0","-"
1103,"Celular Samsung","Google","Termos relacionados","-","celular samsung galaxy a16 5g","pt","br","0","-"
1104,"Celular Samsung","Google","Termos relacionados","-","como bloquear anúncios no celular samsung","pt","br","0","-"
1105,"Celular Samsung","Google","Termos relacionados","-","como dividir a tela do celular samsung","pt","br","0","-"
1106,"Celular Samsung","Google","Termos relacionados","-","como tirar a senha do celular samsung","pt","br","0","-"
1107,"Celular Samsung","Google","Termos relacionados","-","como desbloquear um celular samsung bloqueado","pt","br","0","-"
1108,"Celular Samsung","Google","Termos relacionados","-","significado símbolos celular samsung","pt","br","0","-"
1109,"Celular Samsung","Google","Termos relacionados","-","celular samsung a16 é bom","pt","br","0","-"
1110,"Celular Samsung","Google","Termos relacionados","-","celular samsung a54 256gb","pt","br","0","-"
1111,"Celular Samsung","Google","Termos relacionados","-","encontre celular samsung","pt","br","0","-"
1112,"Celular Samsung","Google","Termos relacionados","-","encontra celular samsung","pt","br","0","-"
1113,"Celular Samsung","Google","Termos relacionados","-","celular samsung a21","pt","br","0","-"
1114,"Celular Samsung","Google","Termos relacionados","-","celular samsung idoso","pt","br","0","-"
1115,"Celular Samsung","Google","Termos relacionados","-","tirar senha do celular samsung","pt","br","0","-"
1116,"Celular Samsung","Google","Termos relacionados","-","promoção magazine luiza celular samsung","pt","br","0","-"
1117,"Celular Samsung","Google","Termos relacionados","-","capa celular samsung a55","pt","br","0","-"
1118,"Celular Samsung","Google","Termos relacionados","-","dividir a tela do celular samsung","pt","br","0","-"
1119,"Celular Samsung","Google","Termos relacionados","-","como tirar vírus do celular samsung grátis","pt","br","0","-"
1120,"Celular Samsung","Google","Termos relacionados","-","celular samsung s25 fe 256gb","pt","br","0","-"
1121,"Celular Samsung","Google","Termos relacionados","-","celular samsung 72","pt","br","0","-"
1122,"Celular Samsung","Google","Termos relacionados","-","celular samsung 128gb mais barato","pt","br","0","-"
1123,"Celular Samsung","Google","Termos relacionados","-","celular samsung qual o melhor","pt","br","0","-"
1124,"Celular Samsung","Google","Termos relacionados","-","celular samsung 5","pt","br","0","-"
1125,"Celular Samsung","Google","Termos relacionados","-","limpar cache celular samsung","pt","br","0","-"
1126,"Celular Samsung","Google","Termos relacionados","-","lançamento celular samsung 2025","pt","br","0","-"
1127,"Celular Samsung","Google","Termos relacionados","-","como descobrir a senha celular samsung","pt","br","0","-"
1128,"Celular Samsung","Google","Termos relacionados","-","linhas celular samsung","pt","br","0","-"
1129,"Celular Samsung","Google","Termos relacionados","-","celular samsung casas bahia promoção","pt","br","0","-"
1130,"Celular Samsung","Google","Termos relacionados","-","celular samsung galaxy s25 fe","pt","br","0","-"
1131,"Celular Samsung","Google","Termos relacionados","-","celular samsung a25 256gb","pt","br","0","-"
1132,"Celular Samsung","Google","Termos relacionados","-","como ativar o som do celular samsung","pt","br","0","-"
1133,"Celular Samsung","Google","Termos relacionados","-","assistencia celular samsung","pt","br","0","-"
1134,"Celular Samsung","Google","Termos relacionados","-","configuração do celular samsung","pt","br","0","-"
1135,"Celular Samsung","Google","Termos relacionados","-","celular samsung magalu","pt","br","0","-"
1136,"Celular Samsung","Google","Termos relacionados","-","celular samsung 5g 128gb","pt","br","0","-"
1137,"Celular Samsung","Google","Termos relacionados","-","teclado para celular samsung","pt","br","0","-"
1138,"Celular Samsung","Google","Termos relacionados","-","riachuelo celular samsung","pt","br","0","-"
1139,"Celular Samsung","Google","Termos relacionados","-","celular samsung galaxy s24 fe","pt","br","0","-"
1140,"Celular Samsung","Google","Termos relacionados","-","celular samsung linha m","pt","br","0","-"
1141,"Celular Samsung","Google","Termos relacionados","-","celular samsung preço casas bahia","pt","br","0","-"
1142,"Celular Samsung","Google","Termos relacionados","-","celular samsung prova d'água","pt","br","0","-"
1143,"Celular Samsung","Google","Termos relacionados","-","linha vertical na tela do celular samsung","pt","br","0","-"
1144,"Celular Samsung","Google","Termos relacionados","-","como tirar print celular samsung","pt","br","0","-"
1145,"Celular Samsung","Google","Termos relacionados","-","celular samsung 2025 lançamento","pt","br","0","-"
1146,"Celular Samsung","Google","Termos relacionados","-","encontrar meu celular samsung","pt","br","0","-"
1147,"Celular Samsung","Google","Termos relacionados","-","celular samsung a56 128gb","pt","br","0","-"
1148,"Celular Samsung","Google","Termos relacionados","-","celular samsung 256gb 12gb ram","pt","br","0","-"
1149,"Celular Samsung","Google","Termos relacionados","-","celular samsung s9","pt","br","0","-"
1150,"Celular Samsung","Google","Termos relacionados","-","celular samsung 512gb 12gb ram","pt","br","0","-"
1151,"Celular Samsung","Google","Termos relacionados","-","celular samsung melhor custo benefício 2025","pt","br","0","-"
1152,"Celular Samsung","Google","Termos relacionados","-","como colocar número privado no celular samsung","pt","br","0","-"
1153,"Celular Samsung","Google","Termos relacionados","-","celular samsung custo beneficio","pt","br","0","-"
1154,"Celular Samsung","Google","Termos relacionados","-","instalar gta 5 no celular samsung","pt","br","0","-"
1155,"Celular Samsung","Google","Termos relacionados","-","como mudar a senha do celular samsung","pt","br","0","-"
1156,"Celular Samsung","Google","Termos relacionados","-","como esconder aplicativo no celular samsung","pt","br","0","-"
1157,"Celular Samsung","Google","Termos relacionados","-","capa para celular samsung a56","pt","br","0","-"
1158,"Celular Samsung","Google","Termos relacionados","-","antivírus para celular samsung grátis","pt","br","0","-"
1159,"Celular Samsung","Google","Termos relacionados","-","assistência celular samsung","pt","br","0","-"
1160,"Celular Samsung","Google","Termos relacionados","-","como clonar celular samsung","pt","br","0","-"
1161,"Celular Samsung","Google","Termos relacionados","-","bemol celular samsung","pt","br","0","-"
1162,"Celular Samsung","Google","Termos relacionados","-","como instalar youtube no celular samsung","pt","br","0","-"
1163,"Celular Samsung","Google","Termos relacionados","-","esqueci me da senha do meu celular samsung","pt","br","0","-"
1164,"Celular Samsung","Google","Termos relacionados","-","como desbloquear celular samsung bloqueado","pt","br","0","-"
1165,"Celular Samsung","Google","Termos relacionados","-","celular samsung galaxy z fold7 512gb","pt","br","0","-"
1166,"Celular Samsung","Google","Termos relacionados","-","celular samsung 16","pt","br","0","-"
1167,"Celular Samsung","Google","Termos relacionados","-","celular samsung mais vendidos","pt","br","0","-"
1168,"Celular Samsung","Google","Termos relacionados","-","celular samsung 128 gb 5g","pt","br","0","-"
1169,"Celular Samsung","Google","Termos relacionados","-","desbloquear celular samsung com senha","pt","br","0","-"
1170,"Celular Samsung","Google","Termos relacionados","-","como aumentar a letra do celular samsung","pt","br","0","-"
1171,"Celular Samsung","Google","Termos relacionados","-","celular samsung m54","pt","br","0","-"
1172,"Celular Samsung","Google","Termos relacionados","-","celular samsung mais atual","pt","br","0","-"
1173,"Celular Samsung","Google","Termos relacionados","-","celular samsung galaxy s","pt","br","0","-"
1174,"Celular Samsung","Google","Termos relacionados","-","capinha para celular samsung a56","pt","br","0","-"
1175,"Celular Samsung","Google","Termos relacionados","-","melhor celular samsung custo benefício 2025","pt","br","0","-"
1176,"Celular Samsung","Google","Termos relacionados","-","celular samsung mais novo","pt","br","0","-"
1177,"Celular Samsung","Google","Termos relacionados","-","celular samsung 4 cameras","pt","br","0","-"
1178,"Celular Samsung","Google","Termos relacionados","-","celular samsung a17 5g","pt","br","0","-"
1179,"Celular Samsung","Google","Termos relacionados","-","celular samsung intermediário 2025","pt","br","0","-"
1180,"Celular Samsung","Google","Termos relacionados","-","celular samsung promocao","pt","br","0","-"
1181,"Celular Samsung","Google","Termos relacionados","-","como remover conta google do celular samsung","pt","br","0","-"
1182,"Celular Samsung","Google","Termos relacionados","-","celular samsung roxo","pt","br","0","-"
1183,"Celular Samsung","Google","Termos relacionados","-","celular samsung galaxy 8","pt","br","0","-"
1184,"Celular Samsung","Google","Termos relacionados","-","bateria para celular samsung","pt","br","0","-"
1185,"Celular Samsung","Google","Termos relacionados","-","celular samsung a07 é bom","pt","br","0","-"
1186,"Celular Samsung","Google","Termos relacionados","-","encontrar celular samsung","pt","br","0","-"
1187,"Celular Samsung","Google","Termos relacionados","-","celular samsung a70","pt","br","0","-"
1188,"Celular Samsung","Google","Termos relacionados","-","celular samsung pocket 2","pt","br","0","-"
1189,"Celular Samsung","Google","Termos relacionados","-","como tirar vírus de anúncios do celular samsung","pt","br","0","-"
1190,"Celular Samsung","Google","Termos relacionados","-","como colocar papel de parede no celular samsung","pt","br","0","-"
1191,"Celular Samsung","Google","Termos relacionados","-","celular samsung a prova d'água","pt","br","0","-"
1192,"Celular Samsung","Google","Termos relacionados","-","achar celular samsung","pt","br","0","-"
1193,"Celular Samsung","Google","Termos relacionados","-","como desligar o celular samsung travado","pt","br","0","-"
1194,"Celular Samsung","Google","Termos relacionados","-","celular samsung de abrir e fechar","pt","br","0","-"
1195,"Celular Samsung","Google","Termos relacionados","-","como ver senha do wifi no celular samsung","pt","br","0","-"
1196,"Celular Samsung","Google","Termos relacionados","-","celular samsung m23","pt","br","0","-"
1197,"Celular Samsung","Google","Termos relacionados","-","celular samsung 64gb","pt","br","0","-"
1198,"Celular Samsung","Google","Termos relacionados","-","celular samsung flip 7","pt","br","0","-"
1199,"Celular Samsung","Google","Termos relacionados","-","foto do celular samsung","pt","br","0","-"
1200,"Celular Samsung","Google","Termos relacionados","-","carregador de celular samsung original","pt","br","0","-"
1201,"Celular Samsung","Google","Termos relacionados","-","rastrear celular samsung pelo imei","pt","br","0","-"
1202,"Celular Samsung","Google","Termos relacionados","-","como abrir o celular samsung","pt","br","0","-"
1203,"Celular Samsung","Google","Termos relacionados","-","linha celular samsung","pt","br","0","-"
1204,"Celular Samsung","Google","Termos relacionados","-","bloqueio celular samsung roubado","pt","br","0","-"
1205,"Celular Samsung","Google","Termos relacionados","-","novo modelo celular samsung","pt","br","0","-"
1206,"Celular Samsung","Google","Termos relacionados","-","celular samsung para idosos","pt","br","0","-"
1207,"Celular Samsung","Google","Termos relacionados","-","como tirar anúncio do celular samsung que aparece do nada","pt","br","0","-"
1208,"Celular Samsung","Google","Termos relacionados","-","suporte para celular samsung","pt","br","0","-"
1209,"Celular Samsung","Google","Termos relacionados","-","celular samsung a07 128gb","pt","br","0","-"
1210,"Celular Samsung","Google","Termos relacionados","-","tipo de celular samsung","pt","br","0","-"
1211,"Celular Samsung","Google","Termos relacionados","-","como diminuir a letra do celular samsung","pt","br","0","-"
1212,"Celular Samsung","Google","Termos relacionados","-","capa para celular samsung a06","pt","br","0","-"
1213,"Celular Samsung","Google","Termos relacionados","-","nfc celular samsung","pt","br","0","-"
1214,"Celular Samsung","Google","Termos relacionados","-","tirar anúncio do celular samsung","pt","br","0","-"
1215,"Celular Samsung","Google","Termos relacionados","-","vivo celular samsung","pt","br","0","-"
1216,"Celular Samsung","Google","Termos relacionados","-","celular samsung tela grande","pt","br","0","-"
1217,"Celular Samsung","Google","Termos relacionados","-","como apagar tudo do celular samsung","pt","br","0","-"
1218,"Celular Samsung","Google","Termos relacionados","-","como desligar celular samsung travado","pt","br","0","-"
1219,"Celular Samsung","Google","Termos relacionados","-","celular samsung galaxy a17","pt","br","0","-"
1220,"Celular Samsung","Google","Termos relacionados","-","celular samsung galaxy s24 256gb","pt","br","0","-"
1221,"Celular Samsung","Google","Termos relacionados","-","meu celular samsung","pt","br","0","-"
1222,"Celular Samsung","Google","Termos relacionados","-","celular samsung 56","pt","br","0","-"
1223,"Celular Samsung","Google","Termos relacionados","-","celular samsung a 75","pt","br","0","-"
1224,"Celular Samsung","Google","Termos relacionados","-","celular samsung lançamento 2024","pt","br","0","-"
1225,"Celular Samsung","Google","Termos relacionados","-","celular samsung s24 ultra 256gb","pt","br","0","-"
1226,"Celular Samsung","Google","Termos relacionados","-","novo lançamento do celular samsung","pt","br","0","-"
1227,"Celular Samsung","Google","Termos relacionados","-","como tirar toque fantasma do celular samsung","pt","br","0","-"
1228,"Celular Samsung","Google","Termos relacionados","-","celular samsung s23 novo","pt","br","0","-"
1229,"Celular Samsung","Google","Termos relacionados","-","celular samsung galaxy a16 5g 256gb 8gb ram","pt","br","0","-"
1230,"Celular Samsung","Google","Termos relacionados","-","celular samsung s 5","pt","br","0","-"
1231,"Celular Samsung","Google","Termos relacionados","-","como mudar o toque do celular samsung","pt","br","0","-"
1232,"Celular Samsung","Google","Termos relacionados","-","como ligar o celular samsung sem o botão power","pt","br","0","-"
1233,"Celular Samsung","Google","Termos relacionados","-","celular samsung a55 256gb preço","pt","br","0","-"
1234,"Celular Samsung","Google","Termos relacionados","-","consertar celular samsung","pt","br","0","-"
1235,"Celular Samsung","Google","Termos relacionados","-","como desbloquear celular samsung quando esqueceu a senha","pt","br","0","-"
1236,"Celular Samsung","Google","Termos relacionados","-","celular samsung a14 5g","pt","br","0","-"
1237,"Celular Samsung","Google","Termos relacionados","-","celular samsung bom e barato 128gb","pt","br","0","-"
1238,"Celular Samsung","Google","Termos relacionados","-","celular samsung flip antigo","pt","br","0","-"
1239,"Celular Samsung","Google","Termos relacionados","-","celular samsung j6","pt","br","0","-"
1240,"Celular Samsung","Google","Termos relacionados","-","como instalar o tiktok no celular samsung","pt","br","0","-"
1241,"Celular Samsung","Google","Termos relacionados","-","girar tela celular samsung","pt","br","0","-"
1242,"Celular Samsung","Google","Termos relacionados","-","dois whatsapp no mesmo celular samsung","pt","br","0","-"
1243,"Celular Samsung","Google","Termos relacionados","-","celular samsung a14 128gb","pt","br","0","-"
1244,"Celular Samsung","Google","Termos relacionados","-","tech on dicas celular samsung","pt","br","0","-"
1245,"Celular Samsung","Google","Termos relacionados","-","celular samsung a56 é bom","pt","br","0","-"
1246,"Celular Samsung","Google","Termos relacionados","-","capinha de celular samsung a 15","pt","br","0","-"
1247,"Celular Samsung","Google","Termos relacionados","-","celular samsung a17 5g 256gb","pt","br","0","-"
1248,"Celular Samsung","Google","Termos relacionados","-","celular samsung m52","pt","br","0","-"
1249,"Celular Samsung","Google","Termos relacionados","-","celular samsung que dobra no meio","pt","br","0","-"
1250,"Celular Samsung","Google","Termos relacionados","-","celular samsung s25 ultra 512gb","pt","br","0","-"
1251,"Celular Samsung","Google","Termos relacionados","-","como clarear a tela do celular samsung","pt","br","0","-"
1252,"Celular Samsung","Google","Termos relacionados","-","linha na tela do celular samsung","pt","br","0","-"
1253,"Celular Samsung","Google","Termos relacionados","-","celular samsung 73","pt","br","0","-"
1254,"Celular Samsung","Google","Termos relacionados","-","como mudar o teclado do celular samsung","pt","br","0","-"
1255,"Celular Samsung","Google","Termos relacionados","-","como configurar a câmera do celular samsung","pt","br","0","-"
1256,"Celular Samsung","Google","Termos relacionados","-","celular samsung rosa antigo","pt","br","0","-"
1257,"Celular Samsung","Google","Termos relacionados","-","celular samsung com carregamento por indução","pt","br","0","-"
1258,"Celular Samsung","Google","Termos relacionados","-","celular samsung a36 5g","pt","br","0","-"
1259,"Celular Samsung","Google","Termos relacionados","-","magazine luiza celular samsung 128gb","pt","br","0","-"
1260,"Celular Samsung","Google","Termos relacionados","-","celular samsung nfc","pt","br","0","-"
1261,"Celular Samsung","Google","Termos relacionados","-","capinha de celular samsung galaxy","pt","br","0","-"
1262,"Celular Samsung","Google","Termos relacionados","-","celular samsung a17 é bom","pt","br","0","-"
1263,"Celular Samsung","Google","Termos relacionados","-","capinha para celular samsung s23","pt","br","0","-"
1264,"Celular Samsung","Google","Termos relacionados","-","loja celular samsung","pt","br","0","-"
1265,"Celular Samsung","Google","Termos relacionados","-","celular samsung de oferta","pt","br","0","-"
1266,"Celular Samsung","Google","Termos relacionados","-","melhor celular samsung 2024","pt","br","0","-"
1267,"Celular Samsung","Google","Termos relacionados","-","o que é nfc no celular samsung","pt","br","0","-"
1268,"Celular Samsung","Google","Termos relacionados","-","celular samsung vermelho","pt","br","0","-"
1269,"Celular Samsung","Google","Termos relacionados","-","celular samsung s21 ultra","pt","br","0","-"
1270,"Celular Samsung","Google","Termos relacionados","-","celular samsung promoção magazine luiza","pt","br","0","-"
1271,"Celular Samsung","Google","Termos relacionados","-","celular samsung galaxy z flip6 5g","pt","br","0","-"
1272,"Celular Samsung","Google","Termos relacionados","-","celular samsung 256gb a56","pt","br","0","-"
1273,"Celular Samsung","Google","Termos relacionados","-","número de série do celular samsung","pt","br","0","-"
1274,"Celular Samsung","Google","Termos relacionados","-","bloquear celular samsung pelo imei","pt","br","0","-"
1275,"Celular Samsung","Google","Termos relacionados","-","lançamento de celular samsung","pt","br","0","-"
1276,"Celular Samsung","Google","Termos relacionados","-","como abrir celular samsung","pt","br","0","-"
1277,"Celular Samsung","Google","Termos relacionados","-","celular samsung azul","pt","br","0","-"
1278,"Celular Samsung","Google","Termos relacionados","-","celular samsung de 600 reais","pt","br","0","-"
1279,"Celular Samsung","Google","Termos relacionados","-","modelo de celular samsung 2025","pt","br","0","-"
1280,"Celular Samsung","Google","Termos relacionados","-","celular samsung antigo digital","pt","br","0","-"
1281,"Celular Samsung","Google","Termos relacionados","-","capinha para celular samsung a55","pt","br","0","-"
1282,"Celular Samsung","Google","Termos relacionados","-","celular samsung galaxy a35","pt","br","0","-"
1283,"Celular Samsung","Google","Termos relacionados","-","como limpar memória celular samsung","pt","br","0","-"
1284,"Celular Samsung","Google","Termos relacionados","-","celular samsung nas casas bahia","pt","br","0","-"
1285,"Celular Samsung","Google","Termos relacionados","-","celular samsung mais moderno","pt","br","0","-"
1286,"Celular Samsung","Google","Termos relacionados","-","celular samsung j4","pt","br","0","-"
1287,"Celular Samsung","Google","Termos relacionados","-","radio gaucha ao vivo ouvir agora direto no celular samsung","pt","br","0","-"
1288,"Celular Samsung","Google","Termos relacionados","-","celular samsung 6gb ram","pt","br","0","-"
1289,"Celular Samsung","Google","Termos relacionados","-","celular samsung z fold 7","pt","br","0","-"
1290,"Celular Samsung","Google","Termos relacionados","-","menor celular samsung","pt","br","0","-"
1291,"Celular Samsung","Google","Termos relacionados","-","celular samsung antigo flip rosa","pt","br","0","-"
1292,"Celular Samsung","Google","Termos relacionados","-","como formatar o celular samsung a15","pt","br","0","-"
1293,"Celular Samsung","Google","Termos relacionados","-","celular samsung antigo flip","pt","br","0","-"
1294,"Celular Samsung","Google","Termos relacionados","-","celular samsung em oferta","pt","br","0","-"
1295,"Celular Samsung","Google","Termos relacionados","-","celular samsung 8","pt","br","0","-"
1296,"Celular Samsung","Google","Termos relacionados","-","celular samsung galaxy a26 5g 256gb","pt","br","0","-"
1297,"Celular Samsung","Google","Termos relacionados","-","capinha de celular samsung a06","pt","br","0","-"
1298,"Celular Samsung","Google","Termos relacionados","-","celular samsung bom e barato 2026","pt","br","0","-"
1299,"Celular Samsung","Google","Termos relacionados","-","valor para trocar tela de celular samsung","pt","br","0","-"
1300,"Celular Samsung","Google","Termos relacionados","-","como tirar os anúncios do celular samsung","pt","br","0","-"
1301,"Celular Samsung","Google","Termos relacionados","-","celular samsung en claro","pt","br","0","-"
1302,"Celular Samsung","Google","Termos relacionados","-","celular samsung quadrado","pt","br","0","-"
1303,"Celular Samsung","Google","Termos relacionados","-","celular samsung a72","pt","br","0","-"
1304,"Celular Samsung","Google","Termos relacionados","-","capinha de celular samsung a16","pt","br","0","-"
1305,"Celular Samsung","Google","Termos relacionados","-","como desativar anuncios no celular samsung","pt","br","0","-"
1306,"Celular Samsung","Google","Termos relacionados","-","celular samsung com drone","pt","br","0","-"
1307,"Celular Samsung","Google","Termos relacionados","-","modelo de celular samsung 2024","pt","br","0","-"
1308,"Celular Samsung","Google","Termos relacionados","-","como formatar celular samsung a10","pt","br","0","-"
1309,"Celular Samsung","Google","Termos relacionados","-","celular samsung melhor camera","pt","br","0","-"
1310,"Celular Samsung","Google","Termos relacionados","-","lanterna para celular samsung","pt","br","0","-"
1311,"Celular Samsung","Google","Termos relacionados","-","celular samsung top","pt","br","0","-"
1312,"Celular Samsung","Google","Termos relacionados","-","meu whatsapp sumiu do meu celular samsung","pt","br","0","-"
1313,"Celular Samsung","Google","Termos relacionados","-","celular samsung pocket neo","pt","br","0","-"
1314,"Celular Samsung","Google","Termos relacionados","-","celular samsung não liga tela preta","pt","br","0","-"
1315,"Celular Samsung","Google","Termos relacionados","-","celular samsung a06 5g","pt","br","0","-"
1316,"Celular Samsung","Google","Termos relacionados","-","celular samsung de 256 gb","pt","br","0","-"
1317,"Celular Samsung","Google","Termos relacionados","-","oferta de celular samsung","pt","br","0","-"
1318,"Celular Samsung","Google","Termos relacionados","-","foto celular samsung","pt","br","0","-"
1319,"Celular Samsung","Google","Termos relacionados","-","celular samsung para idoso","pt","br","0","-"
1320,"Celular Samsung","Google","Termos relacionados","-","celular samsung ate 1500 reais","pt","br","0","-"
1321,"Celular Samsung","Google","Termos relacionados","-","bloqueio celular samsung","pt","br","0","-"
1322,"Celular Samsung","Google","Termos relacionados","-","como mudar os botões do celular samsung","pt","br","0","-"
1323,"Celular Samsung","Google","Termos relacionados","-","número de série do celular samsung na caixa","pt","br","0","-"
1324,"Celular Samsung","Google","Termos relacionados","-","imagem de celular samsung","pt","br","0","-"
1325,"Celular Samsung","Google","Termos relacionados","-","casas bahia celular samsung 128gb","pt","br","0","-"
1326,"Celular Samsung","Google","Termos relacionados","-","celular samsung galaxy a36 5g 256gb 8gb ram","pt","br","0","-"
1327,"Celular Samsung","Google","Termos relacionados","-","celular samsung ou motorola","pt","br","0","-"
1328,"Celular Samsung","Google","Termos relacionados","-","como tirar vírus de anúncio do celular samsung","pt","br","0","-"
1329,"Celular Samsung","Google","Termos relacionados","-","celular samsung galaxy a05","pt","br","0","-"
1330,"Celular Samsung","Google","Termos relacionados","-","aparelho de celular samsung","pt","br","0","-"
1331,"Celular Samsung","Google","Termos relacionados","-","como limpar o alto falante do celular samsung","pt","br","0","-"
1332,"Celular Samsung","Google","Termos relacionados","-","meu celular samsung não carrega","pt","br","0","-"
1333,"Celular Samsung","Google","Termos relacionados","-","celular samsung galaxy j","pt","br","0","-"
1334,"Celular Samsung","Google","Termos relacionados","-","trocar celular samsung","pt","br","0","-"
1335,"Celular Samsung","Google","Termos relacionados","-","celular samsung 7","pt","br","0","-"
1336,"Celular Samsung","Google","Termos relacionados","-","linhas na tela do celular samsung","pt","br","0","-"
1337,"Celular Samsung","Google","Termos relacionados","-","celular samsung a33","pt","br","0","-"
1338,"Celular Samsung","Google","Termos relacionados","-","celular samsung s24 ultra 512gb","pt","br","0","-"
1339,"Celular Samsung","Google","Termos relacionados","-","tabela de preço conserto celular samsung","pt","br","0","-"
1340,"Celular Samsung","Google","Termos relacionados","-","cordão para celular samsung","pt","br","0","-"
1341,"Celular Samsung","Google","Termos relacionados","-","celular samsung galaxy s25 5g 256gb 12gb ram","pt","br","0","-"
1342,"Celular Samsung","Google","Termos relacionados","-","celular samsung galaxy s24 fe 5g","pt","br","0","-"
1343,"Celular Samsung","Google","Termos relacionados","-","celular samsung 8gb ram 256gb","pt","br","0","-"
1344,"Celular Samsung","Google","Termos relacionados","-","baixar câmera para celular samsung","pt","br","0","-"
1345,"Celular Samsung","Google","Termos relacionados","-","celular samsung a26 5g 256gb","pt","br","0","-"
1346,"Celular Samsung","Google","Termos relacionados","-","como aumentar letra do celular samsung","pt","br","0","-"
1347,"Celular Samsung","Google","Termos relacionados","-","celular samsung galaxy pocket neo","pt","br","0","-"
1348,"Celular Samsung","Google","Termos relacionados","-","shopee celular samsung","pt","br","0","-"
1349,"Celular Samsung","Google","Termos relacionados","-","capa celular samsung a56","pt","br","0","-"
1350,"Celular Samsung","Google","Termos relacionados","-","celular samsung s25fe","pt","br","0","-"
1351,"Celular Samsung","Google","Termos relacionados","-","problema no microfone do celular samsung","pt","br","0","-"
1352,"Celular Samsung","Google","Termos relacionados","-","menor preço celular samsung","pt","br","0","-"
1353,"Celular Samsung","Google","Termos relacionados","-","celular samsung 2","pt","br","0","-"
1354,"Celular Samsung","Google","Termos relacionados","-","celular samsung a03s","pt","br","0","-"
1355,"Celular Samsung","Google","Termos relacionados","-","reset celular samsung","pt","br","0","-"
1356,"Celular Samsung","Google","Termos relacionados","-","bloquear celular samsung roubado","pt","br","0","-"
1357,"Celular Samsung","Google","Termos relacionados","-","celular samsung a56 256gb melhor preço","pt","br","0","-"
1358,"Celular Samsung","Google","Termos relacionados","-","celular samsung galaxy z fold7","pt","br","0","-"
1359,"Celular Samsung","Google","Termos relacionados","-","como limpar lixeira do celular samsung","pt","br","0","-"
1360,"Celular Samsung","Google","Termos relacionados","-","celular samsung ultra s25","pt","br","0","-"
1361,"Celular Samsung","Google","Termos relacionados","-","despertador do celular samsung","pt","br","0","-"
1362,"Celular Samsung","Google","Termos relacionados","-","celular samsung m13","pt","br","0","-"
1363,"Celular Samsung","Google","Termos relacionados","-","como descobrir o imei do celular samsung","pt","br","0","-"
1364,"Celular Samsung","Google","Termos relacionados","-","como ver a senha do roteador do celular samsung","pt","br","0","-"
1365,"Celular Samsung","Google","Termos relacionados","-","antivírus celular samsung","pt","br","0","-"
1366,"Celular Samsung","Google","Termos relacionados","-","triangulo com ponto de exclamação no celular samsung","pt","br","0","-"
1367,"Celular Samsung","Google","Termos relacionados","-","não consigo fazer ligações do meu celular samsung","pt","br","0","-"
1368,"Celular Samsung","Google","Termos relacionados","-","como tirar o som do teclado do celular samsung","pt","br","0","-"
1369,"Celular Samsung","Google","Termos relacionados","-","celular samsung a56 5g","pt","br","0","-"
1370,"Celular Samsung","Google","Termos relacionados","-","celular samsung z fold 6","pt","br","0","-"
1371,"Celular Samsung","Google","Termos relacionados","-","como formatar o celular samsung pelo botão","pt","br","0","-"
1372,"Celular Samsung","Google","Termos relacionados","-","celular samsung s25 edge","pt","br","0","-"
1373,"Celular Samsung","Google","Termos relacionados","-","celular samsung em ofertas","pt","br","0","-"
1374,"Celular Samsung","Google","Termos relacionados","-","celular samsung 128gb 8gb ram","pt","br","0","-"
1375,"Celular Samsung","Google","Termos relacionados","-","carregador para celular samsung original","pt","br","0","-"
1376,"Celular Samsung","Google","Termos relacionados","-","celular samsung 15","pt","br","0","-"
1377,"Celular Samsung","Google","Termos relacionados","-","celular samsung s7","pt","br","0","-"
1378,"Celular Samsung","Google","Termos relacionados","-","celular samsung com nfc barato","pt","br","0","-"
1379,"Celular Samsung","Google","Termos relacionados","-","temas para celular samsung","pt","br","0","-"
1380,"Celular Samsung","Google","Termos relacionados","-","controle de tv no celular samsung","pt","br","0","-"
1381,"Celular Samsung","Google","Termos relacionados","-","modelo de celular samsung novo","pt","br","0","-"
1382,"Celular Samsung","Google","Termos relacionados","-","celular samsung 2024","pt","br","0","-"
1383,"Celular Samsung","Google","Termos relacionados","-","capas de celular samsung a15","pt","br","0","-"
1384,"Celular Samsung","Google","Termos relacionados","-","qual melhor marca de celular samsung ou motorola","pt","br","0","-"
1385,"Celular Samsung","Google","Termos relacionados","-","print celular samsung","pt","br","0","-"
1386,"Celular Samsung","Google","Termos relacionados","-","qual a melhor película para celular samsung","pt","br","0","-"
1387,"Celular Samsung","Google","Termos relacionados","-","celular samsung bts","pt","br","0","-"
1388,"Celular Samsung","Google","Termos relacionados","-","como formatar celular samsung com senha esquecida","pt","br","0","-"
1389,"Celular Samsung","Google","Termos relacionados","-","como jogar gta 5 no celular samsung","pt","br","0","-"
1390,"Celular Samsung","Google","Termos relacionados","-","como esvaziar a lixeira do celular samsung","pt","br","0","-"
1391,"Celular Samsung","Google","Termos relacionados","-","celular samsung travou a tela","pt","br","0","-"
1392,"Celular Samsung","Google","Termos relacionados","-","casa e vídeo celular samsung","pt","br","0","-"
1393,"Celular Samsung","Google","Termos relacionados","-","suporte celular samsung","pt","br","0","-"
1394,"Celular Samsung","Google","Termos relacionados","-","qual melhor celular samsung custo benefício","pt","br","0","-"
1395,"Celular Samsung","Google","Termos relacionados","-","tirar anúncios do celular samsung","pt","br","0","-"
1396,"Celular Samsung","Google","Termos relacionados","-","celular samsung 16 gb ram","pt","br","0","-"
1397,"Celular Samsung","Google","Termos relacionados","-","como formatar celular samsung pelo botão","pt","br","0","-"
1398,"Celular Samsung","Google","Termos relacionados","-","celular samsung black friday","pt","br","0","-"
1399,"Celular Samsung","Google","Termos relacionados","-","bateria de celular samsung original","pt","br","0","-"
1400,"Celular Samsung","Google","Termos relacionados","-","como formatar o celular samsung a10","pt","br","0","-"
1401,"Celular Samsung","Google","Termos relacionados","-","como girar a tela do celular samsung","pt","br","0","-"
1402,"Celular Samsung","Google","Termos relacionados","-","quanto é um celular samsung","pt","br","0","-"
1403,"Celular Samsung","Google","Termos relacionados","-","celular samsung dual chip","pt","br","0","-"
1404,"Celular Samsung","Google","Termos relacionados","-","celular samsung z flip 7","pt","br","0","-"
1405,"Celular Samsung","Google","Termos relacionados","-","como colocar a hora na tela do celular samsung","pt","br","0","-"
1406,"Celular Samsung","Google","Termos relacionados","-","preço celular samsung a56","pt","br","0","-"
1407,"Celular Samsung","Google","Termos relacionados","-","celular samsung galaxy a26 5g 256gb 8gb ram","pt","br","0","-"
1408,"Celular Samsung","Google","Termos relacionados","-","limpar lixeira do celular samsung","pt","br","0","-"
1409,"Celular Samsung","Google","Termos relacionados","-","capinha de celular samsung a14","pt","br","0","-"
1410,"Celular Samsung","Google","Termos relacionados","-","melhor celular samsung 2026","pt","br","0","-"
1411,"Celular Samsung","Google","Termos relacionados","-","como colocar o cartão no celular samsung","pt","br","0","-"
1412,"Celular Samsung","Google","Termos relacionados","-","como ativar a lanterna do celular samsung","pt","br","0","-"
1413,"Celular Samsung","Google","Termos relacionados","-","carregador portátil para celular samsung","pt","br","0","-"
1414,"Celular Samsung","Google","Termos relacionados","-","como tirar virus celular samsung","pt","br","0","-"
1415,"Celular Samsung","Google","Termos relacionados","-","celular samsung até 1500 reais","pt","br","0","-"
1416,"Celular Samsung","Google","Termos relacionados","-","celular samsung no paraguai","pt","br","0","-"
1417,"Celular Samsung","Google","Termos relacionados","-","celular samsung galaxy z fold 7","pt","br","0","-"
1418,"Celular Samsung","Google","Termos relacionados","-","como aumentar o brilho da tela do celular samsung","pt","br","0","-"
1419,"Celular Samsung","Google","Termos relacionados","-","celular samsung flip 5","pt","br","0","-"
1420,"Celular Samsung","Google","Termos relacionados","-","celular samsung note 20","pt","br","0","-"
1421,"Celular Samsung","Google","Termos relacionados","-","celular samsung para jogos","pt","br","0","-"
1422,"Celular Samsung","Google","Termos relacionados","-","localizar meu celular samsung","pt","br","0","-"
1423,"Celular Samsung","Google","Termos relacionados","-","qual celular samsung é bom","pt","br","0","-"
1424,"Celular Samsung","Google","Termos relacionados","-","como localizar celular samsung","pt","br","0","-"
1425,"Celular Samsung","Google","Termos relacionados","-","celular samsung galaxy s22","pt","br","0","-"
1426,"Celular Samsung","Google","Termos relacionados","-","celular samsung na vivo","pt","br","0","-"
1427,"Celular Samsung","Google","Termos relacionados","-","celular samsung 128gb 5g","pt","br","0","-"
1428,"Celular Samsung","Google","Termos relacionados","-","celular samsung verde","pt","br","0","-"
1429,"Celular Samsung","Google","Termos relacionados","-","celular samsung s23 plus","pt","br","0","-"
1430,"Celular Samsung","Google","Termos relacionados","-","celular samsung 256gb 8gb ram 5g","pt","br","0","-"
1431,"Celular Samsung","Google","Termos relacionados","-","celular samsung de botão","pt","br","0","-"
1432,"Celular Samsung","Google","Termos relacionados","-","celular samsung a75","pt","br","0","-"
1433,"Celular Samsung","Google","Termos relacionados","-","jogos grátis para celular samsung","pt","br","0","-"
1434,"Celular Samsung","Google","Termos relacionados","-","luz verde no canto do celular samsung","pt","br","0","-"
1435,"Celular Samsung","Google","Termos relacionados","-","celular samsung 17","pt","br","0","-"
1436,"Celular Samsung","Google","Termos relacionados","-","celular samsung m56","pt","br","0","-"
1437,"Celular Samsung","Google","Termos relacionados","-","celular samsung a36 é bom","pt","br","0","-"
1438,"Celular Samsung","Google","Termos relacionados","-","lançamento celular samsung 2024","pt","br","0","-"
1439,"Celular Samsung","Google","Termos relacionados","-","como destravar a tela do celular samsung","pt","br","0","-"
1440,"Celular Samsung","Google","Termos relacionados","-","celular samsung pernambucanas","pt","br","0","-"
1441,"Celular Samsung","Google","Termos relacionados","-","como ver tempo de uso do celular samsung","pt","br","0","-"
1442,"Celular Samsung","Google","Termos relacionados","-","celular samsung galaxy a14","pt","br","0","-"
1443,"Celular Samsung","Google","Termos relacionados","-","antivírus para celular samsung","pt","br","0","-"
1444,"Celular Samsung","Google","Termos relacionados","-","celular samsung 256gb 5g promoção","pt","br","0","-"
1445,"Celular Samsung","Google","Termos relacionados","-","como tirar vírus de celular samsung","pt","br","0","-"
1446,"Celular Samsung","Google","Termos relacionados","-","celular samsung galaxy a36","pt","br","0","-"
1447,"Celular Samsung","Google","Termos relacionados","-","melhor preço celular samsung","pt","br","0","-"
1448,"Celular Samsung","Google","Termos relacionados","-","celular samsung bom custo benefício","pt","br","0","-"
1449,"Celular Samsung","Google","Termos relacionados","-","capinha de celular samsung s23","pt","br","0","-"
1450,"Celular Samsung","Google","Termos relacionados","-","como tirar água do celular samsung","pt","br","0","-"
1451,"Celular Samsung","Google","Termos relacionados","-","como formatar o celular samsung a14","pt","br","0","-"
1452,"Celular Samsung","Google","Termos relacionados","-","celular samsung armazém paraíba","pt","br","0","-"
1453,"Celular Samsung","Google","Termos relacionados","-","celular samsung s24 512gb","pt","br","0","-"
1454,"Celular Samsung","Google","Termos relacionados","-","celular samsung s5","pt","br","0","-"
1455,"Celular Samsung","Google","Termos relacionados","-","como remover anúncio do celular samsung","pt","br","0","-"
1456,"Celular Samsung","Google","Termos relacionados","-","como tirar o modo escuro do celular samsung","pt","br","0","-"
1457,"Celular Samsung","Google","Termos relacionados","-","como limpar cache do celular samsung","pt","br","0","-"
1458,"Celular Samsung","Google","Termos relacionados","-","celular samsung bom para jogos","pt","br","0","-"
1459,"Celular Samsung","Google","Termos relacionados","-","câmera celular samsung","pt","br","0","-"
1460,"Celular Samsung","Google","Termos relacionados","-","como ativar o microfone do celular samsung","pt","br","0","-"
1461,"Celular Samsung","Google","Termos relacionados","-","triângulo com ponto de exclamação no celular samsung","pt","br","0","-"
1462,"Celular Samsung","Google","Termos relacionados","-","como tirar senha pin do celular samsung","pt","br","0","-"
1463,"Celular Samsung","Google","Termos relacionados","-","como localizar o celular samsung","pt","br","0","-"
1464,"Celular Samsung","Google","Termos relacionados","-","celular samsung galaxy a03","pt","br","0","-"
1465,"Celular Samsung","Google","Termos relacionados","-","como aumentar as letras do celular samsung","pt","br","0","-"
1466,"Celular Samsung","Google","Termos relacionados","-","como baixar o youcine no celular samsung","pt","br","0","-"
1467,"Celular Samsung","Google","Termos relacionados","-","capa de celular samsung a15","pt","br","0","-"
1468,"Celular Samsung","Google","Termos relacionados","-","linha verde na tela do celular samsung como resolver","pt","br","0","-"
1469,"Celular Samsung","Google","Termos relacionados","-","celular samsung travando","pt","br","0","-"
1470,"Celular Samsung","Google","Termos relacionados","-","celular samsung a prova d agua preço","pt","br","0","-"
1471,"Celular Samsung","Google","Termos relacionados","-","celular samsung a15 256gb 5g","pt","br","0","-"
1472,"Celular Samsung","Google","Termos relacionados","-","microfone celular samsung","pt","br","0","-"
1473,"Celular Samsung","Google","Termos relacionados","-","celular samsung z","pt","br","0","-"
1474,"Celular Samsung","Google","Termos relacionados","-","carregador celular samsung original","pt","br","0","-"
1475,"Celular Samsung","Google","Termos relacionados","-","celular samsung galaxy a25","pt","br","0","-"
1476,"Celular Samsung","Google","Termos relacionados","-","celular samsung 55","pt","br","0","-"
1477,"Celular Samsung","Google","Termos relacionados","-","celular samsung m55 256gb preço","pt","br","0","-"
1478,"Celular Samsung","Google","Termos relacionados","-","celular samsung a36 5g 256gb","pt","br","0","-"
1479,"Celular Samsung","Google","Termos relacionados","-","celular samsung m15 5g","pt","br","0","-"
1480,"Celular Samsung","Google","Termos relacionados","-","seguros para celular samsung","pt","br","0","-"
1481,"Celular Samsung","Google","Termos relacionados","-","celular samsung olx","pt","br","0","-"
1482,"Celular Samsung","Google","Termos relacionados","-","como ver o imei do celular samsung","pt","br","0","-"
1483,"Celular Samsung","Google","Termos relacionados","-","como tirar o fundo preto do celular samsung","pt","br","0","-"
1484,"Celular Samsung","Google","Termos relacionados","-","magazine celular samsung","pt","br","0","-"
1485,"Celular Samsung","Google","Termos relacionados","-","como ler qr code no celular samsung","pt","br","0","-"
1486,"Celular Samsung","Google","Termos relacionados","-","celular samsung a16 256gb 5g","pt","br","0","-"
1487,"Celular Samsung","Google","Termos relacionados","-","celular samsung carregamento por indução","pt","br","0","-"
1488,"Celular Samsung","Google","Termos relacionados","-","placa de celular samsung","pt","br","0","-"
1489,"Celular Samsung","Google","Termos relacionados","-","celular samsung a17 128gb","pt","br","0","-"
1490,"Celular Samsung","Google","Termos relacionados","-","busca celular samsung","pt","br","0","-"
1491,"Celular Samsung","Google","Termos relacionados","-","celular samsung a 1","pt","br","0","-"
1492,"Celular Samsung","Google","Termos relacionados","-","melhor celular samsung 256gb","pt","br","0","-"
1493,"Celular Samsung","Google","Termos relacionados","-","como colocar cartão no celular samsung","pt","br","0","-"
1494,"Celular Samsung","Google","Termos relacionados","-","celular samsung s55","pt","br","0","-"
1495,"Celular Samsung","Google","Termos relacionados","-","como mudar a cor do celular samsung","pt","br","0","-"
1496,"Celular Samsung","Google","Termos relacionados","-","celular samsung note 20 ultra","pt","br","0","-"
1497,"Celular Samsung","Google","Termos relacionados","-","celular samsung a34 256gb","pt","br","0","-"
1498,"Celular Samsung","Google","Termos relacionados","-","qual o valor do celular samsung","pt","br","0","-"
1499,"Celular Samsung","Google","Termos relacionados","-","formatar celular samsung desligado","pt","br","0","-"
1500,"Celular Samsung","Google","Termos relacionados","-","celular samsung a26 é bom","pt","br","0","-"
1501,"Celular Samsung","Google","Termos relacionados","-","aparelhos de celular samsung","pt","br","0","-"
1502,"Celular Samsung","Google","Termos relacionados","-","relógio celular samsung","pt","br","0","-"
1503,"Celular Samsung","Google","Termos relacionados","-","celular samsung 5g 128gb 8gb ram","pt","br","0","-"
1504,"Celular Samsung","Google","Termos relacionados","-","celular samsung bemol","pt","br","0","-"
1505,"Celular Samsung","Google","Termos relacionados","-","celular samsung s25 ultra 512 gb","pt","br","0","-"
1506,"Celular Samsung","Google","Termos relacionados","-","como liberar espaço no celular samsung","pt","br","0","-"
1507,"Celular Samsung","Google","Termos relacionados","-","celular samsung m14","pt","br","0","-"
1508,"Celular Samsung","Google","Termos relacionados","-","celular samsung a04e","pt","br","0","-"
1509,"Celular Samsung","Google","Termos relacionados","-","celular samsung s10 plus","pt","br","0","-"
1510,"Celular Samsung","Google","Termos relacionados","-","toque de celular samsung","pt","br","0","-"
1511,"Celular Samsung","Google","Termos relacionados","-","como tirar modo de segurança do celular samsung","pt","br","0","-"
1512,"Celular Samsung","Google","Termos relacionados","-","celular samsung a56 preço","pt","br","0","-"
1513,"Celular Samsung","Google","Termos relacionados","-","como espelhar celular samsung na tv","pt","br","0","-"
1514,"Celular Samsung","Google","Termos relacionados","-","celular samsung galaxy s23 ultra","pt","br","0","-"
1515,"Celular Samsung","Google","Termos relacionados","-","como tirar print no celular samsung a06","pt","br","0","-"
1516,"Celular Samsung","Google","Termos relacionados","-","celular samsung que abre","pt","br","0","-"
1517,"Celular Samsung","Google","Termos relacionados","-","celular samsung 25","pt","br","0","-"
1518,"Celular Samsung","Google","Termos relacionados","-","antivírus grátis para celular samsung","pt","br","0","-"
1519,"Celular Samsung","Google","Termos relacionados","-","o que fazer quando o celular samsung trava","pt","br","0","-"
1520,"Celular Samsung","Google","Termos relacionados","-","celular samsung 35","pt","br","0","-"
1521,"Celular Samsung","Google","Termos relacionados","-","celular samsung de 400 reais","pt","br","0","-"
1522,"Celular Samsung","Google","Termos relacionados","-","celular samsung intermediário","pt","br","0","-"
1523,"Celular Samsung","Google","Termos relacionados","-","como ativar o nfc no celular samsung","pt","br","0","-"
1524,"Celular Samsung","Google","Termos relacionados","-","melhor capa para celular samsung","pt","br","0","-"
1525,"Celular Samsung","Google","Termos relacionados","-","celular samsung antigo com android","pt","br","0","-"
1526,"Celular Samsung","Google","Termos relacionados","-","conserto de celular samsung","pt","br","0","-"
1527,"Celular Samsung","Google","Termos relacionados","-","atualizar celular samsung","pt","br","0","-"
1528,"Celular Samsung","Google","Termos relacionados","-","como localizar um celular samsung","pt","br","0","-"
1529,"Celular Samsung","Google","Termos relacionados","-","como ajustar a cor da tela do celular samsung","pt","br","0","-"
1530,"Celular Samsung","Google","Termos relacionados","-","celular samsung de 300 reais","pt","br","0","-"
1531,"Celular Samsung","Google","Termos relacionados","-","celular samsung shopee","pt","br","0","-"
1532,"Celular Samsung","Google","Termos relacionados","-","celular samsung anos 2000","pt","br","0","-"
1533,"Celular Samsung","Google","Termos relacionados","-","capa de celular samsung a06","pt","br","0","-"
1534,"Celular Samsung","Google","Termos relacionados","-","vírus no celular samsung","pt","br","0","-"
1535,"Celular Samsung","Google","Termos relacionados","-","cooler para celular samsung","pt","br","0","-"
1536,"Celular Samsung","Google","Termos relacionados","-","como remover conta google do celular samsung bloqueado","pt","br","0","-"
1537,"Celular Samsung","Google","Termos relacionados","-","como transferir whatsapp para outro celular samsung","pt","br","0","-"
1538,"Celular Samsung","Google","Termos relacionados","-","imei celular samsung","pt","br","0","-"
1539,"Celular Samsung","Google","Termos relacionados","-","como resetar o celular samsung bloqueado","pt","br","0","-"
1540,"Celular Samsung","Google","Termos relacionados","-","como desativar o gemini do celular samsung","pt","br","0","-"
1541,"Celular Samsung","Google","Termos relacionados","-","como limpar memória do celular samsung","pt","br","0","-"
1542,"Celular Samsung","Google","Termos relacionados","-","como tirar vírus de propaganda do celular samsung","pt","br","0","-"
1543,"Celular Samsung","Google","Termos relacionados","-","como mudar a cor do teclado do celular samsung","pt","br","0","-"
1544,"Celular Samsung","Google","Termos relacionados","-","loja tim celular samsung","pt","br","0","-"
1545,"Celular Samsung","Google","Termos relacionados","-","celular samsung s25 512gb","pt","br","0","-"
1546,"Celular Samsung","Google","Termos relacionados","-","celular samsung com relógio","pt","br","0","-"
1547,"Celular Samsung","Google","Termos relacionados","-","como formatar o celular samsung a06","pt","br","0","-"
1548,"Celular Samsung","Google","Termos relacionados","-","celular samsung a56 256gb menor preço","pt","br","0","-"
1549,"Celular Samsung","Google","Termos relacionados","-","celular samsung a02s","pt","br","0","-"
1550,"Celular Samsung","Google","Termos relacionados","-","galaxy a celular samsung","pt","br","0","-"
1551,"Celular Samsung","Google","Termos relacionados","-","celular samsung da linha s","pt","br","0","-"
1552,"Celular Samsung","Google","Termos relacionados","-","celular samsung com melhor camera","pt","br","0","-"
1553,"Celular Samsung","Google","Termos relacionados","-","onde fica o microfone do celular samsung","pt","br","0","-"
1554,"Celular Samsung","Google","Termos relacionados","-","assistência técnica de celular samsung","pt","br","0","-"
1555,"Celular Samsung","Google","Termos relacionados","-","celular samsung pequeno barato","pt","br","0","-"
1556,"Celular Samsung","Google","Termos relacionados","-","celular samsung galaxy j1","pt","br","0","-"
1557,"Celular Samsung","Google","Termos relacionados","-","celular samsung lançado em 2025","pt","br","0","-"
1558,"Celular Samsung","Google","Termos relacionados","-","celular samsung galaxy a","pt","br","0","-"
1559,"Celular Samsung","Google","Termos relacionados","-","celular samsung até 1000","pt","br","0","-"
1560,"Celular Samsung","Google","Termos relacionados","-","código para desbloquear celular samsung","pt","br","0","-"
1561,"Celular Samsung","Google","Termos relacionados","-","como saber quantos gigas tem meu celular samsung","pt","br","0","-"
1562,"Celular Samsung","Google","Termos relacionados","-","tela piscando celular samsung","pt","br","0","-"
1563,"Celular Samsung","Google","Termos relacionados","-","quanto custa para arrumar a tela do celular samsung","pt","br","0","-"
1564,"Celular Samsung","Google","Termos relacionados","-","celular samsung galaxy a05s","pt","br","0","-"
1565,"Celular Samsung","Google","Termos relacionados","-","como tirar o bloqueio do celular samsung","pt","br","0","-"
1566,"Celular Samsung","Google","Termos relacionados","-","como resetar a bateria do celular samsung","pt","br","0","-"
1567,"Celular Samsung","Google","Termos relacionados","-","celular samsung 500 reais","pt","br","0","-"
1568,"Celular Samsung","Google","Termos relacionados","-","celular samsung j1","pt","br","0","-"
1569,"Celular Samsung","Google","Termos relacionados","-","celular samsung paraguai","pt","br","0","-"
1570,"Celular Samsung","Google","Termos relacionados","-","preço celular samsung s24","pt","br","0","-"
1571,"Celular Samsung","Google","Termos relacionados","-","celular samsung core 2","pt","br","0","-"
1572,"Celular Samsung","Google","Termos relacionados","-","celular samsung black friday 2024","pt","br","0","-"
1573,"Celular Samsung","Google","Termos relacionados","-","celular samsung 26","pt","br","0","-"
1574,"Celular Samsung","Google","Termos relacionados","-","cabo para celular samsung","pt","br","0","-"
1575,"Celular Samsung","Google","Termos relacionados","-","como recuperar senha do celular samsung","pt","br","0","-"
1576,"Celular Samsung","Google","Termos relacionados","-","celular samsung galaxy s25 fe 5g","pt","br","0","-"
1577,"Celular Samsung","Google","Termos relacionados","-","celular samsung galaxy 54","pt","br","0","-"
1578,"Celular Samsung","Google","Termos relacionados","-","celular samsung casas bahia preço","pt","br","0","-"
1579,"Celular Samsung","Google","Termos relacionados","-","como colocar chip no celular samsung","pt","br","0","-"
1580,"Celular Samsung","Google","Termos relacionados","-","achar meu celular samsung","pt","br","0","-"
1581,"Celular Samsung","Google","Termos relacionados","-","capa celular samsung s24","pt","br","0","-"
1582,"Celular Samsung","Google","Termos relacionados","-","celular samsung a36 128gb","pt","br","0","-"
1583,"Celular Samsung","Google","Termos relacionados","-","meu celular samsung não sai som no whatsapp","pt","br","0","-"
1584,"Celular Samsung","Google","Termos relacionados","-","capa celular samsung a06","pt","br","0","-"
1585,"Celular Samsung","Google","Termos relacionados","-","como grampear um celular samsung","pt","br","0","-"
1586,"Celular Samsung","Google","Termos relacionados","-","celular samsung com snapdragon","pt","br","0","-"
1587,"Celular Samsung","Google","Termos relacionados","-","como recuperar senha celular samsung","pt","br","0","-"
1588,"Celular Samsung","Google","Termos relacionados","-","tema para celular samsung","pt","br","0","-"
1589,"Celular Samsung","Google","Termos relacionados","-","calculadora celular samsung","pt","br","0","-"
1590,"Celular Samsung","Google","Termos relacionados","-","como tirar print do celular samsung a15","pt","br","0","-"
1591,"Celular Samsung","Google","Termos relacionados","-","como printar a tela do celular samsung","pt","br","0","-"
1592,"Celular Samsung","Google","Termos relacionados","-","celular samsung j","pt","br","0","-"
1593,"Celular Samsung","Google","Termos relacionados","-","preço do celular samsung a16","pt","br","0","-"
1594,"Celular Samsung","Google","Termos relacionados","-","como tirar o gemini do celular samsung","pt","br","0","-"
1595,"Celular Samsung","Google","Termos relacionados","-","celular samsung galaxy s25 5g","pt","br","0","-"
1596,"Celular Samsung","Google","Termos relacionados","-","celular samsung 16gb ram","pt","br","0","-"
1597,"Celular Samsung","Google","Termos relacionados","-","whatsapp sumiu do celular samsung","pt","br","0","-"
1598,"Celular Samsung","Google","Termos relacionados","-","relogio e celular samsung","pt","br","0","-"
1599,"Celular Samsung","Google","Termos relacionados","-","celular samsung a15 5g 256gb 8gb ram","pt","br","0","-"
1600,"Celular Samsung","Google","Termos relacionados","-","celular samsung mini","pt","br","0","-"
1601,"Celular Samsung","Google","Termos relacionados","-","celular samsung s23 512 gb","pt","br","0","-"
1602,"Celular Samsung","Google","Termos relacionados","-","celular samsung galaxy a55 5g 256gb","pt","br","0","-"
1603,"Celular Samsung","Google","Termos relacionados","-","celular samsung mais antigo","pt","br","0","-"
1604,"Celular Samsung","Google","Termos relacionados","-","descobrir pin celular samsung","pt","br","0","-"
1605,"Celular Samsung","Google","Termos relacionados","-","celular samsung travado o que fazer","pt","br","0","-"
1606,"Celular Samsung","Google","Termos relacionados","-","como configurar o celular samsung","pt","br","0","-"
1607,"Celular Samsung","Google","Termos relacionados","-","celular samsung linha a qual o melhor","pt","br","0","-"
1608,"Celular Samsung","Google","Termos relacionados","-","celular samsung m31","pt","br","0","-"
1609,"Celular Samsung","Google","Termos relacionados","-","como transferir energia de um celular para outro celular samsung","pt","br","0","-"
1610,"Celular Samsung","Google","Termos relacionados","-","celular samsung galaxy m55 5g câmera tripla até 50mp","pt","br","0","-"
1611,"Celular Samsung","Google","Termos relacionados","-","resetar celular samsung bloqueado","pt","br","0","-"
1612,"Celular Samsung","Google","Termos relacionados","-","assistência autorizada celular samsung","pt","br","0","-"
1613,"Celular Samsung","Google","Termos relacionados","-","celular samsung com 256gb","pt","br","0","-"
1614,"Celular Samsung","Google","Termos relacionados","-","celular samsung m34","pt","br","0","-"
1615,"Celular Samsung","Google","Termos relacionados","-","cabo celular samsung","pt","br","0","-"
1616,"Celular Samsung","Google","Termos relacionados","-","celular samsung galaxy z fold 7 1tb","pt","br","0","-"
1617,"Celular Samsung","Google","Termos relacionados","-","celular samsung melhor custo benefício 2024","pt","br","0","-"
1618,"Celular Samsung","Google","Termos relacionados","-","como colocar o google na tela inicial do celular samsung","pt","br","0","-"
1619,"Celular Samsung","Google","Termos relacionados","-","celular samsung a32 128gb","pt","br","0","-"
1620,"Celular Samsung","Google","Termos relacionados","-","celular samsung 128","pt","br","0","-"
1621,"Celular Samsung","Google","Termos relacionados","-","papel de parede 3d para celular samsung","pt","br","0","-"
1622,"Celular Samsung","Google","Termos relacionados","-","celular samsung a55 preço","pt","br","0","-"
1623,"Celular Samsung","Google","Termos relacionados","-","capa para celular samsung a 16","pt","br","0","-"
1624,"Celular Samsung","Google","Termos relacionados","-","como conectar o fone de ouvido no celular samsung","pt","br","0","-"
1625,"Celular Samsung","Google","Termos relacionados","-","limpar celular samsung","pt","br","0","-"
1626,"Celular Samsung","Google","Termos relacionados","-","celular samsung barato mercado livre","pt","br","0","-"
1627,"Celular Samsung","Google","Termos relacionados","-","celular samsung galaxy 256gb","pt","br","0","-"
1628,"Celular Samsung","Google","Termos relacionados","-","celular samsung galaxy note 7","pt","br","0","-"
1629,"Celular Samsung","Google","Termos relacionados","-","como dar reset no celular samsung","pt","br","0","-"
1630,"Celular Samsung","Google","Termos relacionados","-","celular samsung 256gb s23","pt","br","0","-"
1631,"Celular Samsung","Google","Termos relacionados","-","celular samsung z fold","pt","br","0","-"
1632,"Celular Samsung","Google","Termos relacionados","-","qual celular samsung tem a melhor câmera","pt","br","0","-"
1633,"Celular Samsung","Google","Termos relacionados","-","capa de celular samsung a16","pt","br","0","-"
1634,"Celular Samsung","Google","Termos relacionados","-","como configurar rede wifi no celular samsung","pt","br","0","-"
1635,"Celular Samsung","Google","Termos relacionados","-","celular samsung promoção americanas","pt","br","0","-"
1636,"Celular Samsung","Google","Termos relacionados","-","celular samsung mais em conta","pt","br","0","-"
1637,"Celular Samsung","Google","Termos relacionados","-","controle celular samsung","pt","br","0","-"
1638,"Celular Samsung","Google","Termos relacionados","-","preço bateria celular samsung","pt","br","0","-"
1639,"Celular Samsung","Google","Termos relacionados","-","código para aumentar o volume do celular samsung","pt","br","0","-"
1640,"Celular Samsung","Google","Termos relacionados","-","celular samsung a60","pt","br","0","-"
1641,"Celular Samsung","Google","Termos relacionados","-","youcine para celular samsung","pt","br","0","-"
1642,"Celular Samsung","Google","Termos relacionados","-","teclado celular samsung","pt","br","0","-"
1643,"Celular Samsung","Google","Termos relacionados","-","como voltar a tela normal do celular samsung","pt","br","0","-"
1644,"Celular Samsung","Google","Termos relacionados","-","celular samsung s22 256gb","pt","br","0","-"
1645,"Celular Samsung","Google","Termos relacionados","-","celular samsung beam","pt","br","0","-"
1646,"Celular Samsung","Google","Termos relacionados","-","celular samsung 128gb promocao","pt","br","0","-"
1647,"Celular Samsung","Google","Termos relacionados","-","celular samsung 2010","pt","br","0","-"
1648,"Celular Samsung","Google","Termos relacionados","-","celular samsung de 200 reais","pt","br","0","-"
1649,"Celular Samsung","Google","Termos relacionados","-","celular samsung galaxy s25 edge 5g","pt","br","0","-"
1650,"Celular Samsung","Google","Termos relacionados","-","mudar o teclado do celular samsung","pt","br","0","-"
1651,"Celular Samsung","Google","Termos relacionados","-","celular samsung galaxy a16 5g 256gb","pt","br","0","-"
1652,"Celular Samsung","Google","Termos relacionados","-","linha branca na tela do celular samsung","pt","br","0","-"
1653,"Celular Samsung","Google","Termos relacionados","-","celular samsung a32 5g","pt","br","0","-"
1654,"Celular Samsung","Google","Termos relacionados","-","celular samsung s4","pt","br","0","-"
1655,"Celular Samsung","Google","Termos relacionados","-","como tirar print do celular samsung a06","pt","br","0","-"
1656,"Celular Samsung","Google","Termos relacionados","-","compare celular samsung","pt","br","0","-"
1657,"Celular Samsung","Google","Termos relacionados","-","como colocar o chip no celular samsung","pt","br","0","-"
1658,"Celular Samsung","Google","Termos relacionados","-","celular samsung j1 mini prime","pt","br","0","-"
1659,"Celular Samsung","Google","Termos relacionados","-","celular samsung a prova d'água preço","pt","br","0","-"
1660,"Celular Samsung","Google","Termos relacionados","-","capinha para celular samsung s20 fe","pt","br","0","-"
1661,"Celular Samsung","Google","Termos relacionados","-","onde fica o qr code do celular samsung","pt","br","0","-"
1662,"Celular Samsung","Google","Termos relacionados","-","manutenção celular samsung","pt","br","0","-"
1663,"Celular Samsung","Google","Termos relacionados","-","celular samsung galaxy s20","pt","br","0","-"
1664,"Celular Samsung","Google","Termos relacionados","-","celular samsung a18","pt","br","0","-"
1665,"Celular Samsung","Google","Termos relacionados","-","celular samsung galaxy a56 5g 128gb 8gb ram preto","pt","br","0","-"
1666,"Celular Samsung","Google","Termos relacionados","-","aluguel de celular samsung","pt","br","0","-"
1667,"Celular Samsung","Google","Termos relacionados","-","limpeza celular samsung","pt","br","0","-"
1668,"Celular Samsung","Google","Termos relacionados","-","linha verde no celular samsung","pt","br","0","-"
1669,"Celular Samsung","Google","Termos relacionados","-","celular samsung m34 5g","pt","br","0","-"
1670,"Celular Samsung","Google","Termos relacionados","-","como conectar o fone bluetooth no celular samsung","pt","br","0","-"
1671,"Celular Samsung","Google","Termos relacionados","-","como tirar o pontinho verde do celular samsung","pt","br","0","-"
1672,"Celular Samsung","Google","Termos relacionados","-","celular samsung com a melhor câmera","pt","br","0","-"
1673,"Celular Samsung","Google","Termos relacionados","-","celular samsung 500gb","pt","br","0","-"
1674,"Celular Samsung","Google","Termos relacionados","-","celular samsung a4","pt","br","0","-"
1675,"Celular Samsung","Google","Termos relacionados","-","seguro celular samsung","pt","br","0","-"
1676,"Celular Samsung","Google","Termos relacionados","-","como aumentar o teclado do celular samsung","pt","br","0","-"
1677,"Celular Samsung","Google","Termos relacionados","-","celular samsung com melhor câmera","pt","br","0","-"
1678,"Celular Samsung","Google","Termos relacionados","-","fonte para celular samsung","pt","br","0","-"
1679,"Celular Samsung","Google","Termos relacionados","-","valor do celular samsung a16","pt","br","0","-"
1680,"Celular Samsung","Google","Termos relacionados","-","qual o melhor celular samsung custo benefício","pt","br","0","-"
1681,"Celular Samsung","Google","Termos relacionados","-","como formatar celular samsung a14","pt","br","0","-"
1682,"Celular Samsung","Google","Termos relacionados","-","como desativar o talkback do celular samsung","pt","br","0","-"
1683,"Celular Samsung","Google","Termos relacionados","-","como abrir um celular samsung","pt","br","0","-"
1684,"Celular Samsung","Google","Termos relacionados","-","celular samsung 5g mais barato","pt","br","0","-"
1685,"Celular Samsung","Google","Termos relacionados","-","carregador de celular samsung turbo","pt","br","0","-"
1686,"Celular Samsung","Google","Termos relacionados","-","melhor celular samsung barato","pt","br","0","-"
1687,"Celular Samsung","Google","Termos relacionados","-","seguro para celular samsung","pt","br","0","-"
1688,"Celular Samsung","Google","Termos relacionados","-","como baixar unitv no celular samsung","pt","br","0","-"
1689,"Celular Samsung","Google","Termos relacionados","-","celular samsung j3 prime","pt","br","0","-"
1690,"Celular Samsung","Google","Termos relacionados","-","capa de celular samsung a56","pt","br","0","-"
1691,"Celular Samsung","Google","Termos relacionados","-","espelhar celular samsung na tv","pt","br","0","-"
1692,"Celular Samsung","Google","Termos relacionados","-","hard reset celular samsung","pt","br","0","-"
1693,"Celular Samsung","Google","Termos relacionados","-","melhor custo benefício celular samsung","pt","br","0","-"
1694,"Celular Samsung","Google","Termos relacionados","-","casas e video celular samsung","pt","br","0","-"
1695,"Celular Samsung","Google","Termos relacionados","-","celular samsung esquentando muito","pt","br","0","-"
1696,"Celular Samsung","Google","Termos relacionados","-","não consigo desligar meu celular samsung","pt","br","0","-"
1697,"Celular Samsung","Google","Termos relacionados","-","preço celular samsung 128gb","pt","br","0","-"
1698,"Celular Samsung","Google","Termos relacionados","-","celular samsung galaxy s23 5g 512gb 8gb ram","pt","br","0","-"
1699,"Celular Samsung","Google","Termos relacionados","-","celular samsung a13 128gb","pt","br","0","-"
1700,"Celular Samsung","Google","Termos relacionados","-","onde fica a nuvem do celular samsung","pt","br","0","-"
1701,"Celular Samsung","Google","Termos relacionados","-","link para desbloquear celular samsung","pt","br","0","-"
1702,"Celular Samsung","Google","Termos relacionados","-","como saber o modelo do celular samsung","pt","br","0","-"
1703,"Celular Samsung","Google","Termos relacionados","-","temas celular samsung","pt","br","0","-"
1704,"Celular Samsung","Google","Termos relacionados","-","preço celular samsung casas bahia","pt","br","0","-"
1705,"Celular Samsung","Google","Termos relacionados","-","comparativo celular samsung","pt","br","0","-"
1706,"Celular Samsung","Google","Termos relacionados","-","como colocar relógio no celular samsung","pt","br","0","-"
1707,"Celular Samsung","Google","Termos relacionados","-","como calibrar a bateria do celular samsung","pt","br","0","-"
1708,"Celular Samsung","Google","Termos relacionados","-","celular samsung s20fe","pt","br","0","-"
1709,"Celular Samsung","Google","Termos relacionados","-","celular samsung m15 5g 128gb","pt","br","0","-"
1710,"Celular Samsung","Google","Termos relacionados","-","dois whatsapp business no mesmo celular samsung","pt","br","0","-"
1711,"Celular Samsung","Google","Termos relacionados","-","como tirar chip do celular samsung","pt","br","0","-"
1712,"Celular Samsung","Google","Termos relacionados","-","como formatar celular samsung a15","pt","br","0","-"
1713,"Celular Samsung","Google","Termos relacionados","-","meu celular samsung travou o touch","pt","br","0","-"
1714,"Celular Samsung","Google","Termos relacionados","-","celular samsung a15 5g 256gb","pt","br","0","-"
1715,"Celular Samsung","Google","Termos relacionados","-","celular samsung galaxy a15 5g 256gb","pt","br","0","-"
1716,"Celular Samsung","Google","Termos relacionados","-","formatar o celular samsung bloqueado","pt","br","0","-"
1717,"Celular Samsung","Google","Termos relacionados","-","como rastrear um celular samsung roubado","pt","br","0","-"
1718,"Celular Samsung","Google","Termos relacionados","-","capa de celular samsung a03","pt","br","0","-"
1719,"Celular Samsung","Google","Termos relacionados","-","celular samsung a 22 128gb","pt","br","0","-"
1720,"Celular Samsung","Google","Termos relacionados","-","celular samsung zoom","pt","br","0","-"
1721,"Celular Samsung","Google","Termos relacionados","-","buscapé celular samsung","pt","br","0","-"
1722,"Celular Samsung","Google","Termos relacionados","-","transmitir tela do celular samsung para tv samsung","pt","br","0","-"
1723,"Celular Samsung","Google","Termos relacionados","-","linha branca na tela do celular samsung s21 fe","pt","br","0","-"
1724,"Celular Samsung","Google","Termos relacionados","-","no celular samsung","pt","br","0","-"
1725,"Celular Samsung","Google","Termos relacionados","-","celular samsung com tv","pt","br","0","-"
1726,"Celular Samsung","Google","Termos relacionados","-","como ativar a localização do celular samsung","pt","br","0","-"
1727,"Celular Samsung","Google","Termos relacionados","-","como trocar senha do celular samsung","pt","br","0","-"
1728,"Celular Samsung","Google","Termos relacionados","-","celular samsung travando a tela","pt","br","0","-"
1729,"Celular Samsung","Google","Termos relacionados","-","como colocar música no despertador do celular samsung","pt","br","0","-"
1730,"Celular Samsung","Google","Termos relacionados","-","toque para celular samsung","pt","br","0","-"
1731,"Celular Samsung","Google","Termos relacionados","-","capa de celular samsung s23 ultra","pt","br","0","-"
1732,"Celular Samsung","Google","Termos relacionados","-","celular samsung s23 casas bahia","pt","br","0","-"
1733,"Celular Samsung","Google","Termos relacionados","-","como configurar 2 chips no celular samsung","pt","br","0","-"
1734,"Celular Samsung","Google","Termos relacionados","-","como limpar tudo do celular samsung","pt","br","0","-"
1735,"Celular Samsung","Google","Termos relacionados","-","como tirar print no celular samsung a16","pt","br","0","-"
1736,"Celular Samsung","Google","Termos relacionados","-","como tirar print no celular samsung a15","pt","br","0","-"
1737,"Celular Samsung","Google","Termos relacionados","-","como remover propaganda do celular samsung","pt","br","0","-"
1738,"Celular Samsung","Google","Termos relacionados","-","celular samsung a04s","pt","br","0","-"
1739,"Celular Samsung","Google","Termos relacionados","-","celular samsung a54 128gb","pt","br","0","-"
1740,"Celular Samsung","Google","Termos relacionados","-","celular samsung a52s","pt","br","0","-"
1741,"Celular Samsung","Google","Termos relacionados","-","celular samsung projetor","pt","br","0","-"
1742,"Celular Samsung","Google","Termos relacionados","-","celular samsung grande","pt","br","0","-"
1743,"Celular Samsung","Google","Termos relacionados","-","celular samsung que parece iphone","pt","br","0","-"
1744,"Celular Samsung","Google","Termos relacionados","-","como colocar o relógio na tela do celular samsung","pt","br","0","-"
1745,"Celular Samsung","Google","Termos relacionados","-","tirar foto da lua com celular samsung","pt","br","0","-"
1746,"Celular Samsung","Google","Termos relacionados","-","qual a melhor marca de celular samsung ou motorola","pt","br","0","-"
1747,"Celular Samsung","Google","Termos relacionados","-","como instalar whatsapp no celular samsung","pt","br","0","-"
1748,"Celular Samsung","Google","Termos relacionados","-","como gravar ligação no celular samsung","pt","br","0","-"
1749,"Celular Samsung","Google","Termos relacionados","-","celular samsung 36","pt","br","0","-"
1750,"Celular Samsung","Google","Termos relacionados","-","celular samsung m54 256gb preço","pt","br","0","-"
1751,"Celular Samsung","Google","Termos relacionados","-","assistência autorizada celular samsung taboão da serra","pt","br","0","-"
1752,"Celular Samsung","Google","Termos relacionados","-","celular samsung s23 promoção","pt","br","0","-"
1753,"Celular Samsung","Google","Termos relacionados","-","celular samsung a 40","pt","br","0","-"
1754,"Celular Samsung","Google","Termos relacionados","-","perdi meu celular samsung","pt","br","0","-"
1755,"Celular Samsung","Google","Termos relacionados","-","celular samsung 5g 256gb 8gb ram","pt","br","0","-"
1756,"Celular Samsung","Google","Termos relacionados","-","celular samsung s22 fe","pt","br","0","-"
1757,"Celular Samsung","Google","Termos relacionados","-","celular samsung tela pequena","pt","br","0","-"
1758,"Celular Samsung","Google","Termos relacionados","-","como ligar celular samsung com botão power quebrado","pt","br","0","-"
1759,"Celular Samsung","Google","Termos relacionados","-","como rastrear um celular samsung pelo imei","pt","br","0","-"
1760,"Celular Samsung","Google","Termos relacionados","-","como colocar o nome na tela do celular samsung","pt","br","0","-"
1761,"Celular Samsung","Google","Termos relacionados","-","celular samsung barato usado","pt","br","0","-"
1762,"Celular Samsung","Google","Termos relacionados","-","celular samsung galaxy a10","pt","br","0","-"
1763,"Celular Samsung","Google","Termos relacionados","-","wifi não aparece no celular samsung","pt","br","0","-"
1764,"Celular Samsung","Google","Termos relacionados","-","como tirar o aquecimento do celular samsung","pt","br","0","-"
1765,"Celular Samsung","Google","Termos relacionados","-","capas para celular samsung","pt","br","0","-"
1766,"Celular Samsung","Google","Termos relacionados","-","como ligar a lanterna do celular samsung balançando","pt","br","0","-"
1767,"Celular Samsung","Google","Termos relacionados","-","celular samsung m51","pt","br","0","-"
1768,"Celular Samsung","Google","Termos relacionados","-","preço da bateria do celular samsung","pt","br","0","-"
1769,"Celular Samsung","Google","Termos relacionados","-","celular samsung 2 chips","pt","br","0","-"
1770,"Celular Samsung","Google","Termos relacionados","-","mancha preta na tela do celular samsung","pt","br","0","-"
1771,"Celular Samsung","Google","Termos relacionados","-","lançamento celular samsung 2026","pt","br","0","-"
1772,"Celular Samsung","Google","Termos relacionados","-","cómo configurar un celular samsung","pt","br","0","-"
1773,"Celular Samsung","Google","Termos relacionados","-","celular samsung 8 ram","pt","br","0","-"
1774,"Celular Samsung","Google","Termos relacionados","-","rastrear celular samsung perdido","pt","br","0","-"
1775,"Celular Samsung","Google","Termos relacionados","-","como formatar um celular samsung bloqueado","pt","br","0","-"
1776,"Celular Samsung","Google","Termos relacionados","-","celular samsung s22 novo","pt","br","0","-"
1777,"Celular Samsung","Google","Termos relacionados","-","celular samsung à prova d'água","pt","br","0","-"
1778,"Celular Samsung","Google","Termos relacionados","-","como tirar a senha do celular samsung bloqueado","pt","br","0","-"
1779,"Celular Samsung","Google","Termos relacionados","-","128 gb 5g celular samsung","pt","br","0","-"
1780,"Celular Samsung","Google","Termos relacionados","-","capinha celular samsung a15","pt","br","0","-"
1781,"Celular Samsung","Google","Termos relacionados","-","assistencia tecnica celular samsung curitiba","pt","br","0","-"
1782,"Celular Samsung","Google","Termos relacionados","-","celular samsung galaxy y pro","pt","br","0","-"
1783,"Celular Samsung","Google","Termos relacionados","-","tela de bloqueio celular samsung","pt","br","0","-"
1784,"Celular Samsung","Google","Termos relacionados","-","capinha celular samsung a56","pt","br","0","-"
1785,"Celular Samsung","Google","Termos relacionados","-","celular samsung galaxy a26","pt","br","0","-"
1786,"Celular Samsung","Google","Termos relacionados","-","celular samsung mercado livre frete grátis","pt","br","0","-"
1787,"Celular Samsung","Google","Termos relacionados","-","como desligar o celular samsung a16","pt","br","0","-"
1788,"Celular Samsung","Google","Termos relacionados","-","celular samsung dobrável z flip","pt","br","0","-"
1789,"Celular Samsung","Google","Termos relacionados","-","conectar fone de ouvido bluetooth no celular samsung","pt","br","0","-"
1790,"Celular Samsung","Google","Termos relacionados","-","como tirar o pin do celular samsung","pt","br","0","-"
1791,"Celular Samsung","Google","Termos relacionados","-","celular samsung até 1000 reais","pt","br","0","-"
1792,"Celular Samsung","Google","Termos relacionados","-","celular samsung pequeno e barato","pt","br","0","-"
1793,"Celular Samsung","Google","Termos relacionados","-","celular samsung pequeno antigo","pt","br","0","-"
1794,"Celular Samsung","Google","Termos relacionados","-","celular samsung a6 é bom","pt","br","0","-"
1795,"Celular Samsung","Google","Termos relacionados","-","celular samsung no ponto frio","pt","br","0","-"
1796,"Celular Samsung","Google","Termos relacionados","-","celular samsung 32","pt","br","0","-"
1797,"Celular Samsung","Google","Termos relacionados","-","celular samsung galaxy a16 256gb","pt","br","0","-"
1798,"Celular Samsung","Google","Termos relacionados","-","celular samsung j2 prime","pt","br","0","-"
1799,"Celular Samsung","Google","Termos relacionados","-","celular samsung note 7","pt","br","0","-"
1800,"Celular Samsung","Google","Termos relacionados","-","celular samsung galaxy s23 5g","pt","br","0","-"
1801,"Celular Samsung","Google","Termos relacionados","-","celular samsung galaxy a25 5g 256gb","pt","br","0","-"
1802,"Celular Samsung","Google","Termos relacionados","-","capa para celular samsung a55","pt","br","0","-"
1803,"Celular Samsung","Google","Termos relacionados","-","celular samsung galaxy a07 256gb","pt","br","0","-"
1804,"Celular Samsung","Google","Termos relacionados","-","celular samsung que carrega por indução","pt","br","0","-"
1805,"Celular Samsung","Google","Termos relacionados","-","capinha de celular samsung a05","pt","br","0","-"
1806,"Celular Samsung","Google","Termos relacionados","-","celular samsung s25 ultra 256gb","pt","br","0","-"
1807,"Celular Samsung","Google","Termos relacionados","-","como colocar digital na tela do celular samsung","pt","br","0","-"
1808,"Celular Samsung","Google","Termos relacionados","-","como tirar acessibilidade do celular samsung","pt","br","0","-"
1809,"Celular Samsung","Google","Termos relacionados","-","como deixar o celular samsung igual iphone","pt","br","0","-"
1810,"Celular Samsung","Google","Termos relacionados","-","como restaurar um celular samsung","pt","br","0","-"
1811,"Celular Samsung","Google","Termos relacionados","-","como tirar print do celular samsung a16","pt","br","0","-"
1812,"Celular Samsung","Google","Termos relacionados","-","fone para celular samsung","pt","br","0","-"
1813,"Celular Samsung","Google","Termos relacionados","-","celular samsung top de linha 2024","pt","br","0","-"
1814,"Celular Samsung","Google","Termos relacionados","-","celular samsung a50 128gb","pt","br","0","-"
1815,"Celular Samsung","Google","Termos relacionados","-","capinha de celular samsung s24","pt","br","0","-"
1816,"Celular Samsung","Google","Termos relacionados","-","como tirar um print do celular samsung","pt","br","0","-"
1817,"Celular Samsung","Google","Termos relacionados","-","celular samsung galaxy s21","pt","br","0","-"
1818,"Celular Samsung","Google","Termos relacionados","-","celular samsung a80","pt","br","0","-"
1819,"Celular Samsung","Google","Termos relacionados","-","celular samsung 2015","pt","br","0","-"
1820,"Celular Samsung","Google","Termos relacionados","-","celular samsung s6","pt","br","0","-"
1821,"Celular Samsung","Google","Termos relacionados","-","pin do celular samsung","pt","br","0","-"
1822,"Celular Samsung","Google","Termos relacionados","-","formatar celular samsung pelo botão","pt","br","0","-"
1823,"Celular Samsung","Google","Termos relacionados","-","lixeira do celular samsung j5","pt","br","0","-"
1824,"Celular Samsung","Google","Termos relacionados","-","como tirar a senha de bloqueio do celular samsung","pt","br","0","-"
1825,"Celular Samsung","Google","Termos relacionados","-","celular samsung a17 256gb 5g","pt","br","0","-"
1826,"Celular Samsung","Google","Termos relacionados","-","celular samsung barato magazine luiza","pt","br","0","-"
1827,"Celular Samsung","Google","Termos relacionados","-","como personalizar o teclado do celular samsung","pt","br","0","-"
1828,"Celular Samsung","Google","Termos relacionados","-","celular samsung s24 novo","pt","br","0","-"
1829,"Celular Samsung","Google","Termos relacionados","-","capinha de celular samsung a56","pt","br","0","-"
1830,"Celular Samsung","Google","Termos relacionados","-","mercado livre celular samsung 256gb","pt","br","0","-"
1831,"Celular Samsung","Google","Termos relacionados","-","preço de celular samsung casas bahia","pt","br","0","-"
1832,"Celular Samsung","Google","Termos relacionados","-","como mudar a cor da tela do celular samsung","pt","br","0","-"
1833,"Celular Samsung","Google","Termos relacionados","-","preço celular samsung s25","pt","br","0","-"
1834,"Celular Samsung","Google","Termos relacionados","-","mercado livre celular samsung barato","pt","br","0","-"
1835,"Celular Samsung","Google","Termos relacionados","-","celular samsung s 256gb","pt","br","0","-"
1836,"Celular Samsung","Google","Termos relacionados","-","como recuperar fotos apagadas da lixeira do celular samsung","pt","br","0","-"
1837,"Celular Samsung","Google","Termos relacionados","-","como tirar o email do celular samsung","pt","br","0","-"
1838,"Celular Samsung","Google","Termos relacionados","-","desbloquear celular samsung sem formatar","pt","br","0","-"
1839,"Celular Samsung","Google","Termos relacionados","-","bola preta na tela do celular samsung","pt","br","0","-"
1840,"Celular Samsung","Google","Termos relacionados","-","como limpar a entrada do carregador do celular samsung","pt","br","0","-"
1841,"Celular Samsung","Google","Termos relacionados","-","cordinha para celular samsung","pt","br","0","-"
1842,"Celular Samsung","Google","Termos relacionados","-","capa de celular samsung a32","pt","br","0","-"
1843,"Celular Samsung","Google","Termos relacionados","-","celular samsung resistente a agua","pt","br","0","-"
1844,"Celular Samsung","Google","Termos relacionados","-","não consigo ouvir ligação no meu celular samsung","pt","br","0","-"
1845,"Celular Samsung","Google","Termos relacionados","-","como gravar tela do celular samsung","pt","br","0","-"
1846,"Celular Samsung","Google","Termos relacionados","-","celular samsung galaxy s24 fe 5g 256gb","pt","br","0","-"
1847,"Celular Samsung","Google","Termos relacionados","-","celular samsung novo lançamento 2025","pt","br","0","-"
1848,"Celular Samsung","Google","Termos relacionados","-","rastreador de celular samsung","pt","br","0","-"
1849,"Celular Samsung","Google","Termos relacionados","-","celular samsung travou","pt","br","0","-"
1850,"Celular Samsung","Google","Termos relacionados","-","tirar vírus do celular samsung","pt","br","0","-"
1851,"Celular Samsung","Google","Termos relacionados","-","celular samsung a9","pt","br","0","-"
1852,"Celular Samsung","Google","Termos relacionados","-","celular samsung na magalu","pt","br","0","-"
1853,"Celular Samsung","Google","Termos relacionados","-","celular samsung s15","pt","br","0","-"
1854,"Celular Samsung","Google","Termos relacionados","-","como tirar o número privado do celular samsung","pt","br","0","-"
1855,"Celular Samsung","Google","Termos relacionados","-","como desativar o fone de ouvido do celular samsung","pt","br","0","-"
1856,"Celular Samsung","Google","Termos relacionados","-","lixeira celular samsung","pt","br","0","-"
1857,"Celular Samsung","Google","Termos relacionados","-","celular samsung 05s","pt","br","0","-"
1858,"Celular Samsung","Google","Termos relacionados","-","celular samsung galaxy a55 256gb","pt","br","0","-"
1859,"Celular Samsung","Google","Termos relacionados","-","celular samsung lanterninha","pt","br","0","-"
1860,"Celular Samsung","Google","Termos relacionados","-","celular samsung antigo abre e fecha","pt","br","0","-"
1861,"Celular Samsung","Google","Termos relacionados","-","celular samsung galaxy a34","pt","br","0","-"
1862,"Celular Samsung","Google","Termos relacionados","-","celular samsung lançado em 2024","pt","br","0","-"
1863,"Celular Samsung","Google","Termos relacionados","-","melhor celular samsung custo benefício 2024","pt","br","0","-"
1864,"Celular Samsung","Google","Termos relacionados","-","celular samsung a12 128gb","pt","br","0","-"
1865,"Celular Samsung","Google","Termos relacionados","-","lançamento de celular samsung 2025","pt","br","0","-"
1866,"Celular Samsung","Google","Termos relacionados","-","película de celular samsung","pt","br","0","-"
1867,"Celular Samsung","Google","Termos relacionados","-","capa para celular samsung s23","pt","br","0","-"
1868,"Celular Samsung","Google","Termos relacionados","-","como eliminar vírus do celular samsung","pt","br","0","-"
1869,"Celular Samsung","Google","Termos relacionados","-","celular samsung edge","pt","br","0","-"
1870,"Celular Samsung","Google","Termos relacionados","-","celular samsung com câmera boa","pt","br","0","-"
1871,"Celular Samsung","Google","Termos relacionados","-","celular samsung 24","pt","br","0","-"
1872,"Celular Samsung","Google","Termos relacionados","-","celular samsung a05s 128gb","pt","br","0","-"
1873,"Celular Samsung","Google","Termos relacionados","-","não consigo desbloquear meu celular samsung","pt","br","0","-"
1874,"Celular Samsung","Google","Termos relacionados","-","capinha celular samsung","pt","br","0","-"
1875,"Celular Samsung","Google","Termos relacionados","-","celular samsung galaxy z","pt","br","0","-"
1876,"Celular Samsung","Google","Termos relacionados","-","celular samsung 2 cameras","pt","br","0","-"
1877,"Celular Samsung","Google","Termos relacionados","-","celular samsung galaxy barato","pt","br","0","-"
1878,"Celular Samsung","Google","Termos relacionados","-","como rotear internet do celular samsung","pt","br","0","-"
1879,"Celular Samsung","Google","Termos relacionados","-","como mudar o pin do celular samsung","pt","br","0","-"
1880,"Celular Samsung","Google","Termos relacionados","-","celular samsung a01 core","pt","br","0","-"
1881,"Celular Samsung","Google","Termos relacionados","-","celular samsung galaxy s25 fe 5g 256gb","pt","br","0","-"
1882,"Celular Samsung","Google","Termos relacionados","-","celular samsung no magazine luiza","pt","br","0","-"
1883,"Celular Samsung","Google","Termos relacionados","-","celular samsung que vira tablet","pt","br","0","-"
1884,"Celular Samsung","Google","Termos relacionados","-","localizador de celular samsung","pt","br","0","-"
1885,"Celular Samsung","Google","Termos relacionados","-","celular samsung barato casas bahia","pt","br","0","-"
1886,"Celular Samsung","Google","Termos relacionados","-","meus arquivos no celular samsung","pt","br","0","-"
1887,"Celular Samsung","Google","Termos relacionados","-","onde fica a lanterna do celular samsung","pt","br","0","-"
1888,"Celular Samsung","Google","Termos relacionados","-","capa de celular samsung s23","pt","br","0","-"
1889,"Celular Samsung","Google","Termos relacionados","-","celular samsung abre e fecha antigo","pt","br","0","-"
1890,"Celular Samsung","Google","Termos relacionados","-","celular samsung compra","pt","br","0","-"
1891,"Celular Samsung","Google","Termos relacionados","-","celular samsung galaxy j7 2016","pt","br","0","-"
1892,"Celular Samsung","Google","Termos relacionados","-","capa celular samsung s23 fe","pt","br","0","-"
1893,"Celular Samsung","Google","Termos relacionados","-","celular samsung s23 128gb","pt","br","0","-"
1894,"Celular Samsung","Google","Termos relacionados","-","celular samsung ultra s23","pt","br","0","-"
1895,"Celular Samsung","Google","Termos relacionados","-","celular samsung a32 128gb promoção","pt","br","0","-"
1896,"Celular Samsung","Google","Termos relacionados","-","todos os modelos de celular samsung","pt","br","0","-"
1897,"Celular Samsung","Google","Termos relacionados","-","celular samsung 14","pt","br","0","-"
1898,"Celular Samsung","Google","Termos relacionados","-","como tirar a senha do celular samsung sem formatar","pt","br","0","-"
1899,"Celular Samsung","Google","Termos relacionados","-","como gravar áudio no celular samsung","pt","br","0","-"
1900,"Celular Samsung","Google","Termos relacionados","-","como baixar musica para toque de celular samsung","pt","br","0","-"
1901,"Celular Samsung","Google","Termos relacionados","-","papel de parede para celular samsung galaxy","pt","br","0","-"
1902,"Celular Samsung","Google","Termos relacionados","-","como desativar anúncios no celular samsung","pt","br","0","-"
1903,"Celular Samsung","Google","Termos relacionados","-","qual o melhor celular samsung da linha a","pt","br","0","-"
1904,"Celular Samsung","Google","Termos relacionados","-","não consigo abrir pdf no celular samsung","pt","br","0","-"
1905,"Celular Samsung","Google","Termos relacionados","-","meu celular samsung não quer carregar","pt","br","0","-"
1906,"Celular Samsung","Google","Termos relacionados","-","celular samsung galaxy a5","pt","br","0","-"
1907,"Celular Samsung","Google","Termos relacionados","-","como recuperar a senha do celular samsung","pt","br","0","-"
1908,"Celular Samsung","Google","Termos relacionados","-","celular samsung retirar na loja","pt","br","0","-"
1909,"Celular Samsung","Google","Termos relacionados","-","celular samsung a53 5g","pt","br","0","-"
1910,"Celular Samsung","Google","Termos relacionados","-","celular samsung note 10","pt","br","0","-"
1911,"Celular Samsung","Google","Termos relacionados","-","como formatar celular samsung a06","pt","br","0","-"
1912,"Celular Samsung","Google","Termos relacionados","-","celular samsung fe s24","pt","br","0","-"
1913,"Celular Samsung","Google","Termos relacionados","-","mancha roxa na tela do celular samsung j5 pro","pt","br","0","-"
1914,"Celular Samsung","Google","Termos relacionados","-","yandere simulator download para celular samsung","pt","br","0","-"
1915,"Celular Samsung","Google","Termos relacionados","-","celular samsung ponto frio","pt","br","0","-"
1916,"Celular Samsung","Google","Termos relacionados","-","preco de celular samsung galaxy s10","pt","br","0","-"
1917,"Celular Samsung","Google","Termos relacionados","-","celular samsung modelo 2024","pt","br","0","-"
1918,"Celular Samsung","Google","Termos relacionados","-","preço celular samsung s23","pt","br","0","-"
1919,"Celular Samsung","Google","Termos relacionados","-","gta san andreas para celular samsung","pt","br","0","-"
1920,"Celular Samsung","Google","Termos relacionados","-","qual o celular samsung mais vendido","pt","br","0","-"
1921,"Celular Samsung","Google","Termos relacionados","-","onde fica a área de transferência do celular samsung","pt","br","0","-"
1922,"Celular Samsung","Google","Termos relacionados","-","rastrear celular samsung desligado","pt","br","0","-"
1923,"Celular Samsung","Google","Termos relacionados","-","onde ver a memória do celular samsung","pt","br","0","-"
1924,"Celular Samsung","Google","Termos relacionados","-","como voltar a cor normal dos aplicativos do celular samsung","pt","br","0","-"
1925,"Celular Samsung","Google","Termos relacionados","-","como tirar print no celular samsung a07","pt","br","0","-"
1926,"Celular Samsung","Google","Termos relacionados","-","como colocar lembrete no celular samsung","pt","br","0","-"
1927,"Celular Samsung","Google","Termos relacionados","-","celular samsung a prova d água preço","pt","br","0","-"
1928,"Celular Samsung","Google","Termos relacionados","-","wifi não conecta no celular samsung","pt","br","0","-"
1929,"Celular Samsung","Google","Termos relacionados","-","atualização do celular samsung","pt","br","0","-"
1930,"Celular Samsung","Google","Termos relacionados","-","celular samsung bloqueado permanentemente","pt","br","0","-"
1931,"Celular Samsung","Google","Termos relacionados","-","celular samsung 512gb 16gb ram","pt","br","0","-"
1932,"Celular Samsung","Google","Termos relacionados","-","celular samsung m32","pt","br","0","-"
1933,"Celular Samsung","Google","Termos relacionados","-","câmera para celular samsung","pt","br","0","-"
1934,"Celular Samsung","Google","Termos relacionados","-","celular samsung m23 5g 128gb","pt","br","0","-"
1935,"Celular Samsung","Google","Termos relacionados","-","celular samsung novo lançamento 2024","pt","br","0","-"
1936,"Celular Samsung","Google","Termos relacionados","-","cabo para celular samsung original","pt","br","0","-"
1937,"Celular Samsung","Google","Termos relacionados","-","celular samsung galaxy s24 fe 5g 8gb ram","pt","br","0","-"
1938,"Celular Samsung","Google","Termos relacionados","-","celular samsung a55 256gb rosa","pt","br","0","-"
1939,"Celular Samsung","Google","Termos relacionados","-","celular samsung 9 plus","pt","br","0","-"
1940,"Celular Samsung","Google","Termos relacionados","-","celular samsung galaxy s26","pt","br","0","-"
1941,"Celular Samsung","Google","Termos relacionados","-","como ligar celular samsung","pt","br","0","-"
1942,"Celular Samsung","Google","Termos relacionados","-","celular samsung descarregando rápido","pt","br","0","-"
1943,"Celular Samsung","Google","Termos relacionados","-","celular samsung a 6","pt","br","0","-"
1944,"Celular Samsung","Google","Termos relacionados","-","celular samsung a015","pt","br","0","-"
1945,"Celular Samsung","Google","Termos relacionados","-","celular samsung galaxy a15 5g","pt","br","0","-"
1946,"Celular Samsung","Google","Termos relacionados","-","celular samsung bom de câmera","pt","br","0","-"
1947,"Celular Samsung","Google","Termos relacionados","-","capa celular samsung a16","pt","br","0","-"
1948,"Celular Samsung","Google","Termos relacionados","-","celular samsung a25 128gb","pt","br","0","-"
1949,"Celular Samsung","Google","Termos relacionados","-","celular samsung 64gb mais barato","pt","br","0","-"
1950,"Celular Samsung","Google","Termos relacionados","-","transferir dados de um celular samsung para outro samsung","pt","br","0","-"
1951,"Celular Samsung","Google","Termos relacionados","-","como formatar o celular samsung a03","pt","br","0","-"
1952,"Celular Samsung","Google","Termos relacionados","-","como mudar o horário do celular samsung","pt","br","0","-"
1953,"Celular Samsung","Google","Termos relacionados","-","como trocar a tela do celular samsung","pt","br","0","-"
1954,"Celular Samsung","Google","Termos relacionados","-","celular samsung 128gb 6gb ram","pt","br","0","-"
1955,"Celular Samsung","Google","Termos relacionados","-","celular samsung s16","pt","br","0","-"
1956,"Celular Samsung","Google","Termos relacionados","-","celular samsung a23 5g","pt","br","0","-"
1957,"Celular Samsung","Google","Termos relacionados","-","qual o preço do celular samsung","pt","br","0","-"
1958,"Celular Samsung","Google","Termos relacionados","-","risco verde na tela do celular samsung","pt","br","0","-"
1959,"Celular Samsung","Google","Termos relacionados","-","celular samsung a12 preço","pt","br","0","-"
1960,"Celular Samsung","Google","Termos relacionados","-","como formatar celular samsung travado","pt","br","0","-"
1961,"Celular Samsung","Google","Termos relacionados","-","como diminuir a tela do celular samsung","pt","br","0","-"
1962,"Celular Samsung","Google","Termos relacionados","-","celular samsung m35 5g","pt","br","0","-"
1963,"Celular Samsung","Google","Termos relacionados","-","celular samsung s23 ultra preço","pt","br","0","-"
1964,"Celular Samsung","Google","Termos relacionados","-","celular samsung a51 128gb","pt","br","0","-"
1965,"Celular Samsung","Google","Termos relacionados","-","celular samsung s25 512 gb","pt","br","0","-"
1966,"Celular Samsung","Google","Termos relacionados","-","celular samsung 256gb s24","pt","br","0","-"
1967,"Celular Samsung","Google","Termos relacionados","-","celular samsung galaxy a54","pt","br","0","-"
1968,"Celular Samsung","Google","Termos relacionados","-","celular samsung até 1500","pt","br","0","-"
1969,"Celular Samsung","Google","Termos relacionados","-","como ligar o celular samsung","pt","br","0","-"
1970,"Celular Samsung","Google","Termos relacionados","-","como aumentar o som do celular samsung","pt","br","0","-"
1971,"Celular Samsung","Google","Termos relacionados","-","celular samsung tela infinita","pt","br","0","-"
1972,"Celular Samsung","Google","Termos relacionados","-","celular samsung a27","pt","br","0","-"
1973,"Celular Samsung","Google","Termos relacionados","-","capa para celular samsung s25 ultra","pt","br","0","-"
1974,"Celular Samsung","Google","Termos relacionados","-","valor do celular samsung a06","pt","br","0","-"
1975,"Celular Samsung","Google","Termos relacionados","-","celular samsung 256gb a15","pt","br","0","-"
1976,"Celular Samsung","Google","Termos relacionados","-","celular samsung esquentando","pt","br","0","-"
1977,"Celular Samsung","Google","Termos relacionados","-","celular samsung melhor custo beneficio","pt","br","0","-"
1978,"Celular Samsung","Google","Termos relacionados","-","como formatar o celular samsung bloqueado","pt","br","0","-"
1979,"Celular Samsung","Google","Termos relacionados","-","como gravar vídeo no celular samsung","pt","br","0","-"
1980,"Celular Samsung","Google","Termos relacionados","-","preço de celular samsung magazine luiza","pt","br","0","-"
1981,"Celular Samsung","Google","Termos relacionados","-","celular samsung antigo pequeno","pt","br","0","-"
1982,"Celular Samsung","Google","Termos relacionados","-","como baixar musica celular samsung","pt","br","0","-"
1983,"Celular Samsung","Google","Termos relacionados","-","celular samsung 2026 lançamento","pt","br","0","-"
1984,"Celular Samsung","Google","Termos relacionados","-","como recuperar contatos apagados do celular samsung","pt","br","0","-"
1985,"Celular Samsung","Google","Termos relacionados","-","casas bahia celular samsung a15","pt","br","0","-"
1986,"Celular Samsung","Google","Termos relacionados","-","celular samsung mais vendido 2024","pt","br","0","-"
1987,"Celular Samsung","Google","Termos relacionados","-","preço do celular samsung s23","pt","br","0","-"
1988,"Celular Samsung","Google","Termos relacionados","-","alerta de emergência no celular samsung","pt","br","0","-"
1989,"Celular Samsung","Google","Termos relacionados","-","celular samsung 2023","pt","br","0","-"
1990,"Celular Samsung","Google","Termos relacionados","-","como recuperar mensagens sms apagadas do celular samsung","pt","br","0","-"
1991,"Celular Samsung","Google","Termos relacionados","-","celular samsung ate 1000","pt","br","0","-"
1992,"Celular Samsung","Google","Termos relacionados","-","preço celular samsung a55","pt","br","0","-"
1993,"Celular Samsung","Google","Termos relacionados","-","celular samsung m55 é bom","pt","br","0","-"
1994,"Celular Samsung","Google","Termos relacionados","-","capa de celular samsung a55","pt","br","0","-"
1995,"Celular Samsung","Google","Termos relacionados","-","celular samsung azul claro","pt","br","0","-"
1996,"Celular Samsung","Google","Termos relacionados","-","celular samsung g5","pt","br","0","-"
1997,"Celular Samsung","Google","Termos relacionados","-","celular samsung galaxy a50","pt","br","0","-"
1998,"Celular Samsung","Google","Termos relacionados","-","celular samsung 256gb a35","pt","br","0","-"
1999,"Celular Samsung","Google","Termos relacionados","-","celular samsung a71 128gb","pt","br","0","-"
2000,"Celular Samsung","Google","Termos relacionados","-","celular samsung a6 128gb","pt","br","0","-"
2001,"Celular Samsung","Google","Termos relacionados","-","capinha de celular samsung a23","pt","br","0","-"
2002,"Celular Samsung","Google","Termos relacionados","-","qual o celular samsung mais moderno","pt","br","0","-"
2003,"Celular Samsung","Google","Termos relacionados","-","como ver memória ram do celular samsung","pt","br","0","-"
2004,"Celular Samsung","Google","Termos relacionados","-","celular samsung não reconhece chip","pt","br","0","-"
2005,"Celular Samsung","Google","Termos relacionados","-","celular samsung câmera boa e barato","pt","br","0","-"
2006,"Celular Samsung","Google","Termos relacionados","-","capinha celular samsung s25","pt","br","0","-"
2007,"Celular Samsung","Google","Termos relacionados","-","celular samsung 128gb promoção","pt","br","0","-"
2008,"Celular Samsung","Google","Termos relacionados","-","celular samsung a10s preço","pt","br","0","-"
2009,"Celular Samsung","Google","Termos relacionados","-","modelo de celular samsung galaxy","pt","br","0","-"
2010,"Celular Samsung","Google","Termos relacionados","-","autorizada celular samsung curitiba","pt","br","0","-"
2011,"Celular Samsung","Google","Termos relacionados","-","anúncio aparecendo na tela do celular samsung","pt","br","0","-"
2012,"Celular Samsung","Google","Termos relacionados","-","celular samsung dobravel preço","pt","br","0","-"
2013,"Celular Samsung","Google","Termos relacionados","-","como apagar a tela do celular samsung","pt","br","0","-"
2014,"Celular Samsung","Google","Termos relacionados","-","celular samsung fe s23","pt","br","0","-"
2015,"Celular Samsung","Google","Termos relacionados","-","tela celular samsung j5","pt","br","0","-"
2016,"Celular Samsung","Google","Termos relacionados","-","celular samsung simples para idoso","pt","br","0","-"
2017,"Celular Samsung","Google","Termos relacionados","-","celular samsung linha s promoção","pt","br","0","-"
2018,"Celular Samsung","Google","Termos relacionados","-","como formatar o celular samsung j7","pt","br","0","-"
2019,"Celular Samsung","Google","Termos relacionados","-","girar a tela do celular samsung","pt","br","0","-"
2020,"Celular Samsung","Google","Termos relacionados","-","como tirar boas fotos com celular samsung","pt","br","0","-"
2021,"Celular Samsung","Google","Termos relacionados","-","como colocar dpi no celular samsung","pt","br","0","-"
2022,"Celular Samsung","Google","Termos relacionados","-","o que vicia o celular samsung","pt","br","0","-"
2023,"Celular Samsung","Google","Termos relacionados","-","como ativar o rádio do celular samsung","pt","br","0","-"
2024,"Celular Samsung","Google","Termos relacionados","-","celular samsung galaxy a15 5g 256gb 8gb ram","pt","br","0","-"
2025,"Celular Samsung","Google","Termos relacionados","-","celular samsung galaxy z fold6 5g","pt","br","0","-"
2026,"Celular Samsung","Google","Termos relacionados","-","celular samsung galaxy a30","pt","br","0","-"
2027,"Celular Samsung","Google","Termos relacionados","-","celular samsung promoção 5g","pt","br","0","-"
2028,"Celular Samsung","Google","Termos relacionados","-","imei do celular samsung","pt","br","0","-"
2029,"Celular Samsung","Google","Termos relacionados","-","como ativar o despertador do celular samsung","pt","br","0","-"
2030,"Celular Samsung","Google","Termos relacionados","-","celular samsung a23 128gb","pt","br","0","-"
2031,"Celular Samsung","Google","Termos relacionados","-","celular samsung 2009","pt","br","0","-"
2032,"Celular Samsung","Google","Termos relacionados","-","celular samsung ultra s24","pt","br","0","-"
2033,"Celular Samsung","Google","Termos relacionados","-","celular samsung 32gb","pt","br","0","-"
2034,"Celular Samsung","Google","Termos relacionados","-","celular samsung a06s","pt","br","0","-"
2035,"Celular Samsung","Google","Termos relacionados","-","celular samsung galaxy preço","pt","br","0","-"
2036,"Celular Samsung","Google","Termos relacionados","-","capas de celular samsung","pt","br","0","-"
2037,"Celular Samsung","Google","Termos relacionados","-","celular samsung 2012","pt","br","0","-"
2038,"Celular Samsung","Google","Termos relacionados","-","celular samsung ate 1200","pt","br","0","-"
2039,"Celular Samsung","Google","Termos relacionados","-","como rastrear celular samsung roubado","pt","br","0","-"
2040,"Celular Samsung","Google","Termos relacionados","-","como melhorar a qualidade da câmera do celular samsung","pt","br","0","-"
2041,"Celular Samsung","Google","Termos relacionados","-","tela do celular samsung ficou preto e branco","pt","br","0","-"
2042,"Celular Samsung","Google","Termos relacionados","-","gbarbosa celular samsung","pt","br","0","-"
2043,"Celular Samsung","Google","Termos relacionados","-","últimos lançamentos de celular samsung","pt","br","0","-"
2044,"Celular Samsung","Google","Termos relacionados","-","celular samsung z flip 6","pt","br","0","-"
2045,"Celular Samsung","Google","Termos relacionados","-","como tirar vírus do celular samsung a15","pt","br","0","-"
2046,"Celular Samsung","Google","Termos relacionados","-","como reiniciar o celular samsung quando ele trava totalmente","pt","br","0","-"
2047,"Celular Samsung","Google","Termos relacionados","-","celular samsung galaxy antigo","pt","br","0","-"
2048,"Celular Samsung","Google","Termos relacionados","-","celular samsung com a camera boa","pt","br","0","-"
2049,"Celular Samsung","Google","Termos relacionados","-","celular samsung galaxy a56 5g 256gb 8gb ram preto","pt","br","0","-"
2050,"Celular Samsung","Google","Termos relacionados","-","celular samsung casas bahia 64gb","pt","br","0","-"
2051,"Celular Samsung","Google","Termos relacionados","-","qual o melhor antivirus para celular samsung gratis","pt","br","0","-"
2052,"Celular Samsung","Google","Termos relacionados","-","celular samsung aparecendo propaganda toda hora","pt","br","0","-"
2053,"Celular Samsung","Google","Termos relacionados","-","capinha de celular samsung galaxy a06","pt","br","0","-"
2054,"Celular Samsung","Google","Termos relacionados","-","como ver a senha do wifi no meu celular samsung","pt","br","0","-"
2055,"Celular Samsung","Google","Termos relacionados","-","celular samsung s23 carrefour","pt","br","0","-"
2056,"Celular Samsung","Google","Termos relacionados","-","como acessar a área de transferência do celular samsung","pt","br","0","-"
2057,"Celular Samsung","Google","Termos relacionados","-","celular samsung barato americanas","pt","br","0","-"
2058,"Celular Samsung","Google","Termos relacionados","-","celular samsung galaxy a35 5g 256gb","pt","br","0","-"
2059,"Celular Samsung","Google","Termos relacionados","-","celular samsung 800 reais","pt","br","0","-"
2060,"Celular Samsung","Google","Termos relacionados","-","celular samsung linha","pt","br","0","-"
2061,"Celular Samsung","Google","Termos relacionados","-","celular samsung s21 256gb","pt","br","0","-"
2062,"Celular Samsung","Google","Termos relacionados","-","celular samsung de 128gb","pt","br","0","-"
2063,"Celular Samsung","Google","Termos relacionados","-","qual celular samsung é bom e barato","pt","br","0","-"
2064,"Celular Samsung","Google","Termos relacionados","-","loja de celular samsung","pt","br","0","-"
2065,"Celular Samsung","Google","Termos relacionados","-","como fazer para formatar o celular samsung","pt","br","0","-"
2066,"Celular Samsung","Google","Termos relacionados","-","papel de parede celular samsung galaxy","pt","br","0","-"
2067,"Celular Samsung","Google","Termos relacionados","-","como desfazer o abrir sempre do celular samsung","pt","br","0","-"
2068,"Celular Samsung","Google","Termos relacionados","-","alça para celular samsung","pt","br","0","-"
2069,"Celular Samsung","Google","Termos relacionados","-","celular samsung 256gb promoção black friday","pt","br","0","-"
2070,"Celular Samsung","Google","Termos relacionados","-","celular samsung s25 preço","pt","br","0","-"
2071,"Celular Samsung","Google","Termos relacionados","-","celular samsung galaxy a01","pt","br","0","-"
2072,"Celular Samsung","Google","Termos relacionados","-","celular samsung 600 reais","pt","br","0","-"
2073,"Celular Samsung","Google","Termos relacionados","-","como fazer reset no celular samsung","pt","br","0","-"
2074,"Celular Samsung","Google","Termos relacionados","-","celular samsung a05s é bom","pt","br","0","-"
2075,"Celular Samsung","Google","Termos relacionados","-","celular samsung a54 5g","pt","br","0","-"
2076,"Celular Samsung","Google","Termos relacionados","-","celular samsung comprar","pt","br","0","-"
2077,"Celular Samsung","Google","Termos relacionados","-","celular samsung ultimo modelo","pt","br","0","-"
2078,"Celular Samsung","Google","Termos relacionados","-","capinha de celular samsung a06 personalizada","pt","br","0","-"
2079,"Celular Samsung","Google","Termos relacionados","-","capa para celular samsung a15","pt","br","0","-"
2080,"Celular Samsung","Google","Termos relacionados","-","celular samsung a12 64gb","pt","br","0","-"
2081,"Celular Samsung","Google","Termos relacionados","-","como aumentar memória ram do celular samsung","pt","br","0","-"
2082,"Celular Samsung","Google","Termos relacionados","-","celular samsung galaxy a22","pt","br","0","-"
2083,"Celular Samsung","Google","Termos relacionados","-","celular samsung quatro câmeras","pt","br","0","-"
2084,"Celular Samsung","Google","Termos relacionados","-","celular samsung com projetor","pt","br","0","-"
2085,"Celular Samsung","Google","Termos relacionados","-","celular samsung intermediário 2024","pt","br","0","-"
2086,"Celular Samsung","Google","Termos relacionados","-","tv celular samsung","pt","br","0","-"
2087,"Celular Samsung","Google","Termos relacionados","-","como testar o touch do celular samsung","pt","br","0","-"
2088,"Celular Samsung","Google","Termos relacionados","-","como tirar comercial do celular samsung","pt","br","0","-"
2089,"Celular Samsung","Google","Termos relacionados","-","como desativar anúncios do celular samsung","pt","br","0","-"
2090,"Celular Samsung","Google","Termos relacionados","-","como saber o id do celular samsung","pt","br","0","-"
2091,"Celular Samsung","Google","Termos relacionados","-","celular samsung 13","pt","br","0","-"
2092,"Celular Samsung","Google","Termos relacionados","-","celular samsung explode","pt","br","0","-"
2093,"Celular Samsung","Google","Termos relacionados","-","celular samsung 2020","pt","br","0","-"
2094,"Celular Samsung","Google","Termos relacionados","-","comprar celular samsung a55","pt","br","0","-"
2095,"Celular Samsung","Google","Termos relacionados","-","celular samsung s6 plus","pt","br","0","-"
2096,"Celular Samsung","Google","Termos relacionados","-","celular samsung j1 mini","pt","br","0","-"
2097,"Celular Samsung","Google","Termos relacionados","-","capinha de celular samsung a54","pt","br","0","-"
2098,"Celular Samsung","Google","Termos relacionados","-","caneta touch para celular samsung","pt","br","0","-"
2099,"Celular Samsung","Google","Termos relacionados","-","como desbloquear celular samsung com senha padrão","pt","br","0","-"
2100,"Celular Samsung","Google","Termos relacionados","-","promoção celular samsung galaxy","pt","br","0","-"
2101,"Celular Samsung","Google","Termos relacionados","-","como ativar camera do celular samsung","pt","br","0","-"
2102,"Celular Samsung","Google","Termos relacionados","-","como calibrar o celular samsung","pt","br","0","-"
2103,"Celular Samsung","Google","Termos relacionados","-","celular samsung que fecha","pt","br","0","-"
2104,"Celular Samsung","Google","Termos relacionados","-","celular samsung olx goiânia e região","pt","br","0","-"
2105,"Celular Samsung","Google","Termos relacionados","-","celular samsung básico","pt","br","0","-"
2106,"Celular Samsung","Google","Termos relacionados","-","celular samsung dobravel z flip","pt","br","0","-"
2107,"Celular Samsung","Google","Termos relacionados","-","celular samsung s24 preço","pt","br","0","-"
2108,"Celular Samsung","Google","Termos relacionados","-","como deslizar a tela do celular samsung","pt","br","0","-"
2109,"Celular Samsung","Google","Termos relacionados","-","como descobrir senha celular samsung","pt","br","0","-"
2110,"Celular Samsung","Google","Termos relacionados","-","celular samsung s25 plus 512gb","pt","br","0","-"
2111,"Celular Samsung","Google","Termos relacionados","-","criar pasta no celular samsung","pt","br","0","-"
2112,"Celular Samsung","Google","Termos relacionados","-","celular samsung z fold 5","pt","br","0","-"
2113,"Celular Samsung","Google","Termos relacionados","-","celular samsung com digital","pt","br","0","-"
2114,"Celular Samsung","Google","Termos relacionados","-","celular samsung custo benefício 2024","pt","br","0","-"
2115,"Celular Samsung","Google","Termos relacionados","-","celular samsung 07","pt","br","0","-"
2116,"Celular Samsung","Google","Termos relacionados","-","celular samsung teclado","pt","br","0","-"
2117,"Celular Samsung","Google","Termos relacionados","-","celular samsung galaxy a7 2016","pt","br","0","-"
2118,"Celular Samsung","Google","Termos relacionados","-","celular samsung galaxy s10","pt","br","0","-"
2119,"Celular Samsung","Google","Termos relacionados","-","capinha de celular samsung j7","pt","br","0","-"
2120,"Celular Samsung","Google","Termos relacionados","-","codigo para aumentar volume do celular samsung","pt","br","0","-"
2121,"Celular Samsung","Google","Termos relacionados","-","celular samsung galaxy nas casas bahia","pt","br","0","-"
2122,"Celular Samsung","Google","Termos relacionados","-","como tirar anúncios do celular samsung a12","pt","br","0","-"
2123,"Celular Samsung","Google","Termos relacionados","-","celular samsung 128gb promoção magazine luiza","pt","br","0","-"
2124,"Celular Samsung","Google","Termos relacionados","-","celular samsung m22","pt","br","0","-"
2125,"Celular Samsung","Google","Termos relacionados","-","celular samsung j3","pt","br","0","-"
2126,"Celular Samsung","Google","Termos relacionados","-","pontofrio celular samsung","pt","br","0","-"
2127,"Celular Samsung","Google","Termos relacionados","-","como atualizar o youtube no celular samsung","pt","br","0","-"
2128,"Celular Samsung","Google","Termos relacionados","-","celular samsung com tv digital","pt","br","0","-"
2129,"Celular Samsung","Google","Termos relacionados","-","como baixar minecraft de graça no celular samsung","pt","br","0","-"
2130,"Celular Samsung","Google","Termos relacionados","-","celular samsung a51 novo","pt","br","0","-"
2131,"Celular Samsung","Google","Termos relacionados","-","celular samsung barato e simples","pt","br","0","-"
2132,"Celular Samsung","Google","Termos relacionados","-","como ver o tempo de uso do celular samsung","pt","br","0","-"
2133,"Celular Samsung","Google","Termos relacionados","-","como reiniciar um celular samsung","pt","br","0","-"
2134,"Celular Samsung","Google","Termos relacionados","-","celular samsung 250 gb","pt","br","0","-"
2135,"Celular Samsung","Google","Termos relacionados","-","qual o melhor celular samsung 2025","pt","br","0","-"
2136,"Celular Samsung","Google","Termos relacionados","-","olx celular samsung","pt","br","0","-"
2137,"Celular Samsung","Google","Termos relacionados","-","como mudar o botão de print do celular samsung","pt","br","0","-"
2138,"Celular Samsung","Google","Termos relacionados","-","celular samsung a30s preço","pt","br","0","-"
2139,"Celular Samsung","Google","Termos relacionados","-","celular samsung s23 ultra 256gb","pt","br","0","-"
2140,"Celular Samsung","Google","Termos relacionados","-","celular samsung com 1 terabyte de memória","pt","br","0","-"
2141,"Celular Samsung","Google","Termos relacionados","-","consórcio celular samsung","pt","br","0","-"
2142,"Celular Samsung","Google","Termos relacionados","-","celular samsung da linha a","pt","br","0","-"
2143,"Celular Samsung","Google","Termos relacionados","-","como saber se tem virus no celular samsung","pt","br","0","-"
2144,"Celular Samsung","Google","Termos relacionados","-","celular samsung 6 ram","pt","br","0","-"
2145,"Celular Samsung","Google","Termos relacionados","-","celular samsung 256gb 12gb ram 5g","pt","br","0","-"
2146,"Celular Samsung","Google","Termos relacionados","-","celular samsung 32 gb","pt","br","0","-"
2147,"Celular Samsung","Google","Termos relacionados","-","como saber o imei do celular samsung","pt","br","0","-"
2148,"Celular Samsung","Google","Termos relacionados","-","celular samsung galaxy a51","pt","br","0","-"
2149,"Celular Samsung","Google","Termos relacionados","-","capinha de celular samsung a10","pt","br","0","-"
2150,"Celular Samsung","Google","Termos relacionados","-","celular samsung galaxy a55 5g 256gb 8 gb","pt","br","0","-"
2151,"Celular Samsung","Google","Termos relacionados","-","baixar toque para celular samsung","pt","br","0","-"
2152,"Celular Samsung","Google","Termos relacionados","-","capa para celular samsung s23 fe","pt","br","0","-"
2153,"Celular Samsung","Google","Termos relacionados","-","limpar armazenamento interno do celular samsung","pt","br","0","-"
2154,"Celular Samsung","Google","Termos relacionados","-","como mudar a cor dos ícones do celular samsung","pt","br","0","-"
2155,"Celular Samsung","Google","Termos relacionados","-","como formatar o celular samsung j5","pt","br","0","-"
2156,"Celular Samsung","Google","Termos relacionados","-","capa de celular samsung a05","pt","br","0","-"
2157,"Celular Samsung","Google","Termos relacionados","-","capa para celular samsung s20 fe","pt","br","0","-"
2158,"Celular Samsung","Google","Termos relacionados","-","celular samsung de flip","pt","br","0","-"
2159,"Celular Samsung","Google","Termos relacionados","-","como espelhar o celular samsung na tv lg","pt","br","0","-"
2160,"Celular Samsung","Google","Termos relacionados","-","capas para celular samsung a14","pt","br","0","-"
2161,"Celular Samsung","Google","Termos relacionados","-","celular samsung 256gb a55","pt","br","0","-"
2162,"Celular Samsung","Google","Termos relacionados","-","celular samsung galaxy m35","pt","br","0","-"
2163,"Celular Samsung","Google","Termos relacionados","-","como aumentar os ícones do celular samsung","pt","br","0","-"
2164,"Celular Samsung","Google","Termos relacionados","-","como tirar a bateria do celular samsung","pt","br","0","-"
2165,"Celular Samsung","Google","Termos relacionados","-","celular samsung marcas","pt","br","0","-"
2166,"Celular Samsung","Google","Termos relacionados","-","celular samsung galaxy a55 5g","pt","br","0","-"
2167,"Celular Samsung","Google","Termos relacionados","-","celular samsung a55 rosa","pt","br","0","-"
2168,"Celular Samsung","Google","Termos relacionados","-","celular samsung sem som","pt","br","0","-"
2169,"Celular Samsung","Google","Termos relacionados","-","como cadastrar biometria no celular samsung","pt","br","0","-"
2170,"Celular Samsung","Google","Termos relacionados","-","como formatar o celular samsung a05","pt","br","0","-"
2171,"Celular Samsung","Google","Termos relacionados","-","celular samsung m35 256gb","pt","br","0","-"
2172,"Celular Samsung","Google","Termos relacionados","-","como tirar chamada de emergência do celular samsung","pt","br","0","-"
2173,"Celular Samsung","Google","Termos relacionados","-","celular samsung a03 64 gb","pt","br","0","-"
2174,"Celular Samsung","Google","Termos relacionados","-","celular samsung para comprar","pt","br","0","-"
2175,"Celular Samsung","Google","Termos relacionados","-","celular samsung a05 é bom","pt","br","0","-"
2176,"Celular Samsung","Google","Termos relacionados","-","capa celular samsung a14","pt","br","0","-"
2177,"Celular Samsung","Google","Termos relacionados","-","código para aumentar a carga do celular samsung","pt","br","0","-"
2178,"Celular Samsung","Google","Termos relacionados","-","capa de celular samsung a23","pt","br","0","-"
2179,"Celular Samsung","Google","Termos relacionados","-","como tirar anúncio do celular samsung a12","pt","br","0","-"
2180,"Celular Samsung","Google","Termos relacionados","-","como aumentar a fonte do celular samsung","pt","br","0","-"
2181,"Celular Samsung","Google","Termos relacionados","-","como recuperar videos apagados do celular samsung","pt","br","0","-"
2182,"Celular Samsung","Google","Termos relacionados","-","celular samsung galaxy m54","pt","br","0","-"
2183,"Celular Samsung","Google","Termos relacionados","-","celular samsung até 500 reais","pt","br","0","-"
2184,"Celular Samsung","Google","Termos relacionados","-","celular samsung s23 preço","pt","br","0","-"
2185,"Celular Samsung","Google","Termos relacionados","-","nota fiscal celular samsung","pt","br","0","-"
2186,"Celular Samsung","Google","Termos relacionados","-","celular samsung s20 plus","pt","br","0","-"
2187,"Celular Samsung","Google","Termos relacionados","-","celular samsung drone","pt","br","0","-"
2188,"Celular Samsung","Google","Termos relacionados","-","como escanear pelo celular samsung","pt","br","0","-"
2189,"Celular Samsung","Google","Termos relacionados","-","celular samsung demora para carregar","pt","br","0","-"
2190,"Celular Samsung","Google","Termos relacionados","-","como ajustar a hora do celular samsung","pt","br","0","-"
2191,"Celular Samsung","Google","Termos relacionados","-","celular samsung a15 americanas","pt","br","0","-"
2192,"Celular Samsung","Google","Termos relacionados","-","celular samsung parecido com iphone","pt","br","0","-"
2193,"Celular Samsung","Google","Termos relacionados","-","como transferir esim para outro celular samsung","pt","br","0","-"
2194,"Celular Samsung","Google","Termos relacionados","-","celular samsung com 4 câmeras","pt","br","0","-"
2195,"Celular Samsung","Google","Termos relacionados","-","como colocar nfc no celular samsung","pt","br","0","-"
2196,"Celular Samsung","Google","Termos relacionados","-","celular samsung galaxy a35 5g","pt","br","0","-"
2197,"Celular Samsung","Google","Termos relacionados","-","como colocar relógio na tela do celular samsung","pt","br","0","-"
2198,"Celular Samsung","Google","Termos relacionados","-","como tirar voz do celular samsung","pt","br","0","-"
2199,"Celular Samsung","Google","Termos relacionados","-","como restaurar o celular samsung de fábrica","pt","br","0","-"
2200,"Celular Samsung","Google","Termos relacionados","-","como tirar umidade do celular samsung","pt","br","0","-"
2201,"Celular Samsung","Google","Termos relacionados","-","celular samsung galaxy promoção","pt","br","0","-"
2202,"Celular Samsung","Google","Termos relacionados","-","modelo de celular samsung antigo","pt","br","0","-"
2203,"Celular Samsung","Google","Termos relacionados","-","listras na tela do celular samsung","pt","br","0","-"
2204,"Celular Samsung","Google","Termos relacionados","-","celular samsung último","pt","br","0","-"
2205,"Celular Samsung","Google","Termos relacionados","-","celular samsung galaxy s24 plus","pt","br","0","-"
2206,"Celular Samsung","Google","Termos relacionados","-","menu do celular samsung","pt","br","0","-"
2207,"Celular Samsung","Google","Termos relacionados","-","cabo de celular samsung","pt","br","0","-"
2208,"Celular Samsung","Google","Termos relacionados","-","como calibrar o touch do celular samsung","pt","br","0","-"
2209,"Celular Samsung","Google","Termos relacionados","-","como arrumar a câmera do celular samsung","pt","br","0","-"
2210,"Celular Samsung","Google","Termos relacionados","-","cea celular samsung","pt","br","0","-"
2211,"Celular Samsung","Google","Termos relacionados","-","celular samsung s22 plus","pt","br","0","-"
2212,"Celular Samsung","Google","Termos relacionados","-","celular samsung preço bom","pt","br","0","-"
2213,"Celular Samsung","Google","Termos relacionados","-","celular samsung z flip 4","pt","br","0","-"
2214,"Celular Samsung","Google","Termos relacionados","-","celular samsung custo beneficio 2024","pt","br","0","-"
2215,"Celular Samsung","Google","Termos relacionados","-","celular samsung a15 mercado livre","pt","br","0","-"
2216,"Celular Samsung","Google","Termos relacionados","-","como formatar celular samsung j5","pt","br","0","-"
2217,"Celular Samsung","Google","Termos relacionados","-","celular samsung promoção mercado livre","pt","br","0","-"
2218,"Celular Samsung","Google","Termos relacionados","-","celular samsung ultimo lançamento 2024","pt","br","0","-"
2219,"Celular Samsung","Google","Termos relacionados","-","celular samsung ultima geração 2024","pt","br","0","-"
2220,"Celular Samsung","Google","Termos relacionados","-","celular samsung com camera boa e barato","pt","br","0","-"
2221,"Celular Samsung","Google","Termos relacionados","-","celular samsung com 1 terabyte de memoria","pt","br","0","-"
2222,"Celular Samsung","Google","Termos relacionados","-","celular samsung dobrável preço","pt","br","0","-"
2223,"Celular Samsung","Google","Termos relacionados","-","celular samsung galaxy a11","pt","br","0","-"
2224,"Celular Samsung","Google","Termos relacionados","-","celular samsung a06 casas bahia","pt","br","0","-"
2225,"Celular Samsung","Google","Termos relacionados","-","print no celular samsung","pt","br","0","-"
2226,"Celular Samsung","Google","Termos relacionados","-","promoção de celular samsung no carrefour","pt","br","0","-"
2227,"Celular Samsung","Google","Termos relacionados","-","como acessar a lixeira no celular samsung","pt","br","0","-"
2228,"Celular Samsung","Google","Termos relacionados","-","como configurar celular samsung","pt","br","0","-"
2229,"Celular Samsung","Google","Termos relacionados","-","lojas de celular samsung","pt","br","0","-"
2230,"Celular Samsung","Google","Termos relacionados","-","celular samsung xiaomi","pt","br","0","-"
2231,"Celular Samsung","Google","Termos relacionados","-","celular samsung galaxy m35 5g","pt","br","0","-"
2232,"Celular Samsung","Google","Termos relacionados","-","celular samsung a05 128gb","pt","br","0","-"
2233,"Celular Samsung","Google","Termos relacionados","-","problemas na tela do celular samsung","pt","br","0","-"
2234,"Celular Samsung","Google","Termos relacionados","-","pelicula de celular samsung","pt","br","0","-"
2235,"Celular Samsung","Google","Termos relacionados","-","celular samsung a55 128gb","pt","br","0","-"
2236,"Celular Samsung","Google","Termos relacionados","-","backup celular samsung","pt","br","0","-"
2237,"Celular Samsung","Google","Termos relacionados","-","como desativar o gemini no celular samsung","pt","br","0","-"
2238,"Celular Samsung","Google","Termos relacionados","-","celular samsung galaxy a5 2016","pt","br","0","-"
2239,"Celular Samsung","Google","Termos relacionados","-","capinha de celular samsung a12","pt","br","0","-"
2240,"Celular Samsung","Google","Termos relacionados","-","celular samsung a15 256gb 8gb ram","pt","br","0","-"
2241,"Celular Samsung","Google","Termos relacionados","-","como mudar a taxa de atualização do celular samsung","pt","br","0","-"
2242,"Celular Samsung","Google","Termos relacionados","-","celular samsung s23 mercado livre","pt","br","0","-"
2243,"Celular Samsung","Google","Termos relacionados","-","como tirar tela fantasma do celular samsung","pt","br","0","-"
2244,"Celular Samsung","Google","Termos relacionados","-","celular samsung s 21","pt","br","0","-"
2245,"Celular Samsung","Google","Termos relacionados","-","celular samsung k zoom","pt","br","0","-"
2246,"Celular Samsung","Google","Termos relacionados","-","como ver a senha do wifi no celular samsung","pt","br","0","-"
2247,"Celular Samsung","Google","Termos relacionados","-","celular samsung a55 casas bahia","pt","br","0","-"
2248,"Celular Samsung","Google","Termos relacionados","-","celular samsung com impressão digital na tela","pt","br","0","-"
2249,"Celular Samsung","Google","Termos relacionados","-","celular samsung j5 novo","pt","br","0","-"
2250,"Celular Samsung","Google","Termos relacionados","-","celular samsung a71 128 gb","pt","br","0","-"
2251,"Celular Samsung","Google","Termos relacionados","-","celular samsung smartphone","pt","br","0","-"
2252,"Celular Samsung","Google","Termos relacionados","-","celular samsung de 128 gb","pt","br","0","-"
2253,"Celular Samsung","Google","Termos relacionados","-","como tirar propaganda do celular samsung a03","pt","br","0","-"
2254,"Celular Samsung","Google","Termos relacionados","-","como economizar energia do celular samsung","pt","br","0","-"
2255,"Celular Samsung","Google","Termos relacionados","-","celular samsung 256gb a54","pt","br","0","-"
2256,"Celular Samsung","Google","Termos relacionados","-","como tirar o anúncio do celular samsung","pt","br","0","-"
2257,"Celular Samsung","Google","Termos relacionados","-","celular samsung intermediário 2026","pt","br","0","-"
2258,"Celular Samsung","Google","Termos relacionados","-","tirar print celular samsung","pt","br","0","-"
2259,"Celular Samsung","Google","Termos relacionados","-","quanto tempo demora para carregar um celular samsung","pt","br","0","-"
2260,"Celular Samsung","Google","Termos relacionados","-","como ativar cookies no celular samsung","pt","br","0","-"
2261,"Celular Samsung","Google","Termos relacionados","-","celular samsung s21 novo","pt","br","0","-"
2262,"Celular Samsung","Google","Termos relacionados","-","celular samsung dourado","pt","br","0","-"
2263,"Celular Samsung","Google","Termos relacionados","-","celular samsung iphone","pt","br","0","-"
2264,"Celular Samsung","Google","Termos relacionados","-","celular samsung 4g","pt","br","0","-"
2265,"Celular Samsung","Google","Termos relacionados","-","controle para celular samsung","pt","br","0","-"
2266,"Celular Samsung","Google","Termos relacionados","-","celular samsung promocao americanas","pt","br","0","-"
2267,"Celular Samsung","Google","Termos relacionados","-","capa celular samsung a54","pt","br","0","-"
2268,"Celular Samsung","Google","Termos relacionados","-","celular samsung de três câmeras","pt","br","0","-"
2269,"Celular Samsung","Google","Termos relacionados","-","como tirar o controle dos pais do celular samsung","pt","br","0","-"
2270,"Celular Samsung","Google","Termos relacionados","-","celular samsung galaxy j7","pt","br","0","-"
2271,"Celular Samsung","Google","Termos relacionados","-","o celular samsung a15 é bom","pt","br","0","-"
2272,"Celular Samsung","Google","Termos relacionados","-","celular samsung 2014","pt","br","0","-"
2273,"Celular Samsung","Google","Termos relacionados","-","celular samsung a71 256gb","pt","br","0","-"
2274,"Celular Samsung","Google","Termos relacionados","-","celular samsung camera igual iphone","pt","br","0","-"
2275,"Celular Samsung","Google","Termos relacionados","-","celular samsung galaxy a15 256gb","pt","br","0","-"
2276,"Celular Samsung","Google","Termos relacionados","-","como apagar vírus do celular samsung","pt","br","0","-"
2277,"Celular Samsung","Google","Termos relacionados","-","celular samsung a25 256gb é bom","pt","br","0","-"
2278,"Celular Samsung","Google","Termos relacionados","-","comprar celular samsung s23","pt","br","0","-"
2279,"Celular Samsung","Google","Termos relacionados","-","celular samsung 2024 lançamento","pt","br","0","-"
2280,"Celular Samsung","Google","Termos relacionados","-","celular samsung bom e barato 2024","pt","br","0","-"
2281,"Celular Samsung","Google","Termos relacionados","-","celular samsung a15 casas bahia","pt","br","0","-"
2282,"Celular Samsung","Google","Termos relacionados","-","celular samsung m55 256gb","pt","br","0","-"
2283,"Celular Samsung","Google","Termos relacionados","-","melhor celular samsung linha a","pt","br","0","-"
2284,"Celular Samsung","Google","Termos relacionados","-","top 10 celular samsung","pt","br","0","-"
2285,"Celular Samsung","Google","Termos relacionados","-","ultimo modelo de celular samsung","pt","br","0","-"
2286,"Celular Samsung","Google","Termos relacionados","-","comprar celular samsung s24","pt","br","0","-"
2287,"Celular Samsung","Google","Termos relacionados","-","carregador portátil de celular samsung","pt","br","0","-"
2288,"Celular Samsung","Google","Termos relacionados","-","celular samsung último modelo","pt","br","0","-"
2289,"Celular Samsung","Google","Termos relacionados","-","celular samsung a34 5g","pt","br","0","-"
2290,"Celular Samsung","Google","Termos relacionados","-","celular samsung galaxy a6","pt","br","0","-"
2291,"Celular Samsung","Google","Termos relacionados","-","celular samsung não quer carregar","pt","br","0","-"
2292,"Celular Samsung","Google","Termos relacionados","-","capa para celular samsung s24","pt","br","0","-"
2293,"Celular Samsung","Google","Termos relacionados","-","2 chips celular samsung","pt","br","0","-"
2294,"Celular Samsung","Google","Termos relacionados","-","celular samsung qual o melhor custo beneficio","pt","br","0","-"
2295,"Celular Samsung","Google","Termos relacionados","-","celular samsung até 700 reais","pt","br","0","-"
2296,"Celular Samsung","Google","Termos relacionados","-","celular samsung 512gb promoção","pt","br","0","-"
2297,"Celular Samsung","Google","Termos relacionados","-","celular samsung a52 128gb promocao","pt","br","0","-"
2298,"Celular Samsung","Google","Termos relacionados","-","celular samsung com 3 câmeras","pt","br","0","-"
2299,"Celular Samsung","Google","Termos relacionados","-","como desviciar o celular samsung","pt","br","0","-"
2300,"Celular Samsung","Google","Termos relacionados","-","celular samsung trocafone","pt","br","0","-"
2301,"Celular Samsung","Google","Termos relacionados","-","celular samsung m35 256gb preço","pt","br","0","-"
2302,"Celular Samsung","Google","Termos relacionados","-","como tirar comerciais do celular samsung","pt","br","0","-"
2303,"Celular Samsung","Google","Termos relacionados","-","celular samsung qual comprar","pt","br","0","-"
2304,"Celular Samsung","Google","Termos relacionados","-","como achar pasta oculta no celular samsung","pt","br","0","-"
2305,"Celular Samsung","Google","Termos relacionados","-","celular samsung 128 gb 8 ram","pt","br","0","-"
2306,"Celular Samsung","Google","Termos relacionados","-","como mudar o email do celular samsung","pt","br","0","-"
2307,"Celular Samsung","Google","Termos relacionados","-","celular samsung m21s","pt","br","0","-"
2308,"Celular Samsung","Google","Termos relacionados","-","celular samsung galaxy k zoom","pt","br","0","-"
2309,"Celular Samsung","Google","Termos relacionados","-","garantia de celular samsung","pt","br","0","-"
2310,"Celular Samsung","Google","Termos relacionados","-","como saber a senha do celular samsung","pt","br","0","-"
2311,"Celular Samsung","Google","Termos relacionados","-","como tirar a senha padrão do celular samsung","pt","br","0","-"
2312,"Celular Samsung","Google","Termos relacionados","-","como formatar o celular samsung a12","pt","br","0","-"
2313,"Celular Samsung","Google","Termos relacionados","-","assistência técnica autorizada celular samsung","pt","br","0","-"
2314,"Celular Samsung","Google","Termos relacionados","-","capa celular samsung s23","pt","br","0","-"
2315,"Celular Samsung","Google","Termos relacionados","-","celular samsung png","pt","br","0","-"
2316,"Celular Samsung","Google","Termos relacionados","-","celular samsung loja americana","pt","br","0","-"
2317,"Celular Samsung","Google","Termos relacionados","-","celular samsung simples e barato","pt","br","0","-"
2318,"Celular Samsung","Google","Termos relacionados","-","celular samsung galaxy z flip 6","pt","br","0","-"
2319,"Celular Samsung","Google","Termos relacionados","-","celular samsung galaxy a20","pt","br","0","-"
2320,"Celular Samsung","Google","Termos relacionados","-","celular samsung flip 6","pt","br","0","-"
2321,"Celular Samsung","Google","Termos relacionados","-","celular samsung a8","pt","br","0","-"
2322,"Celular Samsung","Google","Termos relacionados","-","celular samsung até 800 reais","pt","br","0","-"
2323,"Celular Samsung","Google","Termos relacionados","-","vírus do celular samsung","pt","br","0","-"
2324,"Celular Samsung","Google","Termos relacionados","-","celular samsung ate mil reais","pt","br","0","-"
2325,"Celular Samsung","Google","Termos relacionados","-","como baixar app no celular samsung","pt","br","0","-"
2326,"Celular Samsung","Google","Termos relacionados","-","limpeza de celular samsung","pt","br","0","-"
2327,"Celular Samsung","Google","Termos relacionados","-","tablet celular samsung","pt","br","0","-"
2328,"Celular Samsung","Google","Termos relacionados","-","como mudar a saída de áudio do celular samsung","pt","br","0","-"
2329,"Celular Samsung","Google","Termos relacionados","-","como mudar o idioma do celular samsung","pt","br","0","-"
2330,"Celular Samsung","Google","Termos relacionados","-","como aumentar o sinal do wifi no celular samsung","pt","br","0","-"
2331,"Celular Samsung","Google","Termos relacionados","-","como colocar data e hora na tela do celular samsung","pt","br","0","-"
2332,"Celular Samsung","Google","Termos relacionados","-","celular samsung quatro câmera","pt","br","0","-"
2333,"Celular Samsung","Google","Termos relacionados","-","celular samsung tv","pt","br","0","-"
2334,"Celular Samsung","Google","Termos relacionados","-","celular samsung 256gb casas bahia","pt","br","0","-"
2335,"Celular Samsung","Google","Termos relacionados","-","corda para celular samsung","pt","br","0","-"
2336,"Celular Samsung","Google","Termos relacionados","-","qual celular samsung comprar em 2025","pt","br","0","-"
2337,"Celular Samsung","Google","Termos relacionados","-","capinha de celular samsung do stitch","pt","br","0","-"
2338,"Celular Samsung","Google","Termos relacionados","-","celular samsung riachuelo","pt","br","0","-"
2339,"Celular Samsung","Google","Termos relacionados","-","celular samsung fold","pt","br","0","-"
2340,"Celular Samsung","Google","Termos relacionados","-","celular samsung a7 2016","pt","br","0","-"
2341,"Celular Samsung","Google","Termos relacionados","-","como ligar a lanterna do celular samsung","pt","br","0","-"
2342,"Celular Samsung","Google","Termos relacionados","-","como colocar chip no celular samsung s23","pt","br","0","-"
2343,"Celular Samsung","Google","Termos relacionados","-","celular samsung a15 tem nfc","pt","br","0","-"
2344,"Celular Samsung","Google","Termos relacionados","-","melhor câmera de celular samsung","pt","br","0","-"
2345,"Celular Samsung","Google","Termos relacionados","-","linha verde celular samsung","pt","br","0","-"
2346,"Celular Samsung","Google","Termos relacionados","-","como ter dois aplicativos iguais no mesmo celular samsung","pt","br","0","-"
2347,"Celular Samsung","Google","Termos relacionados","-","como tirar a tela preta do celular samsung","pt","br","0","-"
2348,"Celular Samsung","Google","Termos relacionados","-","celular samsung lojas colombo","pt","br","0","-"
2349,"Celular Samsung","Google","Termos relacionados","-","celular samsung linha s 256gb","pt","br","0","-"
2350,"Celular Samsung","Google","Termos relacionados","-","celular samsung a71 preço","pt","br","0","-"
2351,"Celular Samsung","Google","Termos relacionados","-","ache meu celular samsung","pt","br","0","-"
2352,"Celular Samsung","Google","Termos relacionados","-","celular samsung duas telas","pt","br","0","-"
2353,"Celular Samsung","Google","Termos relacionados","-","lojas becker celular samsung","pt","br","0","-"
2354,"Celular Samsung","Google","Termos relacionados","-","como saber a marca do meu celular samsung","pt","br","0","-"
2355,"Celular Samsung","Google","Termos relacionados","-","celular samsung mercado livre barato","pt","br","0","-"
2356,"Celular Samsung","Google","Termos relacionados","-","celular samsung 2008","pt","br","0","-"
2357,"Celular Samsung","Google","Termos relacionados","-","como mudar dpi do celular samsung","pt","br","0","-"
2358,"Celular Samsung","Google","Termos relacionados","-","celular samsung m10","pt","br","0","-"
2359,"Celular Samsung","Google","Termos relacionados","-","celular samsung s20 fe 256gb","pt","br","0","-"
2360,"Celular Samsung","Google","Termos relacionados","-","como saber se tem vírus no celular samsung","pt","br","0","-"
2361,"Celular Samsung","Google","Termos relacionados","-","capinha para celular samsung a15","pt","br","0","-"
2362,"Celular Samsung","Google","Termos relacionados","-","corby celular samsung","pt","br","0","-"
2363,"Celular Samsung","Google","Termos relacionados","-","celular samsung m30","pt","br","0","-"
2364,"Celular Samsung","Google","Termos relacionados","-","celular samsung s23 256gb preço","pt","br","0","-"
2365,"Celular Samsung","Google","Termos relacionados","-","celular samsung galaxy j3 2016","pt","br","0","-"
2366,"Celular Samsung","Google","Termos relacionados","-","como formatar celular samsung a12","pt","br","0","-"
2367,"Celular Samsung","Google","Termos relacionados","-","reset celular samsung a12","pt","br","0","-"
2368,"Celular Samsung","Google","Termos relacionados","-","como consertar o alto falante do celular samsung","pt","br","0","-"
2369,"Celular Samsung","Google","Termos relacionados","-","celular samsung j7 pro","pt","br","0","-"
2370,"Celular Samsung","Google","Termos relacionados","-","celular samsung com caneta barato","pt","br","0","-"
2371,"Celular Samsung","Google","Termos relacionados","-","capinha para celular samsung s25 ultra","pt","br","0","-"
2372,"Celular Samsung","Google","Termos relacionados","-","como fazer um reset no celular samsung","pt","br","0","-"
2373,"Celular Samsung","Google","Termos relacionados","-","como testar a tela do celular samsung","pt","br","0","-"
2374,"Celular Samsung","Google","Termos relacionados","-","capa celular samsung a15","pt","br","0","-"
2375,"Celular Samsung","Google","Termos relacionados","-","como tirar foto da tela do celular samsung","pt","br","0","-"
2376,"Celular Samsung","Google","Termos relacionados","-","como voltar o som do celular samsung","pt","br","0","-"
2377,"Celular Samsung","Google","Termos relacionados","-","como desligar meu celular samsung","pt","br","0","-"
2378,"Celular Samsung","Google","Termos relacionados","-","celular samsung s23 ultra 512 gb","pt","br","0","-"
2379,"Celular Samsung","Google","Termos relacionados","-","celular samsung e5","pt","br","0","-"
2380,"Celular Samsung","Google","Termos relacionados","-","celular samsung galaxy s23 fe 5g","pt","br","0","-"
2381,"Celular Samsung","Google","Termos relacionados","-","qual o melhor celular samsung 2024","pt","br","0","-"
2382,"Celular Samsung","Google","Termos relacionados","-","celular samsung galaxy s8 plus","pt","br","0","-"
2383,"Celular Samsung","Google","Termos relacionados","-","celular samsung snapdragon","pt","br","0","-"
2384,"Celular Samsung","Google","Termos relacionados","-","celular samsung usados baratos","pt","br","0","-"
2385,"Celular Samsung","Google","Termos relacionados","-","celular samsung galaxy win 2","pt","br","0","-"
2386,"Celular Samsung","Google","Termos relacionados","-","celular samsung pequeno novo","pt","br","0","-"
2387,"Celular Samsung","Google","Termos relacionados","-","celular samsung a34 128gb","pt","br","0","-"
2388,"Celular Samsung","Google","Termos relacionados","-","como restaurar o celular samsung de fábrica pelos botões","pt","br","0","-"
2389,"Celular Samsung","Google","Termos relacionados","-","como desinstalar aplicativo do celular samsung","pt","br","0","-"
2390,"Celular Samsung","Google","Termos relacionados","-","celular samsung amarelo","pt","br","0","-"
2391,"Celular Samsung","Google","Termos relacionados","-","celular samsung galaxy casas bahia","pt","br","0","-"
2392,"Celular Samsung","Google","Termos relacionados","-","celular samsung ai","pt","br","0","-"
2393,"Celular Samsung","Google","Termos relacionados","-","capa para celular samsung s24 fe","pt","br","0","-"
2394,"Celular Samsung","Google","Termos relacionados","-","celular samsung a32 256gb","pt","br","0","-"
2395,"Celular Samsung","Google","Termos relacionados","-","como formatar celular samsung a03","pt","br","0","-"
2396,"Celular Samsung","Google","Termos relacionados","-","celular samsung a15 é bom","pt","br","0","-"
2397,"Celular Samsung","Google","Termos relacionados","-","como fazer um print no celular samsung","pt","br","0","-"
2398,"Celular Samsung","Google","Termos relacionados","-","como baixar música para toque de celular samsung","pt","br","0","-"
2399,"Celular Samsung","Google","Termos relacionados","-","celular samsung a16 5g 128gb","pt","br","0","-"
2400,"Celular Samsung","Google","Termos relacionados","-","celular samsung 10","pt","br","0","-"
2401,"Celular Samsung","Google","Termos relacionados","-","celular samsung gbarbosa","pt","br","0","-"
2402,"Celular Samsung","Google","Termos relacionados","-","como reiniciar o celular samsung pelas configurações","pt","br","0","-"
2403,"Celular Samsung","Google","Termos relacionados","-","celular samsung galaxy s23 fe","pt","br","0","-"
2404,"Celular Samsung","Google","Termos relacionados","-","celular samsung s10e","pt","br","0","-"
2405,"Celular Samsung","Google","Termos relacionados","-","celular samsung 8gb","pt","br","0","-"
2406,"Celular Samsung","Google","Termos relacionados","-","celular samsung gazin","pt","br","0","-"
2407,"Celular Samsung","Google","Termos relacionados","-","celular samsung até 600 reais","pt","br","0","-"
2408,"Celular Samsung","Google","Termos relacionados","-","celular samsung não liga e não carrega","pt","br","0","-"
2409,"Celular Samsung","Google","Termos relacionados","-","como calibrar a tela do celular samsung","pt","br","0","-"
2410,"Celular Samsung","Google","Termos relacionados","-","celular samsung com smartwatch","pt","br","0","-"
2411,"Celular Samsung","Google","Termos relacionados","-","capinha de celular samsung s20 fe","pt","br","0","-"
2412,"Celular Samsung","Google","Termos relacionados","-","celular samsung s24 ultra preço","pt","br","0","-"
2413,"Celular Samsung","Google","Termos relacionados","-","capa de celular samsung s24 ultra","pt","br","0","-"
2414,"Celular Samsung","Google","Termos relacionados","-","assistência técnica celular samsung curitiba","pt","br","0","-"
2415,"Celular Samsung","Google","Termos relacionados","-","celular samsung com teclado grande para idosos","pt","br","0","-"
2416,"Celular Samsung","Google","Termos relacionados","-","celular samsung a 15 4g","pt","br","0","-"
2417,"Celular Samsung","Google","Termos relacionados","-","código para aumentar volume do celular samsung","pt","br","0","-"
2418,"Celular Samsung","Google","Termos relacionados","-","capa para celular samsung s23 ultra","pt","br","0","-"
2419,"Celular Samsung","Google","Termos relacionados","-","buscar meu celular samsung","pt","br","0","-"
2420,"Celular Samsung","Google","Termos relacionados","-","como apagar contato do whatsapp no celular samsung","pt","br","0","-"
2421,"Celular Samsung","Google","Termos relacionados","-","bateria do celular samsung","pt","br","0","-"
2422,"Celular Samsung","Google","Termos relacionados","-","celular samsung a31 128gb","pt","br","0","-"
2423,"Celular Samsung","Google","Termos relacionados","-","celular samsung 5g em promoção","pt","br","0","-"
2424,"Celular Samsung","Google","Termos relacionados","-","celular samsung na amazon","pt","br","0","-"
2425,"Celular Samsung","Google","Termos relacionados","-","shopee celular samsung barato","pt","br","0","-"
2426,"Celular Samsung","Google","Termos relacionados","-","celular samsung com teclado","pt","br","0","-"
2427,"Celular Samsung","Google","Termos relacionados","-","celular samsung galaxy young 2","pt","br","0","-"
2428,"Celular Samsung","Google","Termos relacionados","-","capa celular samsung s25","pt","br","0","-"
2429,"Celular Samsung","Google","Termos relacionados","-","capa celular samsung s24 fe","pt","br","0","-"
2430,"Celular Samsung","Google","Termos relacionados","-","como desativar o adaptador de usb do celular samsung","pt","br","0","-"
2431,"Celular Samsung","Google","Termos relacionados","-","celular samsung galaxy a02 é bom","pt","br","0","-"
2432,"Celular Samsung","Google","Termos relacionados","-","celular samsung de 1000 reais","pt","br","0","-"
2433,"Celular Samsung","Google","Termos relacionados","-","celular samsung 128gb s23","pt","br","0","-"
2434,"Celular Samsung","Google","Termos relacionados","-","como conectar fone sem fio no celular samsung","pt","br","0","-"
2435,"Celular Samsung","Google","Termos relacionados","-","esqueci minha senha do celular samsung","pt","br","0","-"
2436,"Celular Samsung","Google","Termos relacionados","-","celular samsung galaxy j7 prime","pt","br","0","-"
2437,"Celular Samsung","Google","Termos relacionados","-","como colocar 5g no celular samsung","pt","br","0","-"
2438,"Celular Samsung","Google","Termos relacionados","-","celular samsung a 03","pt","br","0","-"
2439,"Celular Samsung","Google","Termos relacionados","-","celular samsung 23","pt","br","0","-"
2440,"Celular Samsung","Google","Termos relacionados","-","instalar o whatsapp novamente no celular samsung","pt","br","0","-"
2441,"Celular Samsung","Google","Termos relacionados","-","celular samsung a15 5g 128gb","pt","br","0","-"
2442,"Celular Samsung","Google","Termos relacionados","-","celular samsung com 8gb de ram","pt","br","0","-"
2443,"Celular Samsung","Google","Termos relacionados","-","como ver o número do chip no celular samsung","pt","br","0","-"
2444,"Celular Samsung","Google","Termos relacionados","-","celular samsung galaxy a31","pt","br","0","-"
2445,"Celular Samsung","Google","Termos relacionados","-","celular samsung galaxy a02","pt","br","0","-"
2446,"Celular Samsung","Google","Termos relacionados","-","alugar celular samsung","pt","br","0","-"
2447,"Celular Samsung","Google","Termos relacionados","-","celular samsung a23 256gb","pt","br","0","-"
2448,"Celular Samsung","Google","Termos relacionados","-","celular samsung na black friday","pt","br","0","-"
2449,"Celular Samsung","Google","Termos relacionados","-","celular samsung mercado livre frete gratis","pt","br","0","-"
2450,"Celular Samsung","Google","Termos relacionados","-","lente para celular samsung","pt","br","0","-"
2451,"Celular Samsung","Google","Termos relacionados","-","capinhas de celular samsung a14","pt","br","0","-"
2452,"Celular Samsung","Google","Termos relacionados","-","nome dos botões do celular samsung","pt","br","0","-"
2453,"Celular Samsung","Google","Termos relacionados","-","fone celular samsung","pt","br","0","-"
2454,"Celular Samsung","Google","Termos relacionados","-","o celular samsung galaxy","pt","br","0","-"
2455,"Celular Samsung","Google","Termos relacionados","-","como colocar relogio no celular samsung","pt","br","0","-"
2456,"Celular Samsung","Google","Termos relacionados","-","como organizar tu celular samsung","pt","br","0","-"
2457,"Celular Samsung","Google","Termos relacionados","-","celular samsung com 512 gb","pt","br","0","-"
2458,"Celular Samsung","Google","Termos relacionados","-","celular samsung olho azul","pt","br","0","-"
2459,"Celular Samsung","Google","Termos relacionados","-","como ativar câmera do celular samsung","pt","br","0","-"
2460,"Celular Samsung","Google","Termos relacionados","-","como ver o ip do celular samsung","pt","br","0","-"
2461,"Celular Samsung","Google","Termos relacionados","-","celular samsung a32 4g","pt","br","0","-"
2462,"Celular Samsung","Google","Termos relacionados","-","celular samsung a35 128gb","pt","br","0","-"
2463,"Celular Samsung","Google","Termos relacionados","-","papel de parede bonito para celular samsung","pt","br","0","-"
2464,"Celular Samsung","Google","Termos relacionados","-","capa para celular samsung a05","pt","br","0","-"
2465,"Celular Samsung","Google","Termos relacionados","-","como mudar a fonte do celular samsung","pt","br","0","-"
2466,"Celular Samsung","Google","Termos relacionados","-","celular samsung flip 4","pt","br","0","-"
2467,"Celular Samsung","Google","Termos relacionados","-","celular samsung a53 128gb","pt","br","0","-"
2468,"Celular Samsung","Google","Termos relacionados","-","celular samsung s23fe 256gb","pt","br","0","-"
2469,"Celular Samsung","Google","Termos relacionados","-","como bloquear propagandas no celular samsung","pt","br","0","-"
2470,"Celular Samsung","Google","Termos relacionados","-","celular samsung a35 256gb 5g","pt","br","0","-"
2471,"Celular Samsung","Google","Termos relacionados","-","celular samsung kabum","pt","br","0","-"
2472,"Celular Samsung","Google","Termos relacionados","-","celular samsung 5g 128gb mais barato","pt","br","0","-"
2473,"Celular Samsung","Google","Termos relacionados","-","capa de celular samsung s20 fe","pt","br","0","-"
2474,"Celular Samsung","Google","Termos relacionados","-","como secar a entrada do carregador do celular samsung","pt","br","0","-"
2475,"Celular Samsung","Google","Termos relacionados","-","capa celular samsung s25 ultra","pt","br","0","-"
2476,"Celular Samsung","Google","Termos relacionados","-","como bloquear propaganda no celular samsung","pt","br","0","-"
2477,"Celular Samsung","Google","Termos relacionados","-","celular samsung galaxy a16 256gb 8gb ram","pt","br","0","-"
2478,"Celular Samsung","Google","Termos relacionados","-","como ver a senha do gmail no celular samsung","pt","br","0","-"
2479,"Celular Samsung","Google","Termos relacionados","-","anúncios aparecendo no celular samsung","pt","br","0","-"
2480,"Celular Samsung","Google","Termos relacionados","-","como resetar um celular samsung com senha","pt","br","0","-"
2481,"Celular Samsung","Google","Termos relacionados","-","como tirar conta google do celular samsung","pt","br","0","-"
2482,"Celular Samsung","Google","Termos relacionados","-","como travar a tela do celular samsung","pt","br","0","-"
2483,"Celular Samsung","Google","Termos relacionados","-","celular samsung galaxy a17 5g","pt","br","0","-"
2484,"Celular Samsung","Google","Termos relacionados","-","celular samsung galaxy a16 128 gb","pt","br","0","-"
2485,"Celular Samsung","Google","Termos relacionados","-","celular samsung a26 5g","pt","br","0","-"
2486,"Celular Samsung","Google","Termos relacionados","-","celular samsung m35 5g 256gb","pt","br","0","-"
2487,"Celular Samsung","Google","Termos relacionados","-","celular samsung a15 magazine luiza","pt","br","0","-"
2488,"Celular Samsung","Google","Termos relacionados","-","volume baixo celular samsung","pt","br","0","-"
2489,"Celular Samsung","Google","Termos relacionados","-","qual melhor celular samsung 2025","pt","br","0","-"
2490,"Celular Samsung","Google","Termos relacionados","-","celular samsung a15 preço","pt","br","0","-"
2491,"Celular Samsung","Google","Termos relacionados","-","celular samsung com virus de propaganda","pt","br","0","-"
2492,"Celular Samsung","Google","Termos relacionados","-","capa para celular samsung a14","pt","br","0","-"
2493,"Celular Samsung","Google","Termos relacionados","-","como ver o email do celular samsung","pt","br","0","-"
2494,"Celular Samsung","Google","Termos relacionados","-","como desativar o modo de segurança do celular samsung","pt","br","0","-"
2495,"Celular Samsung","Google","Termos relacionados","-","como ativar o chip no celular samsung","pt","br","0","-"
2496,"Celular Samsung","Google","Termos relacionados","-","temas para celular samsung grátis","pt","br","0","-"
2497,"Celular Samsung","Google","Termos relacionados","-","como desligar celular samsung sem tocar na tela","pt","br","0","-"
2498,"Celular Samsung","Google","Termos relacionados","-","como restaurar celular samsung de fabrica","pt","br","0","-"
2499,"Celular Samsung","Google","Termos relacionados","-","celular samsung travou a tela o que fazer","pt","br","0","-"
2500,"Celular Samsung","Google","Termos relacionados","-","celular samsung s23 ultra novo","pt","br","0","-"
2501,"Celular Samsung","Google","Termos relacionados","-","como baixar o play store no celular samsung","pt","br","0","-"
2502,"Celular Samsung","Google","Termos relacionados","-","celular samsung duos","pt","br","0","-"
2503,"Celular Samsung","Google","Termos relacionados","-","celular samsung galaxy a56 5g 256gb 8gb ram","pt","br","0","-"
2504,"Celular Samsung","Google","Termos relacionados","-","o preço do celular samsung","pt","br","0","-"
2505,"Celular Samsung","Google","Termos relacionados","-","temas de celular samsung","pt","br","0","-"
2506,"Celular Samsung","Google","Termos relacionados","-","quanto que é um celular samsung","pt","br","0","-"
2507,"Celular Samsung","Google","Termos relacionados","-","celular samsung não quer ligar","pt","br","0","-"
2508,"Celular Samsung","Google","Termos relacionados","-","celular samsung fold 6","pt","br","0","-"
2509,"Celular Samsung","Google","Termos relacionados","-","resfriar celular samsung","pt","br","0","-"
2510,"Celular Samsung","Google","Termos relacionados","-","o que é multicontrole no celular samsung","pt","br","0","-"
2511,"Celular Samsung","Google","Termos relacionados","-","onde formatar o celular samsung","pt","br","0","-"
2512,"Celular Samsung","Google","Termos relacionados","-","resetar celular samsung desligado","pt","br","0","-"
2513,"Celular Samsung","Google","Termos relacionados","-","como aumentar memória do celular samsung","pt","br","0","-"
2514,"Celular Samsung","Google","Termos relacionados","-","preço celular samsung s25 ultra","pt","br","0","-"
2515,"Celular Samsung","Google","Termos relacionados","-","lista celular samsung","pt","br","0","-"
2516,"Celular Samsung","Google","Termos relacionados","-","meu celular samsung travou a tela o que fazer","pt","br","0","-"
2517,"Celular Samsung","Google","Termos relacionados","-","voltar a cor normal da tela do celular samsung","pt","br","0","-"
2518,"Celular Samsung","Google","Termos relacionados","-","quanto tempo dura a carga do celular samsung","pt","br","0","-"
2519,"Celular Samsung","Google","Termos relacionados","-","scanner celular samsung","pt","br","0","-"
2520,"Celular Samsung","Google","Termos relacionados","-","quanto custa um celular samsung nos estados unidos","pt","br","0","-"
2521,"Celular Samsung","Google","Termos relacionados","-","celular samsung de duas câmeras","pt","br","0","-"
2522,"Celular Samsung","Google","Termos relacionados","-","teste celular samsung","pt","br","0","-"
2523,"Celular Samsung","Google","Termos relacionados","-","tela celular samsung a32","pt","br","0","-"
2524,"Celular Samsung","Google","Termos relacionados","-","qual o melhor cartão de memória para celular samsung","pt","br","0","-"
2525,"Celular Samsung","Google","Termos relacionados","-","pagamento por aproximação celular samsung","pt","br","0","-"
2526,"Celular Samsung","Google","Termos relacionados","-","celular samsung tela preta","pt","br","0","-"
2527,"Celular Samsung","Google","Termos relacionados","-","tela branca celular samsung","pt","br","0","-"
2528,"Celular Samsung","Google","Termos relacionados","-","qual celular samsung comprar em 2024","pt","br","0","-"
2529,"Celular Samsung","Google","Termos relacionados","-","promoção de celular samsung 5g","pt","br","0","-"
2530,"Celular Samsung","Google","Termos relacionados","-","como recuperar vídeos apagadas do celular samsung","pt","br","0","-"
2531,"Celular Samsung","Google","Termos relacionados","-","tela preta celular samsung","pt","br","0","-"
2532,"Celular Samsung","Google","Termos relacionados","-","quantos volts tem um carregador de celular samsung","pt","br","0","-"
2533,"Celular Samsung","Google","Termos relacionados","-","simbolos no celular samsung","pt","br","0","-"
2534,"Celular Samsung","Google","Termos relacionados","-","celular samsung nova geração","pt","br","0","-"
2535,"Celular Samsung","Google","Termos relacionados","-","celular samsung 6","pt","br","0","-"
2536,"Celular Samsung","Google","Termos relacionados","-","propaganda aparecendo no celular samsung","pt","br","0","-"
2537,"Celular Samsung","Google","Termos relacionados","-","quem criou o celular samsung","pt","br","0","-"
2538,"Celular Samsung","Google","Termos relacionados","-","capas para celular samsung s24 fe","pt","br","0","-"
2539,"Celular Samsung","Google","Termos relacionados","-","promoção celular samsung s23","pt","br","0","-"
2540,"Celular Samsung","Google","Termos relacionados","-","celular samsung nao carrega umidade","pt","br","0","-"
2541,"Celular Samsung","Google","Termos relacionados","-","como colocar foto no papel de parede do celular samsung","pt","br","0","-"
2542,"Celular Samsung","Google","Termos relacionados","-","tela azul celular samsung","pt","br","0","-"
2543,"Celular Samsung","Google","Termos relacionados","-","melhor celular samsung para fotos","pt","br","0","-"
2544,"Celular Samsung","Google","Termos relacionados","-","recuperar arquivos apagados do celular samsung","pt","br","0","-"
2545,"Celular Samsung","Google","Termos relacionados","-","capinha de celular samsung a07","pt","br","0","-"
2546,"Celular Samsung","Google","Termos relacionados","-","celular samsung 256 gb em promoção","pt","br","0","-"
2547,"Celular Samsung","Google","Termos relacionados","-","celular samsung 2005","pt","br","0","-"
2548,"Celular Samsung","Google","Termos relacionados","-","ver celular samsung","pt","br","0","-"
2549,"Celular Samsung","Google","Termos relacionados","-","ver preço de celular samsung","pt","br","0","-"
2550,"Celular Samsung","Google","Termos relacionados","-","pendrive para celular samsung","pt","br","0","-"
2551,"Celular Samsung","Google","Termos relacionados","-","capinha para celular samsung a07","pt","br","0","-"
2552,"Celular Samsung","Google","Termos relacionados","-","linha branca na tela do celular samsung como resolver","pt","br","0","-"
2553,"Celular Samsung","Google","Termos relacionados","-","quero ver celular samsung","pt","br","0","-"
2554,"Celular Samsung","Google","Termos relacionados","-","projetor para celular samsung","pt","br","0","-"
2555,"Celular Samsung","Google","Termos relacionados","-","celular samsung galaxy a 56","pt","br","0","-"
2556,"Celular Samsung","Google","Termos relacionados","-","desbloquear celular samsung pelo gmail","pt","br","0","-"
2557,"Celular Samsung","Google","Termos relacionados","-","celular samsung m15 é bom","pt","br","0","-"
2558,"Celular Samsung","Google","Termos relacionados","-","onde fica o despertador do celular samsung","pt","br","0","-"
2559,"Celular Samsung","Google","Termos relacionados","-","relógio para celular samsung","pt","br","0","-"
2560,"Celular Samsung","Google","Termos relacionados","-","wobbly life para celular samsung","pt","br","0","-"
2561,"Celular Samsung","Google","Termos relacionados","-","valor do celular samsung s23","pt","br","0","-"
2562,"Celular Samsung","Google","Termos relacionados","-","proteção de tela celular samsung","pt","br","0","-"
2563,"Celular Samsung","Google","Termos relacionados","-","nota fiscal de celular samsung pdf","pt","br","0","-"
2564,"Celular Samsung","Google","Termos relacionados","-","onde fica o gps do celular samsung","pt","br","0","-"
2565,"Celular Samsung","Google","Termos relacionados","-","nuvem do celular samsung","pt","br","0","-"
2566,"Celular Samsung","Google","Termos relacionados","-","o que é iu do sistema do celular samsung","pt","br","0","-"
2567,"Celular Samsung","Google","Termos relacionados","-","restaurar celular samsung de fábrica","pt","br","0","-"
2568,"Celular Samsung","Google","Termos relacionados","-","qual o melhor carregador portátil para celular samsung","pt","br","0","-"
2569,"Celular Samsung","Google","Termos relacionados","-","localizar celular samsung perdido","pt","br","0","-"
2570,"Celular Samsung","Google","Termos relacionados","-","códigos de celular samsung","pt","br","0","-"
2571,"Celular Samsung","Google","Termos relacionados","-","celular samsung com a câmera boa","pt","br","0","-"
2572,"Celular Samsung","Google","Termos relacionados","-","preço de carregador de celular samsung original","pt","br","0","-"
2573,"Celular Samsung","Google","Termos relacionados","-","empréstimo com garantia de celular samsung brelo","pt","br","0","-"
2574,"Celular Samsung","Google","Termos relacionados","-","tela celular samsung s20 fe","pt","br","0","-"
2575,"Celular Samsung","Google","Termos relacionados","-","melhor preço de celular samsung","pt","br","0","-"
2576,"Celular Samsung","Google","Termos relacionados","-","venda de celular samsung","pt","br","0","-"
2577,"Celular Samsung","Google","Termos relacionados","-","comprar celular samsung a15","pt","br","0","-"
2578,"Celular Samsung","Google","Termos relacionados","-","celular samsung galaxy a56 256 gb","pt","br","0","-"
2579,"Celular Samsung","Google","Termos relacionados","-","celular samsung que abre no meio","pt","br","0","-"
2580,"Celular Samsung","Google","Termos relacionados","-","celular samsung 6000mah","pt","br","0","-"
2581,"Celular Samsung","Google","Termos relacionados","-","mercado livre celular samsung galaxy","pt","br","0","-"
2582,"Celular Samsung","Google","Termos relacionados","-","limpar virus celular samsung","pt","br","0","-"
2583,"Celular Samsung","Google","Termos relacionados","-","onde fica o dpi do celular samsung","pt","br","0","-"
2584,"Celular Samsung","Google","Termos relacionados","-","o que é modo desenvolvedor no celular samsung","pt","br","0","-"
2585,"Celular Samsung","Google","Termos relacionados","-","onde fica o sensor do celular samsung","pt","br","0","-"
2586,"Celular Samsung","Google","Termos relacionados","-","celular samsung de entrada","pt","br","0","-"
2587,"Celular Samsung","Google","Termos relacionados","-","qual o melhor celular samsung ou xiaomi","pt","br","0","-"
2588,"Celular Samsung","Google","Termos relacionados","-","som para tirar água do celular samsung","pt","br","0","-"
2589,"Celular Samsung","Google","Termos relacionados","-","qual celular samsung comprar","pt","br","0","-"
2590,"Celular Samsung","Google","Termos relacionados","-","celular samsung s25fe 256gb","pt","br","0","-"
2591,"Celular Samsung","Google","Termos relacionados","-","emprestimo garantia celular samsung","pt","br","0","-"
2592,"Celular Samsung","Google","Termos relacionados","-","celular samsung 1tb","pt","br","0","-"
2593,"Celular Samsung","Google","Termos relacionados","-","galaxy celular samsung 256gb","pt","br","0","-"
2594,"Celular Samsung","Google","Termos relacionados","-","toque celular samsung","pt","br","0","-"
2595,"Celular Samsung","Google","Termos relacionados","-","acessorio celular samsung","pt","br","0","-"
2596,"Celular Samsung","Google","Termos relacionados","-","onde está meu celular samsung","pt","br","0","-"
2597,"Celular Samsung","Google","Termos relacionados","-","um celular samsung","pt","br","0","-"
2598,"Celular Samsung","Google","Termos relacionados","-","como baixar instagram no celular samsung","pt","br","0","-"
2599,"Celular Samsung","Google","Termos relacionados","-","lentes para celular samsung","pt","br","0","-"
2600,"Celular Samsung","Google","Termos relacionados","-","olx df celular samsung","pt","br","0","-"
2601,"Celular Samsung","Google","Termos relacionados","-","valor do celular samsung a5","pt","br","0","-"
2602,"Celular Samsung","Google","Termos relacionados","-","rádio gaúcha ao vivo ouvir agora direto no celular samsung","pt","br","0","-"
2603,"Celular Samsung","Google","Termos relacionados","-","celular samsung que fecha no meio","pt","br","0","-"
2604,"Celular Samsung","Google","Termos relacionados","-","preço de celular samsung s23","pt","br","0","-"
2605,"Celular Samsung","Google","Termos relacionados","-","smart celular samsung","pt","br","0","-"
2606,"Celular Samsung","Google","Termos relacionados","-","qual e melhor celular samsung","pt","br","0","-"
2607,"Celular Samsung","Google","Termos relacionados","-","como melhorar o desempenho do celular samsung","pt","br","0","-"
2608,"Celular Samsung","Google","Termos relacionados","-","onde fica a calculadora do celular samsung","pt","br","0","-"
2609,"Celular Samsung","Google","Termos relacionados","-","mercado livre celular samsung 128gb","pt","br","0","-"
2610,"Celular Samsung","Google","Termos relacionados","-","rastrear celular samsung pelo email","pt","br","0","-"
2611,"Celular Samsung","Google","Termos relacionados","-","ventosa para celular samsung","pt","br","0","-"
2612,"Celular Samsung","Google","Termos relacionados","-","propaganda aparecendo na tela do celular samsung","pt","br","0","-"
2613,"Celular Samsung","Google","Termos relacionados","-","promoção celular samsung 128gb","pt","br","0","-"
2614,"Celular Samsung","Google","Termos relacionados","-","quanto custa um display de celular samsung","pt","br","0","-"
2615,"Celular Samsung","Google","Termos relacionados","-","wallpaper celular samsung","pt","br","0","-"
2616,"Celular Samsung","Google","Termos relacionados","-","cabo de celular samsung original","pt","br","0","-"
2617,"Celular Samsung","Google","Termos relacionados","-","preço do celular samsung a14","pt","br","0","-"
2618,"Celular Samsung","Google","Termos relacionados","-","onde fica o número de série do celular samsung","pt","br","0","-"
2619,"Celular Samsung","Google","Termos relacionados","-","5g celular samsung 256gb","pt","br","0","-"
2620,"Celular Samsung","Google","Termos relacionados","-","como desbloquear celular samsung sem formatar","pt","br","0","-"
2621,"Celular Samsung","Google","Termos relacionados","-","problema na tela do celular samsung","pt","br","0","-"
2622,"Celular Samsung","Google","Termos relacionados","-","quanto custa para consertar o botão power do celular samsung","pt","br","0","-"
2623,"Celular Samsung","Google","Termos relacionados","-","celular samsung nfc 5g","pt","br","0","-"
2624,"Celular Samsung","Google","Termos relacionados","-","como configurar celular samsung usado","pt","br","0","-"
2625,"Celular Samsung","Google","Termos relacionados","-","celular samsung câmera","pt","br","0","-"
2626,"Celular Samsung","Google","Termos relacionados","-","case para celular samsung","pt","br","0","-"
2627,"Celular Samsung","Google","Termos relacionados","-","como passar antivírus no celular samsung","pt","br","0","-"
2628,"Celular Samsung","Google","Termos relacionados","-","cadeado na tela do celular samsung","pt","br","0","-"
2629,"Celular Samsung","Google","Termos relacionados","-","ligar ar condicionado pelo celular samsung","pt","br","0","-"
2630,"Celular Samsung","Google","Termos relacionados","-","como desbloquear celular samsung com senha de desenho","pt","br","0","-"
2631,"Celular Samsung","Google","Termos relacionados","-","como melhorar a câmera do celular samsung","pt","br","0","-"
2632,"Celular Samsung","Google","Termos relacionados","-","celular samsung vibrando sozinho","pt","br","0","-"
2633,"Celular Samsung","Google","Termos relacionados","-","celular samsung não está carregando","pt","br","0","-"
2634,"Celular Samsung","Google","Termos relacionados","-","como economizar bateria do celular samsung","pt","br","0","-"
2635,"Celular Samsung","Google","Termos relacionados","-","modo escuro celular samsung","pt","br","0","-"
2636,"Celular Samsung","Google","Termos relacionados","-","celular samsung resistente à água e queda","pt","br","0","-"
2637,"Celular Samsung","Google","Termos relacionados","-","como instalar o whatsapp no celular samsung","pt","br","0","-"
2638,"Celular Samsung","Google","Termos relacionados","-","galaxy celular samsung s23","pt","br","0","-"
2639,"Celular Samsung","Google","Termos relacionados","-","celular samsung linha s qual o melhor","pt","br","0","-"
2640,"Celular Samsung","Google","Termos relacionados","-","como aumentar o fps do celular samsung","pt","br","0","-"
2641,"Celular Samsung","Google","Termos relacionados","-","anuncio no celular samsung","pt","br","0","-"
2642,"Celular Samsung","Google","Termos relacionados","-","celular samsung mais barato e bom","pt","br","0","-"
2643,"Celular Samsung","Google","Termos relacionados","-","foto de um celular samsung","pt","br","0","-"
2644,"Celular Samsung","Google","Termos relacionados","-","celular samsung igual iphone","pt","br","0","-"
2645,"Celular Samsung","Google","Termos relacionados","-","magazine luiza celular samsung a15","pt","br","0","-"
2646,"Celular Samsung","Google","Termos relacionados","-","celular samsung resistente a queda","pt","br","0","-"
2647,"Celular Samsung","Google","Termos relacionados","-","aluguel celular samsung","pt","br","0","-"
2648,"Celular Samsung","Google","Termos relacionados","-","celular samsung promoção 256gb","pt","br","0","-"
2649,"Celular Samsung","Google","Termos relacionados","-","celular samsung vermelho antigo","pt","br","0","-"
2650,"Celular Samsung","Google","Termos relacionados","-","como tirar virus de anuncio do celular samsung","pt","br","0","-"
2651,"Celular Samsung","Google","Termos relacionados","-","onde ver o modelo do celular samsung","pt","br","0","-"
2652,"Celular Samsung","Google","Termos relacionados","-","celular samsung botão","pt","br","0","-"
2653,"Celular Samsung","Google","Termos relacionados","-","otimizar celular samsung","pt","br","0","-"
2654,"Celular Samsung","Google","Termos relacionados","-","rastrear celular samsung roubado","pt","br","0","-"
2655,"Celular Samsung","Google","Termos relacionados","-","como desbloquear tela de celular samsung","pt","br","0","-"
2656,"Celular Samsung","Google","Termos relacionados","-","como ativar alexa por voz no celular samsung","pt","br","0","-"
2657,"Celular Samsung","Google","Termos relacionados","-","celular samsung 50","pt","br","0","-"
2658,"Celular Samsung","Google","Termos relacionados","-","comprar celular samsung s25","pt","br","0","-"
2659,"Celular Samsung","Google","Termos relacionados","-","celular samsung em conta","pt","br","0","-"
2660,"Celular Samsung","Google","Termos relacionados","-","novidades em celular samsung","pt","br","0","-"
2661,"Celular Samsung","Google","Termos relacionados","-","como bloquear aplicativos no celular samsung","pt","br","0","-"
2662,"Celular Samsung","Google","Termos relacionados","-","celular samsung a35 casas bahia","pt","br","0","-"
2663,"Celular Samsung","Google","Termos relacionados","-","celular samsung com 256 gb de memória","pt","br","0","-"
2664,"Celular Samsung","Google","Termos relacionados","-","qual melhor celular samsung ou iphone","pt","br","0","-"
2665,"Celular Samsung","Google","Termos relacionados","-","como tirar o modo avião do celular samsung bloqueado","pt","br","0","-"
2666,"Celular Samsung","Google","Termos relacionados","-","virus celular samsung","pt","br","0","-"
2667,"Celular Samsung","Google","Termos relacionados","-","celular samsung 400 reais","pt","br","0","-"
2668,"Celular Samsung","Google","Termos relacionados","-","comparador de celular samsung","pt","br","0","-"
2669,"Celular Samsung","Google","Termos relacionados","-","celular samsung com digital na tela","pt","br","0","-"
2670,"Celular Samsung","Google","Termos relacionados","-","como dar choque no celular samsung","pt","br","0","-"
2671,"Celular Samsung","Google","Termos relacionados","-","celular samsung ultimos modelos","pt","br","0","-"
2672,"Celular Samsung","Google","Termos relacionados","-","celular samsung com três câmeras","pt","br","0","-"
2673,"Celular Samsung","Google","Termos relacionados","-","celular samsung com drone valor","pt","br","0","-"
2674,"Celular Samsung","Google","Termos relacionados","-","lixeira no celular samsung","pt","br","0","-"
2675,"Celular Samsung","Google","Termos relacionados","-","mercado livre celular samsung s23","pt","br","0","-"
2676,"Celular Samsung","Google","Termos relacionados","-","celular samsung 16gb","pt","br","0","-"
2677,"Celular Samsung","Google","Termos relacionados","-","preço celular samsung a15","pt","br","0","-"
2678,"Celular Samsung","Google","Termos relacionados","-","celular samsung usado preço","pt","br","0","-"
2679,"Celular Samsung","Google","Termos relacionados","-","celular samsung galaxy a07","pt","br","0","-"
2680,"Celular Samsung","Google","Termos relacionados","-","celular samsung 12","pt","br","0","-"
2681,"Celular Samsung","Google","Termos relacionados","-","melhor processador de celular samsung","pt","br","0","-"
2682,"Celular Samsung","Google","Termos relacionados","-","lista verde na tela do celular samsung","pt","br","0","-"
2683,"Celular Samsung","Google","Termos relacionados","-","linha verde na tela do celular samsung s21","pt","br","0","-"
2684,"Celular Samsung","Google","Termos relacionados","-","celular samsung tela dobravel","pt","br","0","-"
2685,"Celular Samsung","Google","Termos relacionados","-","celular samsung pro","pt","br","0","-"
2686,"Celular Samsung","Google","Termos relacionados","-","quanto custa para trocar a bateria de um celular samsung","pt","br","0","-"
2687,"Celular Samsung","Google","Termos relacionados","-","como esvaziar lixeira do celular samsung","pt","br","0","-"
2688,"Celular Samsung","Google","Termos relacionados","-","celular samsung a 26 é bom","pt","br","0","-"
2689,"Celular Samsung","Google","Termos relacionados","-","celular samsung galaxy s25 edge","pt","br","0","-"
2690,"Celular Samsung","Google","Termos relacionados","-","celular samsung galaxy a56 5g 128gb","pt","br","0","-"
2691,"Celular Samsung","Google","Termos relacionados","-","celular samsung ou xiaomi","pt","br","0","-"
2692,"Celular Samsung","Google","Termos relacionados","-","troca de tela de celular samsung","pt","br","0","-"
2693,"Celular Samsung","Google","Termos relacionados","-","celular samsung a07 tem nfc","pt","br","0","-"
2694,"Celular Samsung","Google","Termos relacionados","-","como tirar vírus do celular samsung galaxy","pt","br","0","-"
2695,"Celular Samsung","Google","Termos relacionados","-","black friday celular samsung s23","pt","br","0","-"
2696,"Celular Samsung","Google","Termos relacionados","-","liberar armazenamento interno do celular samsung","pt","br","0","-"
2697,"Celular Samsung","Google","Termos relacionados","-","como baixar play store no celular samsung","pt","br","0","-"
2698,"Celular Samsung","Google","Termos relacionados","-","como tirar tela de bloqueio do celular samsung","pt","br","0","-"
2699,"Celular Samsung","Google","Termos relacionados","-","bloqueio de celular samsung","pt","br","0","-"
2700,"Celular Samsung","Google","Termos relacionados","-","como fazer restauração de fábrica no celular samsung","pt","br","0","-"
2701,"Celular Samsung","Google","Termos relacionados","-","meu celular samsung não está carregando","pt","br","0","-"
2702,"Celular Samsung","Google","Termos relacionados","-","anuncios no celular samsung","pt","br","0","-"
2703,"Celular Samsung","Google","Termos relacionados","-","celular samsung 256gb menor preço","pt","br","0","-"
2704,"Celular Samsung","Google","Termos relacionados","-","listra verde na tela do celular samsung","pt","br","0","-"
2705,"Celular Samsung","Google","Termos relacionados","-","celular samsung 300 reais","pt","br","0","-"
2706,"Celular Samsung","Google","Termos relacionados","-","celular samsung galaxy a16 256 gb","pt","br","0","-"
2707,"Celular Samsung","Google","Termos relacionados","-","celular samsung com duas câmeras","pt","br","0","-"
2708,"Celular Samsung","Google","Termos relacionados","-","baixar teclado para celular samsung","pt","br","0","-"
2709,"Celular Samsung","Google","Termos relacionados","-","celular samsung m15 256gb","pt","br","0","-"
2710,"Celular Samsung","Google","Termos relacionados","-","capinhas para o celular samsung","pt","br","0","-"
2711,"Celular Samsung","Google","Termos relacionados","-","celular samsung 128 gb barato","pt","br","0","-"
2712,"Celular Samsung","Google","Termos relacionados","-","como voltar configuração de fabrica celular samsung","pt","br","0","-"
2713,"Celular Samsung","Google","Termos relacionados","-","comprar celular samsung 256gb","pt","br","0","-"
2714,"Celular Samsung","Google","Termos relacionados","-","celular samsung com boa câmera","pt","br","0","-"
2715,"Celular Samsung","Google","Termos relacionados","-","celular samsung s20 256gb","pt","br","0","-"
2716,"Celular Samsung","Google","Termos relacionados","-","foto de celular samsung barato","pt","br","0","-"
2717,"Celular Samsung","Google","Termos relacionados","-","alarme celular samsung","pt","br","0","-"
2718,"Celular Samsung","Google","Termos relacionados","-","celular samsung 21s","pt","br","0","-"
2719,"Celular Samsung","Google","Termos relacionados","-","celular samsung indestrutível","pt","br","0","-"
2720,"Celular Samsung","Google","Termos relacionados","-","antivírus do celular samsung","pt","br","0","-"
2721,"Celular Samsung","Google","Termos relacionados","-","como bloquear chamadas indesejadas no celular samsung","pt","br","0","-"
2722,"Celular Samsung","Google","Termos relacionados","-","conector de celular samsung","pt","br","0","-"
2723,"Celular Samsung","Google","Termos relacionados","-","lupa no celular samsung","pt","br","0","-"
2724,"Celular Samsung","Google","Termos relacionados","-","como trocar a bateria do celular samsung","pt","br","0","-"
2725,"Celular Samsung","Google","Termos relacionados","-","como tirar vírus do celular samsung a12","pt","br","0","-"
2726,"Celular Samsung","Google","Termos relacionados","-","troca de tela celular samsung","pt","br","0","-"
2727,"Celular Samsung","Google","Termos relacionados","-","como otimizar a bateria do celular samsung","pt","br","0","-"
2728,"Celular Samsung","Google","Termos relacionados","-","meu celular samsung não liga","pt","br","0","-"
2729,"Celular Samsung","Google","Termos relacionados","-","celular samsung s23 ultra promoção","pt","br","0","-"
2730,"Celular Samsung","Google","Termos relacionados","-","celular samsung retirar hoje","pt","br","0","-"
2731,"Celular Samsung","Google","Termos relacionados","-","como tirar fotos profissionais com o celular samsung","pt","br","0","-"
2732,"Celular Samsung","Google","Termos relacionados","-","celular samsung note 9","pt","br","0","-"
2733,"Celular Samsung","Google","Termos relacionados","-","celular samsung com vírus","pt","br","0","-"
2734,"Celular Samsung","Google","Termos relacionados","-","celular samsung a22 4g","pt","br","0","-"
2735,"Celular Samsung","Google","Termos relacionados","-","como printar tela do celular samsung","pt","br","0","-"
2736,"Celular Samsung","Google","Termos relacionados","-","qual melhor celular samsung da linha a","pt","br","0","-"
2737,"Celular Samsung","Google","Termos relacionados","-","caixa de som para celular samsung","pt","br","0","-"
2738,"Celular Samsung","Google","Termos relacionados","-","capinha de celular samsung a17","pt","br","0","-"
2739,"Celular Samsung","Google","Termos relacionados","-","celular samsung com câmera de 108 megapixels","pt","br","0","-"
2740,"Celular Samsung","Google","Termos relacionados","-","celular samsung a16 4g","pt","br","0","-"
2741,"Celular Samsung","Google","Termos relacionados","-","celular samsung note 10 plus","pt","br","0","-"
2742,"Celular Samsung","Google","Termos relacionados","-","celular samsung roxo antigo","pt","br","0","-"
2743,"Celular Samsung","Google","Termos relacionados","-","5g 256 gb celular samsung","pt","br","0","-"
2744,"Celular Samsung","Google","Termos relacionados","-","celular samsung 03","pt","br","0","-"
2745,"Celular Samsung","Google","Termos relacionados","-","como descobrir a senha do wifi no celular samsung","pt","br","0","-"
2746,"Celular Samsung","Google","Termos relacionados","-","celular samsung casas bahia retirar na loja","pt","br","0","-"
2747,"Celular Samsung","Google","Termos relacionados","-","como colocar previsão do tempo na tela do celular samsung","pt","br","0","-"
2748,"Celular Samsung","Google","Termos relacionados","-","tela de celular samsung preço","pt","br","0","-"
2749,"Celular Samsung","Google","Termos relacionados","-","celular samsung 3 cameras azul","pt","br","0","-"
2750,"Celular Samsung","Google","Termos relacionados","-","o que é codec de vídeo no celular samsung","pt","br","0","-"
2751,"Celular Samsung","Google","Termos relacionados","-","celular samsung galaxy a07 256gb 8gb","pt","br","0","-"
2752,"Celular Samsung","Google","Termos relacionados","-","onde comprar celular samsung mais barato","pt","br","0","-"
2753,"Celular Samsung","Google","Termos relacionados","-","melhor celular samsung 2025 custo beneficio","pt","br","0","-"
2754,"Celular Samsung","Google","Termos relacionados","-","magazine luiza celular samsung a55","pt","br","0","-"
2755,"Celular Samsung","Google","Termos relacionados","-","melhor camera celular samsung","pt","br","0","-"
2756,"Celular Samsung","Google","Termos relacionados","-","celular samsung flip promoção","pt","br","0","-"
2757,"Celular Samsung","Google","Termos relacionados","-","celular samsung linha s23","pt","br","0","-"
2758,"Celular Samsung","Google","Termos relacionados","-","celular samsung de 512 gb","pt","br","0","-"
2759,"Celular Samsung","Google","Termos relacionados","-","celular samsung galaxy s6","pt","br","0","-"
2760,"Celular Samsung","Google","Termos relacionados","-","celular samsung galaxy z fold 6","pt","br","0","-"
2761,"Celular Samsung","Google","Termos relacionados","-","celular samsung bateria 6000 mah","pt","br","0","-"
2762,"Celular Samsung","Google","Termos relacionados","-","qual a melhor camera de celular samsung","pt","br","0","-"
2763,"Celular Samsung","Google","Termos relacionados","-","celular samsung de até r$ 1.000","pt","br","0","-"
2764,"Celular Samsung","Google","Termos relacionados","-","comprar celular samsung direto da fabrica","pt","br","0","-"
2765,"Celular Samsung","Google","Termos relacionados","-","celular samsung 900 reais","pt","br","0","-"
2766,"Celular Samsung","Google","Termos relacionados","-","celular samsung lento","pt","br","0","-"
2767,"Celular Samsung","Google","Termos relacionados","-","celular samsung para crianças","pt","br","0","-"
2768,"Celular Samsung","Google","Termos relacionados","-","promoção celular samsung 256gb 5g","pt","br","0","-"
2769,"Celular Samsung","Google","Termos relacionados","-","remover anúncios do celular samsung","pt","br","0","-"
2770,"Celular Samsung","Google","Termos relacionados","-","como tirar impressão digital do celular samsung","pt","br","0","-"
2771,"Celular Samsung","Google","Termos relacionados","-","conectar dois dispositivos bluetooth ao mesmo tempo celular samsung","pt","br","0","-"
2772,"Celular Samsung","Google","Termos relacionados","-","óculos de realidade virtual para celular samsung","pt","br","0","-"
2773,"Celular Samsung","Google","Termos relacionados","-","como bloquear celular samsung","pt","br","0","-"
2774,"Celular Samsung","Google","Termos relacionados","-","celular samsung ultra 25","pt","br","0","-"
2775,"Celular Samsung","Google","Termos relacionados","-","capa a prova d água para celular samsung","pt","br","0","-"
2776,"Celular Samsung","Google","Termos relacionados","-","código para celular samsung","pt","br","0","-"
2777,"Celular Samsung","Google","Termos relacionados","-","celular samsung a55 256gb casas bahia","pt","br","0","-"
2778,"Celular Samsung","Google","Termos relacionados","-","casas bahia celular samsung barato","pt","br","0","-"
2779,"Celular Samsung","Google","Termos relacionados","-","trocar senha celular samsung","pt","br","0","-"
2780,"Celular Samsung","Google","Termos relacionados","-","celular samsung com nfc e 5g","pt","br","0","-"
2781,"Celular Samsung","Google","Termos relacionados","-","testar alto falante celular samsung","pt","br","0","-"
2782,"Celular Samsung","Google","Termos relacionados","-","celular samsung mais novo lançamento","pt","br","0","-"
2783,"Celular Samsung","Google","Termos relacionados","-","qual melhor custo beneficio celular samsung","pt","br","0","-"
2784,"Celular Samsung","Google","Termos relacionados","-","listra verde no celular samsung","pt","br","0","-"
2785,"Celular Samsung","Google","Termos relacionados","-","como esconder aplicativo de banco no celular samsung","pt","br","0","-"
2786,"Celular Samsung","Google","Termos relacionados","-","como tirar foto no celular samsung","pt","br","0","-"
2787,"Celular Samsung","Google","Termos relacionados","-","celular samsung galaxy a35 256 gb","pt","br","0","-"
2788,"Celular Samsung","Google","Termos relacionados","-","celular samsung galaxy a03s","pt","br","0","-"
2789,"Celular Samsung","Google","Termos relacionados","-","celular samsung ficou preto e branco","pt","br","0","-"
2790,"Celular Samsung","Google","Termos relacionados","-","celular samsung original","pt","br","0","-"
2791,"Celular Samsung","Google","Termos relacionados","-","preço celular samsung a36","pt","br","0","-"
2792,"Celular Samsung","Google","Termos relacionados","-","celular samsung fast shop","pt","br","0","-"
2793,"Celular Samsung","Google","Termos relacionados","-","celular samsung a70 256gb","pt","br","0","-"
2794,"Celular Samsung","Google","Termos relacionados","-","celular samsung travou e não desliga","pt","br","0","-"
2795,"Celular Samsung","Google","Termos relacionados","-","celular samsung quebrado","pt","br","0","-"
2796,"Celular Samsung","Google","Termos relacionados","-","celular samsung 11","pt","br","0","-"
2797,"Celular Samsung","Google","Termos relacionados","-","celular samsung a72 preço","pt","br","0","-"
2798,"Celular Samsung","Google","Termos relacionados","-","wifi lento no celular samsung","pt","br","0","-"
2799,"Celular Samsung","Google","Termos relacionados","-","capinha de celular samsung galaxy a03","pt","br","0","-"
2800,"Celular Samsung","Google","Termos relacionados","-","celular samsung de 700 reais","pt","br","0","-"
2801,"Celular Samsung","Google","Termos relacionados","-","assistência técnica celular samsung bh","pt","br","0","-"
2802,"Celular Samsung","Google","Termos relacionados","-","toque do celular samsung","pt","br","0","-"
2803,"Celular Samsung","Google","Termos relacionados","-","celular samsung 8gb ram 128gb","pt","br","0","-"
2804,"Celular Samsung","Google","Termos relacionados","-","capinha de celular samsung a02","pt","br","0","-"
2805,"Celular Samsung","Google","Termos relacionados","-","celular samsung a07 5g","pt","br","0","-"
2806,"Celular Samsung","Google","Termos relacionados","-","recuperar celular samsung","pt","br","0","-"
2807,"Celular Samsung","Google","Termos relacionados","-","celular samsung que vem com caneta","pt","br","0","-"
2808,"Celular Samsung","Google","Termos relacionados","-","celular samsung recente","pt","br","0","-"
2809,"Celular Samsung","Google","Termos relacionados","-","celular samsung galaxy a02s","pt","br","0","-"
2810,"Celular Samsung","Google","Termos relacionados","-","celular samsung 1 camera","pt","br","0","-"
2811,"Celular Samsung","Google","Termos relacionados","-","celular samsung em promoção hoje","pt","br","0","-"
2812,"Celular Samsung","Google","Termos relacionados","-","apagar tudo do google chrome automaticamente no celular samsung","pt","br","0","-"
2813,"Celular Samsung","Google","Termos relacionados","-","celular samsung le biscuit","pt","br","0","-"
2814,"Celular Samsung","Google","Termos relacionados","-","capinha celular samsung s24 fe","pt","br","0","-"
2815,"Celular Samsung","Google","Termos relacionados","-","celular samsung com virus o que fazer","pt","br","0","-"
2816,"Celular Samsung","Google","Termos relacionados","-","mancha colorida na tela do celular samsung","pt","br","0","-"
2817,"Celular Samsung","Google","Termos relacionados","-","capinha celular samsung a07","pt","br","0","-"
2818,"Celular Samsung","Google","Termos relacionados","-","vale a pena trocar a bateria do celular samsung","pt","br","0","-"
2819,"Celular Samsung","Google","Termos relacionados","-","celular samsung casas bahia 256gb","pt","br","0","-"
2820,"Celular Samsung","Google","Termos relacionados","-","como economizar a bateria do celular samsung","pt","br","0","-"
2821,"Celular Samsung","Google","Termos relacionados","-","melhores cameras de celular samsung","pt","br","0","-"
2822,"Celular Samsung","Google","Termos relacionados","-","trocar tela de celular samsung","pt","br","0","-"
2823,"Celular Samsung","Google","Termos relacionados","-","qual a melhor linha de celular samsung","pt","br","0","-"
2824,"Celular Samsung","Google","Termos relacionados","-","5g 128 gb celular samsung","pt","br","0","-"
2825,"Celular Samsung","Google","Termos relacionados","-","celular samsung não liga o que fazer","pt","br","0","-"
2826,"Celular Samsung","Google","Termos relacionados","-","gmail com entrar login e senha no celular samsung","pt","br","0","-"
2827,"Celular Samsung","Google","Termos relacionados","-","oxidação celular samsung","pt","br","0","-"
2828,"Celular Samsung","Google","Termos relacionados","-","como limpar celular samsung com virus","pt","br","0","-"
2829,"Celular Samsung","Google","Termos relacionados","-","como destravar tela de celular samsung","pt","br","0","-"
2830,"Celular Samsung","Google","Termos relacionados","-","bateria celular samsung s20 fe","pt","br","0","-"
2831,"Celular Samsung","Google","Termos relacionados","-","celular samsung imagem","pt","br","0","-"
2832,"Celular Samsung","Google","Termos relacionados","-","fone sem fio celular samsung","pt","br","0","-"
2833,"Celular Samsung","Google","Termos relacionados","-","capinha de celular samsung s24 fe","pt","br","0","-"
2834,"Celular Samsung","Google","Termos relacionados","-","bateria portátil para celular samsung","pt","br","0","-"
2835,"Celular Samsung","Google","Termos relacionados","-","capa para celular samsung a16","pt","br","0","-"
2836,"Celular Samsung","Google","Termos relacionados","-","memória para celular samsung","pt","br","0","-"
2837,"Celular Samsung","Google","Termos relacionados","-","assistencia tecnica celular samsung em bh","pt","br","0","-"
2838,"Celular Samsung","Google","Termos relacionados","-","como escolher um celular samsung","pt","br","0","-"
2839,"Celular Samsung","Google","Termos relacionados","-","scanner no celular samsung","pt","br","0","-"
2840,"Celular Samsung","Google","Termos relacionados","-","fone de ouvido não funciona no celular samsung","pt","br","0","-"
2841,"Celular Samsung","Google","Termos relacionados","-","microfone sem fio para celular samsung","pt","br","0","-"
2842,"Celular Samsung","Google","Termos relacionados","-","celular samsung barato preço","pt","br","0","-"
2843,"Celular Samsung","Google","Termos relacionados","-","consultar imei celular samsung","pt","br","0","-"
2844,"Celular Samsung","Google","Termos relacionados","-","como tirar fotos das estrelas com celular samsung","pt","br","0","-"
2845,"Celular Samsung","Google","Termos relacionados","-","como usar o nfc do celular samsung","pt","br","0","-"
2846,"Celular Samsung","Google","Termos relacionados","-","meu celular samsung apaga a tela sozinho","pt","br","0","-"
2847,"Celular Samsung","Google","Termos relacionados","-","promoção de celular samsung a 15","pt","br","0","-"
2848,"Celular Samsung","Google","Termos relacionados","-","celular samsung não sai som","pt","br","0","-"
2849,"Celular Samsung","Google","Termos relacionados","-","conserto de celular samsung perto de mim","pt","br","0","-"
2850,"Celular Samsung","Google","Termos relacionados","-","celular samsung ordem de lançamento","pt","br","0","-"
2851,"Celular Samsung","Google","Termos relacionados","-","luz azul celular samsung","pt","br","0","-"
2852,"Celular Samsung","Google","Termos relacionados","-","celular samsung velho","pt","br","0","-"
2853,"Celular Samsung","Google","Termos relacionados","-","celular samsung galaxy a16 256gb 5g","pt","br","0","-"
2854,"Celular Samsung","Google","Termos relacionados","-","qual celular samsung mais barato","pt","br","0","-"
2855,"Celular Samsung","Google","Termos relacionados","-","celular samsung rosa antigo abre e fecha","pt","br","0","-"
2856,"Celular Samsung","Google","Termos relacionados","-","celular samsung galaxy a15 5g 256gb 8 gb","pt","br","0","-"
2857,"Celular Samsung","Google","Termos relacionados","-","celular samsung travando muito o que fazer","pt","br","0","-"
2858,"Celular Samsung","Google","Termos relacionados","-","assistencia celular samsung curitiba","pt","br","0","-"
2859,"Celular Samsung","Google","Termos relacionados","-","celular samsung s23 black friday","pt","br","0","-"
2860,"Celular Samsung","Google","Termos relacionados","-","qual o melhor celular samsung ou iphone","pt","br","0","-"
2861,"Celular Samsung","Google","Termos relacionados","-","teste de som celular samsung","pt","br","0","-"
2862,"Celular Samsung","Google","Termos relacionados","-","bateria celular samsung s22","pt","br","0","-"
2863,"Celular Samsung","Google","Termos relacionados","-","capa celular samsung m62","pt","br","0","-"
2864,"Celular Samsung","Google","Termos relacionados","-","celular samsung não carrega e não liga","pt","br","0","-"
2865,"Celular Samsung","Google","Termos relacionados","-","umidade celular samsung","pt","br","0","-"
2866,"Celular Samsung","Google","Termos relacionados","-","valor do celular samsung s25","pt","br","0","-"
2867,"Celular Samsung","Google","Termos relacionados","-","comprar celular samsung a35","pt","br","0","-"
2868,"Celular Samsung","Google","Termos relacionados","-","celular samsung mais novo 2024","pt","br","0","-"
2869,"Celular Samsung","Google","Termos relacionados","-","como fazer pdf no celular samsung","pt","br","0","-"
2870,"Celular Samsung","Google","Termos relacionados","-","celular samsung 4","pt","br","0","-"
2871,"Celular Samsung","Google","Termos relacionados","-","celular samsung na casa e vídeo","pt","br","0","-"
2872,"Celular Samsung","Google","Termos relacionados","-","peça celular samsung","pt","br","0","-"
2873,"Celular Samsung","Google","Termos relacionados","-","assistência celular samsung recife","pt","br","0","-"
2874,"Celular Samsung","Google","Termos relacionados","-","usado celular samsung","pt","br","0","-"
2875,"Celular Samsung","Google","Termos relacionados","-","celular samsung barato com camera boa","pt","br","0","-"
2876,"Celular Samsung","Google","Termos relacionados","-","alerta de emergência sem fio no celular samsung","pt","br","0","-"
2877,"Celular Samsung","Google","Termos relacionados","-","celular samsung usado mercado livre","pt","br","0","-"
2878,"Celular Samsung","Google","Termos relacionados","-","o que é deco pic no celular samsung","pt","br","0","-"
2879,"Celular Samsung","Google","Termos relacionados","-","celular samsung liga e desliga sozinha","pt","br","0","-"
2880,"Celular Samsung","Google","Termos relacionados","-","celular samsung lento e travando","pt","br","0","-"
2881,"Celular Samsung","Google","Termos relacionados","-","celular samsung tem infravermelho","pt","br","0","-"
2882,"Celular Samsung","Google","Termos relacionados","-","celular samsung a90","pt","br","0","-"
2883,"Celular Samsung","Google","Termos relacionados","-","preço celular samsung a06","pt","br","0","-"
2884,"Celular Samsung","Google","Termos relacionados","-","antivírus gratuito para celular samsung","pt","br","0","-"
2885,"Celular Samsung","Google","Termos relacionados","-","celular samsung com anuncios do nada","pt","br","0","-"
2886,"Celular Samsung","Google","Termos relacionados","-","celular samsung 015","pt","br","0","-"
2887,"Celular Samsung","Google","Termos relacionados","-","empréstimo com garantia celular samsung","pt","br","0","-"
2888,"Celular Samsung","Google","Termos relacionados","-","comprar celular samsung barato","pt","br","0","-"
2889,"Celular Samsung","Google","Termos relacionados","-","como bloquear chamadas celular samsung","pt","br","0","-"
2890,"Celular Samsung","Google","Termos relacionados","-","o que significa fe no celular samsung","pt","br","0","-"
2891,"Celular Samsung","Google","Termos relacionados","-","teste de celular samsung","pt","br","0","-"
2892,"Celular Samsung","Google","Termos relacionados","-","celular samsung melhor bateria","pt","br","0","-"
2893,"Celular Samsung","Google","Termos relacionados","-","celular samsung galaxy a56 256gb","pt","br","0","-"
2894,"Celular Samsung","Google","Termos relacionados","-","qual celular samsung melhor custo beneficio","pt","br","0","-"
2895,"Celular Samsung","Google","Termos relacionados","-","celular samsung 64gb novo","pt","br","0","-"
2896,"Celular Samsung","Google","Termos relacionados","-","celular samsung fica acendendo e apagando sozinho","pt","br","0","-"
2897,"Celular Samsung","Google","Termos relacionados","-","não consigo conectar wifi no celular samsung","pt","br","0","-"
2898,"Celular Samsung","Google","Termos relacionados","-","magazine luiza celular samsung s23","pt","br","0","-"
2899,"Celular Samsung","Google","Termos relacionados","-","acesso remoto celular samsung","pt","br","0","-"
2900,"Celular Samsung","Google","Termos relacionados","-","como tirar anúncio do celular samsung galaxy","pt","br","0","-"
2901,"Celular Samsung","Google","Termos relacionados","-","autorizada celular samsung rio de janeiro","pt","br","0","-"
2902,"Celular Samsung","Google","Termos relacionados","-","fornecedor de celular samsung","pt","br","0","-"
2903,"Celular Samsung","Google","Termos relacionados","-","câmera de celular samsung","pt","br","0","-"
2904,"Celular Samsung","Google","Termos relacionados","-","celular samsung 8 de ram","pt","br","0","-"
2905,"Celular Samsung","Google","Termos relacionados","-","bateria para celular samsung j5","pt","br","0","-"
2906,"Celular Samsung","Google","Termos relacionados","-","celular samsung nao sai audio","pt","br","0","-"
2907,"Celular Samsung","Google","Termos relacionados","-","como tirar um vírus do celular samsung","pt","br","0","-"
2908,"Celular Samsung","Google","Termos relacionados","-","amazon celular samsung 128gb","pt","br","0","-"
2909,"Celular Samsung","Google","Termos relacionados","-","celular samsung com camera drone","pt","br","0","-"
2910,"Celular Samsung","Google","Termos relacionados","-","lente de câmera para celular samsung","pt","br","0","-"
2911,"Celular Samsung","Google","Termos relacionados","-","celular samsung violeta","pt","br","0","-"
2912,"Celular Samsung","Google","Termos relacionados","-","onde comprar celular samsung","pt","br","0","-"
2913,"Celular Samsung","Google","Termos relacionados","-","quanto custa trocar a tela do celular samsung","pt","br","0","-"
2914,"Celular Samsung","Google","Termos relacionados","-","celular samsung galaxy a16 5g 128gb","pt","br","0","-"
2915,"Celular Samsung","Google","Termos relacionados","-","celular samsung flip novo","pt","br","0","-"
2916,"Celular Samsung","Google","Termos relacionados","-","onde fica o antivírus do celular samsung","pt","br","0","-"
2917,"Celular Samsung","Google","Termos relacionados","-","onde formatar celular samsung","pt","br","0","-"
2918,"Celular Samsung","Google","Termos relacionados","-","celular samsung galaxy a36 5g","pt","br","0","-"
2919,"Celular Samsung","Google","Termos relacionados","-","câmera do celular samsung não abre","pt","br","0","-"
2920,"Celular Samsung","Google","Termos relacionados","-","celular samsung prata","pt","br","0","-"
2921,"Celular Samsung","Google","Termos relacionados","-","celular samsung z flip 3","pt","br","0","-"
2922,"Celular Samsung","Google","Termos relacionados","-","celular samsung bom custo beneficio 2025","pt","br","0","-"
2923,"Celular Samsung","Google","Termos relacionados","-","celular samsung com 4 cameras traseiras","pt","br","0","-"
2924,"Celular Samsung","Google","Termos relacionados","-","melhor celular samsung até 2000","pt","br","0","-"
2925,"Celular Samsung","Google","Termos relacionados","-","capinha de celular samsung galaxy a12","pt","br","0","-"
2926,"Celular Samsung","Google","Termos relacionados","-","celular samsung fe20","pt","br","0","-"
2927,"Celular Samsung","Google","Termos relacionados","-","assistência técnica celular samsung rio de janeiro","pt","br","0","-"
2928,"Celular Samsung","Google","Termos relacionados","-","como colocar despertador no celular samsung","pt","br","0","-"
2929,"Celular Samsung","Google","Termos relacionados","-","melhor celular samsung para jogos","pt","br","0","-"
2930,"Celular Samsung","Google","Termos relacionados","-","cartão memoria para celular samsung","pt","br","0","-"
2931,"Celular Samsung","Google","Termos relacionados","-","película celular samsung","pt","br","0","-"
2932,"Celular Samsung","Google","Termos relacionados","-","como limpar meu celular samsung de vírus","pt","br","0","-"
2933,"Celular Samsung","Google","Termos relacionados","-","como tirar anúncio do celular samsung a05","pt","br","0","-"
2934,"Celular Samsung","Google","Termos relacionados","-","conector de carga celular samsung","pt","br","0","-"
2935,"Celular Samsung","Google","Termos relacionados","-","celular samsung s4 mini","pt","br","0","-"
2936,"Celular Samsung","Google","Termos relacionados","-","celular samsung com listras na tela","pt","br","0","-"
2937,"Celular Samsung","Google","Termos relacionados","-","celular samsung carregando lento","pt","br","0","-"
2938,"Celular Samsung","Google","Termos relacionados","-","aplicativos sumiram do celular samsung","pt","br","0","-"
2939,"Celular Samsung","Google","Termos relacionados","-","ícones celular samsung","pt","br","0","-"
2940,"Celular Samsung","Google","Termos relacionados","-","tela celular samsung a12","pt","br","0","-"
2941,"Celular Samsung","Google","Termos relacionados","-","celular samsung 128 gb 6 ram","pt","br","0","-"
2942,"Celular Samsung","Google","Termos relacionados","-","qual melhor celular samsung linha a","pt","br","0","-"
2943,"Celular Samsung","Google","Termos relacionados","-","celular samsung lojas havan","pt","br","0","-"
2944,"Celular Samsung","Google","Termos relacionados","-","óculos vr celular samsung","pt","br","0","-"
2945,"Celular Samsung","Google","Termos relacionados","-","celular samsung 12 ram","pt","br","0","-"
2946,"Celular Samsung","Google","Termos relacionados","-","celular samsung intermediario","pt","br","0","-"
2947,"Celular Samsung","Google","Termos relacionados","-","celular samsung 10s","pt","br","0","-"
2948,"Celular Samsung","Google","Termos relacionados","-","celular samsung galaxy 7","pt","br","0","-"
2949,"Celular Samsung","Google","Termos relacionados","-","microfone de lapela para celular samsung","pt","br","0","-"
2950,"Celular Samsung","Google","Termos relacionados","-","celular samsung laranja","pt","br","0","-"
2951,"Celular Samsung","Google","Termos relacionados","-","celular samsung ip68","pt","br","0","-"
2952,"Celular Samsung","Google","Termos relacionados","-","celular samsung travado na tela de bloqueio","pt","br","0","-"
2953,"Celular Samsung","Google","Termos relacionados","-","celular samsung 30s","pt","br","0","-"
2954,"Celular Samsung","Google","Termos relacionados","-","celular samsung ate 900 reais","pt","br","0","-"
2955,"Celular Samsung","Google","Termos relacionados","-","s24 celular samsung","pt","br","0","-"
2956,"Celular Samsung","Google","Termos relacionados","-","bloquear celular samsung pelo gmail","pt","br","0","-"
2957,"Celular Samsung","Google","Termos relacionados","-","melhor celular samsung custo beneficio 2026","pt","br","0","-"
2958,"Celular Samsung","Google","Termos relacionados","-","celular samsung 128gb 5g casas bahia","pt","br","0","-"
2959,"Celular Samsung","Google","Termos relacionados","-","capinha de celular samsung a16 mercado livre","pt","br","0","-"
2960,"Celular Samsung","Google","Termos relacionados","-","capinha para celular samsung a7","pt","br","0","-"
2961,"Celular Samsung","Google","Termos relacionados","-","capa de celular samsung s25 fe","pt","br","0","-"
2962,"Celular Samsung","Google","Termos relacionados","-","celular samsung ou motorola qual o melhor","pt","br","0","-"
2963,"Celular Samsung","Google","Termos relacionados","-","melhor celular samsung da linha a","pt","br","0","-"
2964,"Celular Samsung","Google","Termos relacionados","-","tela de celular samsung a12","pt","br","0","-"
2965,"Celular Samsung","Google","Termos relacionados","-","celular samsung de 3 câmeras","pt","br","0","-"
2966,"Celular Samsung","Google","Termos relacionados","-","celular samsung nao desbloqueia a tela","pt","br","0","-"
2967,"Celular Samsung","Google","Termos relacionados","-","pagar por aproximação celular samsung","pt","br","0","-"
2968,"Celular Samsung","Google","Termos relacionados","-","celular samsung para criança","pt","br","0","-"
2969,"Celular Samsung","Google","Termos relacionados","-","como mudar a impressão digital do celular samsung","pt","br","0","-"
2970,"Celular Samsung","Google","Termos relacionados","-","trena no celular samsung","pt","br","0","-"
2971,"Celular Samsung","Google","Termos relacionados","-","celular samsung não carrega o que fazer","pt","br","0","-"
2972,"Celular Samsung","Google","Termos relacionados","-","amazon celular samsung s23","pt","br","0","-"
2973,"Celular Samsung","Google","Termos relacionados","-","assistencia tecnica celular samsung em campinas","pt","br","0","-"
2974,"Celular Samsung","Google","Termos relacionados","-","celular samsung galaxy a56 5g 256gb 8gb ram cinza","pt","br","0","-"
2975,"Celular Samsung","Google","Termos relacionados","-","como tirar vírus do celular samsung a06","pt","br","0","-"
2976,"Celular Samsung","Google","Termos relacionados","-","celular samsung molhou e não liga mais","pt","br","0","-"
2977,"Celular Samsung","Google","Termos relacionados","-","celular samsung rose","pt","br","0","-"
2978,"Celular Samsung","Google","Termos relacionados","-","celular samsung 34","pt","br","0","-"
2979,"Celular Samsung","Google","Termos relacionados","-","umidade no celular samsung","pt","br","0","-"
2980,"Celular Samsung","Google","Termos relacionados","-","celular samsung galaxy s25 edge 5g 512gb","pt","br","0","-"
2981,"Celular Samsung","Google","Termos relacionados","-","capinha celular samsung a16","pt","br","0","-"
2982,"Celular Samsung","Google","Termos relacionados","-","preço de celular samsung mercado livre","pt","br","0","-"
2983,"Celular Samsung","Google","Termos relacionados","-","celular samsung barato com nfc","pt","br","0","-"
2984,"Celular Samsung","Google","Termos relacionados","-","como ativar starlink no celular samsung","pt","br","0","-"
2985,"Celular Samsung","Google","Termos relacionados","-","celular samsung 254gb","pt","br","0","-"
2986,"Celular Samsung","Google","Termos relacionados","-","celular samsung de 4 câmeras","pt","br","0","-"
2987,"Celular Samsung","Google","Termos relacionados","-","como configurar celular samsung galaxy","pt","br","0","-"
2988,"Celular Samsung","Google","Termos relacionados","-","celular samsung galaxy a16 5g 128gb 4gb ram","pt","br","0","-"
2989,"Celular Samsung","Google","Termos relacionados","-","celular samsung 6gb ram 128gb","pt","br","0","-"
2990,"Celular Samsung","Google","Termos relacionados","-","celular samsung da câmera boa","pt","br","0","-"
2991,"Celular Samsung","Google","Termos relacionados","-","onde ver o giga do celular samsung","pt","br","0","-"
2992,"Celular Samsung","Google","Termos relacionados","-","como tirar o bloqueio de tela do celular samsung","pt","br","0","-"
2993,"Celular Samsung","Google","Termos relacionados","-","trocar bateria celular samsung","pt","br","0","-"
2994,"Celular Samsung","Google","Termos relacionados","-","celular samsung teclado qwerty rosa","pt","br","0","-"
2995,"Celular Samsung","Google","Termos relacionados","-","celular samsung que dobra a tela","pt","br","0","-"
2996,"Celular Samsung","Google","Termos relacionados","-","transferir dados celular samsung","pt","br","0","-"
2997,"Celular Samsung","Google","Termos relacionados","-","celular samsung é bivolt","pt","br","0","-"
2998,"Celular Samsung","Google","Termos relacionados","-","qual celular samsung bom e barato","pt","br","0","-"
2999,"Celular Samsung","Google","Termos relacionados","-","como descobrir a senha do celular samsung bloqueado","pt","br","0","-"
3000,"Celular Samsung","Google","Termos relacionados","-","seguro de celular samsung","pt","br","0","-"
3001,"Celular Samsung","Google","Termos relacionados","-","celular samsung barato a15","pt","br","0","-"
3002,"Celular Samsung","Google","Termos relacionados","-","celular samsung qual o melhor da linha a","pt","br","0","-"
3003,"Celular Samsung","Google","Termos relacionados","-","celular samsung e iphone","pt","br","0","-"
3004,"Celular Samsung","Google","Termos relacionados","-","celular samsung modo de segurança","pt","br","0","-"
3005,"Celular Samsung","Google","Termos relacionados","-","celular samsung 5s","pt","br","0","-"
3006,"Celular Samsung","Google","Termos relacionados","-","celular samsung melhor custo benefício 256gb","pt","br","0","-"
3007,"Celular Samsung","Google","Termos relacionados","-","como formatar o celular samsung a06 pela configuração","pt","br","0","-"
3008,"Celular Samsung","Google","Termos relacionados","-","celular samsung a05 casas bahia","pt","br","0","-"
3009,"Celular Samsung","Google","Termos relacionados","-","celular samsung a25 casas bahia","pt","br","0","-"
3010,"Celular Samsung","Google","Termos relacionados","-","capa celular samsung galaxy a06","pt","br","0","-"
3011,"Celular Samsung","Google","Termos relacionados","-","5g galaxy celular samsung","pt","br","0","-"
3012,"Celular Samsung","Google","Termos relacionados","-","bateria celular samsung a10","pt","br","0","-"
3013,"Celular Samsung","Google","Termos relacionados","-","como fazer backup no celular samsung bloqueado","pt","br","0","-"
3014,"Celular Samsung","Google","Termos relacionados","-","celular samsung 4k","pt","br","0","-"
3015,"Celular Samsung","Google","Termos relacionados","-","capinha para celular samsung s23 fe","pt","br","0","-"
3016,"Celular Samsung","Google","Termos relacionados","-","assinatura celular samsung","pt","br","0","-"
3017,"Celular Samsung","Google","Termos relacionados","-","celular samsung 256gb a15 5g","pt","br","0","-"
3018,"Celular Samsung","Google","Termos relacionados","-","capinha celular samsung a17","pt","br","0","-"
3019,"Celular Samsung","Google","Termos relacionados","-","celular samsung esquentando e desligando","pt","br","0","-"
3020,"Celular Samsung","Google","Termos relacionados","-","como ativar acessibilidade no celular samsung","pt","br","0","-"
3021,"Celular Samsung","Google","Termos relacionados","-","celular samsung usado magazine luiza","pt","br","0","-"
3022,"Celular Samsung","Google","Termos relacionados","-","celular samsung promoção a15","pt","br","0","-"
3023,"Celular Samsung","Google","Termos relacionados","-","como fazer print no celular samsung a06","pt","br","0","-"
3024,"Celular Samsung","Google","Termos relacionados","-","empréstimo com garantia do celular samsung","pt","br","0","-"
3025,"Celular Samsung","Google","Termos relacionados","-","celular samsung 64","pt","br","0","-"
3026,"Celular Samsung","Google","Termos relacionados","-","como resetar celular samsung bloqueado com senha","pt","br","0","-"
3027,"Celular Samsung","Google","Termos relacionados","-","celular samsung 3 telas","pt","br","0","-"
3028,"Celular Samsung","Google","Termos relacionados","-","celular samsung piscando a tela e não liga","pt","br","0","-"
3029,"Celular Samsung","Google","Termos relacionados","-","qual o melhor celular samsung atualmente","pt","br","0","-"
3030,"Celular Samsung","Google","Termos relacionados","-","celular samsung android 15","pt","br","0","-"
3031,"Celular Samsung","Google","Termos relacionados","-","bloco de notas no celular samsung","pt","br","0","-"
3032,"Celular Samsung","Google","Termos relacionados","-","celular samsung 8 gb","pt","br","0","-"
3033,"Celular Samsung","Google","Termos relacionados","-","celular samsung k10","pt","br","0","-"
3034,"Celular Samsung","Google","Termos relacionados","-","celular samsung com maior bateria","pt","br","0","-"
3035,"Celular Samsung","Google","Termos relacionados","-","anúncio do celular samsung","pt","br","0","-"
3036,"Celular Samsung","Google","Termos relacionados","-","o celular samsung galaxy a06 é bom","pt","br","0","-"
3037,"Celular Samsung","Google","Termos relacionados","-","empréstimo com garantia de celular samsung para negativado","pt","br","0","-"
3038,"Celular Samsung","Google","Termos relacionados","-","promoção celular samsung 5g","pt","br","0","-"
3039,"Celular Samsung","Google","Termos relacionados","-","como formatar o celular samsung de fábrica","pt","br","0","-"
3040,"Celular Samsung","Google","Termos relacionados","-","qual melhor custo benefício celular samsung","pt","br","0","-"
3041,"Celular Samsung","Google","Termos relacionados","-","plano claro com celular samsung","pt","br","0","-"
3042,"Celular Samsung","Google","Termos relacionados","-","quanto custa um conector de celular samsung","pt","br","0","-"
3043,"Celular Samsung","Google","Termos relacionados","-","fone de ouvido para celular samsung a55","pt","br","0","-"
3044,"Celular Samsung","Google","Termos relacionados","-","celular samsung 6.7 polegadas","pt","br","0","-"
3045,"Celular Samsung","Google","Termos relacionados","-","como fazer captura de tela no celular samsung","pt","br","0","-"
3046,"Celular Samsung","Google","Termos relacionados","-","celular samsung 4 cameras 128gb","pt","br","0","-"
3047,"Celular Samsung","Google","Termos relacionados","-","personalização celular samsung","pt","br","0","-"
3048,"Celular Samsung","Google","Termos relacionados","-","celular samsung galaxy s25 ultra 5g 512gb","pt","br","0","-"
3049,"Celular Samsung","Google","Termos relacionados","-","celular samsung com virus","pt","br","0","-"
3050,"Celular Samsung","Google","Termos relacionados","-","celular samsung com entrada para fone de ouvido","pt","br","0","-"
3051,"Celular Samsung","Google","Termos relacionados","-","assistência técnica celular samsung autorizada","pt","br","0","-"
3052,"Celular Samsung","Google","Termos relacionados","-","celular samsung 25 ultra","pt","br","0","-"
3053,"Celular Samsung","Google","Termos relacionados","-","tempo de uso celular samsung","pt","br","0","-"
3054,"Celular Samsung","Google","Termos relacionados","-","celular samsung s23 256gb promoção","pt","br","0","-"
3055,"Celular Samsung","Google","Termos relacionados","-","como colocar impressão digital no celular samsung","pt","br","0","-"
3056,"Celular Samsung","Google","Termos relacionados","-","como usar qr code no celular samsung","pt","br","0","-"
3057,"Celular Samsung","Google","Termos relacionados","-","jogos no celular samsung","pt","br","0","-"
3058,"Celular Samsung","Google","Termos relacionados","-","celular samsung kalunga","pt","br","0","-"
3059,"Celular Samsung","Google","Termos relacionados","-","celular samsung com camera de iphone","pt","br","0","-"
3060,"Celular Samsung","Google","Termos relacionados","-","cupom magazine luiza celular samsung","pt","br","0","-"
3061,"Celular Samsung","Google","Termos relacionados","-","capa para celular samsung j5","pt","br","0","-"
3062,"Celular Samsung","Google","Termos relacionados","-","bateria celular samsung a01","pt","br","0","-"
3063,"Celular Samsung","Google","Termos relacionados","-","capa de celular samsung a07","pt","br","0","-"
3064,"Celular Samsung","Google","Termos relacionados","-","codec de vídeo não compatível celular samsung","pt","br","0","-"
3065,"Celular Samsung","Google","Termos relacionados","-","preço de bateria de celular samsung","pt","br","0","-"
3066,"Celular Samsung","Google","Termos relacionados","-","celular samsung linha a mais recente","pt","br","0","-"
3067,"Celular Samsung","Google","Termos relacionados","-","antivirus gratis para celular samsung android","pt","br","0","-"
3068,"Celular Samsung","Google","Termos relacionados","-","capa para celular samsung s25","pt","br","0","-"
3069,"Celular Samsung","Google","Termos relacionados","-","celular samsung camera quadrada","pt","br","0","-"
3070,"Celular Samsung","Google","Termos relacionados","-","celular samsung camera frontal 32mp","pt","br","0","-"
3071,"Celular Samsung","Google","Termos relacionados","-","celular samsung tela 6.8","pt","br","0","-"
3072,"Celular Samsung","Google","Termos relacionados","-","como tirar tema do celular samsung","pt","br","0","-"
3073,"Celular Samsung","Google","Termos relacionados","-","celular samsung barato para jogos","pt","br","0","-"
3074,"Celular Samsung","Google","Termos relacionados","-","capa celular samsung note 9","pt","br","0","-"
3075,"Celular Samsung","Google","Termos relacionados","-","impressora para celular samsung","pt","br","0","-"
3076,"Celular Samsung","Google","Termos relacionados","-","onde ver o processador do celular samsung","pt","br","0","-"
3077,"Celular Samsung","Google","Termos relacionados","-","melhor celular samsung até 1000 reais","pt","br","0","-"
3078,"Celular Samsung","Google","Termos relacionados","-","celular samsung hello kitty","pt","br","0","-"
3079,"Celular Samsung","Google","Termos relacionados","-","tirar foto da tela do celular samsung","pt","br","0","-"
3080,"Celular Samsung","Google","Termos relacionados","-","como instalar o facebook no celular samsung","pt","br","0","-"
3081,"Celular Samsung","Google","Termos relacionados","-","fone de ouvido sem fio para celular samsung","pt","br","0","-"
3082,"Celular Samsung","Google","Termos relacionados","-","o que é imei do celular samsung","pt","br","0","-"
3083,"Celular Samsung","Google","Termos relacionados","-","tela celular samsung s23 ultra","pt","br","0","-"
3084,"Celular Samsung","Google","Termos relacionados","-","celular samsung 32gb barato","pt","br","0","-"
3085,"Celular Samsung","Google","Termos relacionados","-","fotos de celular samsung a71","pt","br","0","-"
3086,"Celular Samsung","Google","Termos relacionados","-","celular samsung 9","pt","br","0","-"
3087,"Celular Samsung","Google","Termos relacionados","-","qual celular samsung mais atual","pt","br","0","-"
3088,"Celular Samsung","Google","Termos relacionados","-","celular samsung parou de vibrar","pt","br","0","-"
3089,"Celular Samsung","Google","Termos relacionados","-","tela de celular samsung a03","pt","br","0","-"
3090,"Celular Samsung","Google","Termos relacionados","-","play store sumiu do celular samsung","pt","br","0","-"
3091,"Celular Samsung","Google","Termos relacionados","-","assistencia tecnica celular samsung rio de janeiro","pt","br","0","-"
3092,"Celular Samsung","Google","Termos relacionados","-","como colocar película no celular samsung","pt","br","0","-"
3093,"Celular Samsung","Google","Termos relacionados","-","celular samsung dobra no meio","pt","br","0","-"
3094,"Celular Samsung","Google","Termos relacionados","-","celular samsung galaxy a15 é bom","pt","br","0","-"
3095,"Celular Samsung","Google","Termos relacionados","-","onde fica qr code no celular samsung","pt","br","0","-"
3096,"Celular Samsung","Google","Termos relacionados","-","celular samsung a42","pt","br","0","-"
3097,"Celular Samsung","Google","Termos relacionados","-","celular samsung m55 casas bahia","pt","br","0","-"
3098,"Celular Samsung","Google","Termos relacionados","-","assistencia tecnica celular samsung são paulo","pt","br","0","-"
3099,"Celular Samsung","Google","Termos relacionados","-","capinha de celular samsung s25 fe","pt","br","0","-"
3100,"Celular Samsung","Google","Termos relacionados","-","celular samsung fe s25","pt","br","0","-"
3101,"Celular Samsung","Google","Termos relacionados","-","telefone celular samsung barato","pt","br","0","-"
3102,"Celular Samsung","Google","Termos relacionados","-","celular samsung barato no mercadolivre","pt","br","0","-"
3103,"Celular Samsung","Google","Termos relacionados","-","novo celular samsung 2026","pt","br","0","-"
3104,"Celular Samsung","Google","Termos relacionados","-","celular samsung galaxy a36 5g 128gb","pt","br","0","-"
3105,"Celular Samsung","Google","Termos relacionados","-","dpi do celular samsung","pt","br","0","-"
3106,"Celular Samsung","Google","Termos relacionados","-","com formatar celular samsung","pt","br","0","-"
3107,"Celular Samsung","Google","Termos relacionados","-","onde fica o desenvolvedor do celular samsung","pt","br","0","-"
3108,"Celular Samsung","Google","Termos relacionados","-","onde fica download no celular samsung","pt","br","0","-"
3109,"Celular Samsung","Google","Termos relacionados","-","celular samsung 256gb camera boa","pt","br","0","-"
3110,"Celular Samsung","Google","Termos relacionados","-","celular samsung galaxy a 54","pt","br","0","-"
3111,"Celular Samsung","Google","Termos relacionados","-","celular samsung indução","pt","br","0","-"
3112,"Celular Samsung","Google","Termos relacionados","-","carregador de bateria de celular samsung","pt","br","0","-"
3113,"Celular Samsung","Google","Termos relacionados","-","tela celular samsung a06","pt","br","0","-"
3114,"Celular Samsung","Google","Termos relacionados","-","onde fica o protetor de dados no celular samsung","pt","br","0","-"
3115,"Celular Samsung","Google","Termos relacionados","-","celular samsung em alta","pt","br","0","-"
3116,"Celular Samsung","Google","Termos relacionados","-","tela de celular samsung a14","pt","br","0","-"
3117,"Celular Samsung","Google","Termos relacionados","-","celular samsung a05 5g","pt","br","0","-"
3118,"Celular Samsung","Google","Termos relacionados","-","listras no celular samsung","pt","br","0","-"
3119,"Celular Samsung","Google","Termos relacionados","-","como tirar anúncios do meu celular samsung","pt","br","0","-"
3120,"Celular Samsung","Google","Termos relacionados","-","celular samsung o mais barato","pt","br","0","-"
3121,"Celular Samsung","Google","Termos relacionados","-","celular samsung z fold 4","pt","br","0","-"
3122,"Celular Samsung","Google","Termos relacionados","-","quando o celular samsung não quer ligar","pt","br","0","-"
3123,"Celular Samsung","Google","Termos relacionados","-","celular samsung 4 câmeras","pt","br","0","-"
3124,"Celular Samsung","Google","Termos relacionados","-","celular samsung travou a tela e não desliga","pt","br","0","-"
3125,"Celular Samsung","Google","Termos relacionados","-","limpar o celular samsung","pt","br","0","-"
3126,"Celular Samsung","Google","Termos relacionados","-","bateria celular samsung s20 fe original","pt","br","0","-"
3127,"Celular Samsung","Google","Termos relacionados","-","capinha de celular samsung a71","pt","br","0","-"
3128,"Celular Samsung","Google","Termos relacionados","-","celular samsung barato carrefour","pt","br","0","-"
3129,"Celular Samsung","Google","Termos relacionados","-","celular samsung o novo","pt","br","0","-"
3130,"Celular Samsung","Google","Termos relacionados","-","capa celular samsung a32 5g","pt","br","0","-"
3131,"Celular Samsung","Google","Termos relacionados","-","qual melhor celular samsung para fotos","pt","br","0","-"
3132,"Celular Samsung","Google","Termos relacionados","-","capa para celular samsung j6","pt","br","0","-"
3133,"Celular Samsung","Google","Termos relacionados","-","celular samsung ficou com a tela preta","pt","br","0","-"
3134,"Celular Samsung","Google","Termos relacionados","-","celular samsung processador snapdragon","pt","br","0","-"
3135,"Celular Samsung","Google","Termos relacionados","-","celular samsung ia","pt","br","0","-"
3136,"Celular Samsung","Google","Termos relacionados","-","celular samsung tamanho pequeno","pt","br","0","-"
3137,"Celular Samsung","Google","Termos relacionados","-","celular samsung zip","pt","br","0","-"
3138,"Celular Samsung","Google","Termos relacionados","-","celular samsung bom e barato para jogos","pt","br","0","-"
3139,"Celular Samsung","Google","Termos relacionados","-","como tirar tela preta do celular samsung","pt","br","0","-"
3140,"Celular Samsung","Google","Termos relacionados","-","celular samsung 3","pt","br","0","-"
3141,"Celular Samsung","Google","Termos relacionados","-","aparecendo anuncio no celular samsung","pt","br","0","-"
3142,"Celular Samsung","Google","Termos relacionados","-","modelo de celular samsung a15","pt","br","0","-"
3143,"Celular Samsung","Google","Termos relacionados","-","celular samsung bateria 7000","pt","br","0","-"
3144,"Celular Samsung","Google","Termos relacionados","-","onde fica a memoria do celular samsung","pt","br","0","-"
3145,"Celular Samsung","Google","Termos relacionados","-","celular samsung j2 pro","pt","br","0","-"
3146,"Celular Samsung","Google","Termos relacionados","-","celular samsung a55 black friday","pt","br","0","-"
3147,"Celular Samsung","Google","Termos relacionados","-","como gravar voz no celular samsung","pt","br","0","-"
3148,"Celular Samsung","Google","Termos relacionados","-","capa para celular samsung s10e","pt","br","0","-"
3149,"Celular Samsung","Google","Termos relacionados","-","qual o melhor antivírus para celular samsung","pt","br","0","-"
3150,"Celular Samsung","Google","Termos relacionados","-","qual o melhor celular samsung hoje","pt","br","0","-"
3151,"Celular Samsung","Google","Termos relacionados","-","celular samsung qual melhor linha","pt","br","0","-"
3152,"Celular Samsung","Google","Termos relacionados","-","celular samsung galaxy a56 5g 128gb 8gb ram cinza","pt","br","0","-"
3153,"Celular Samsung","Google","Termos relacionados","-","aparelho celular samsung a56","pt","br","0","-"
3154,"Celular Samsung","Google","Termos relacionados","-","calculadora no celular samsung","pt","br","0","-"
3155,"Celular Samsung","Google","Termos relacionados","-","celular samsung 6.1 polegadas","pt","br","0","-"
3156,"Celular Samsung","Google","Termos relacionados","-","celular samsung 600","pt","br","0","-"
3157,"Celular Samsung","Google","Termos relacionados","-","assistência técnica celular samsung recife","pt","br","0","-"
3158,"Celular Samsung","Google","Termos relacionados","-","porque o celular samsung esquenta muito","pt","br","0","-"
3159,"Celular Samsung","Google","Termos relacionados","-","celular samsung mais recente 2024","pt","br","0","-"
3160,"Celular Samsung","Google","Termos relacionados","-","celular samsung galaxy a06 5g","pt","br","0","-"
3161,"Celular Samsung","Google","Termos relacionados","-","celular samsung x xiaomi","pt","br","0","-"
3162,"Celular Samsung","Google","Termos relacionados","-","aumentar o som do celular samsung","pt","br","0","-"
3163,"Celular Samsung","Google","Termos relacionados","-","preço do celular samsung galaxy a06","pt","br","0","-"
3164,"Celular Samsung","Google","Termos relacionados","-","cupom amazon celular samsung","pt","br","0","-"
3165,"Celular Samsung","Google","Termos relacionados","-","celular samsung a56 casas bahia","pt","br","0","-"
3166,"Celular Samsung","Google","Termos relacionados","-","capa para celular samsung m13","pt","br","0","-"
3167,"Celular Samsung","Google","Termos relacionados","-","como colocar acento no teclado do celular samsung","pt","br","0","-"
3168,"Celular Samsung","Google","Termos relacionados","-","celular samsung é android","pt","br","0","-"
3169,"Celular Samsung","Google","Termos relacionados","-","para celular samsung","pt","br","0","-"
3170,"Celular Samsung","Google","Termos relacionados","-","celular samsung a07 preço","pt","br","0","-"
3171,"Celular Samsung","Google","Termos relacionados","-","promoção celular samsung a15","pt","br","0","-"
3172,"Celular Samsung","Google","Termos relacionados","-","celular samsung galaxy a56 5g 128gb 8gb ram","pt","br","0","-"
3173,"Celular Samsung","Google","Termos relacionados","-","código para limpar celular samsung","pt","br","0","-"
3174,"Celular Samsung","Google","Termos relacionados","-","bateria celular samsung a32","pt","br","0","-"
3175,"Celular Samsung","Google","Termos relacionados","-","celular samsung por menos de r$ 1.000","pt","br","0","-"
3176,"Celular Samsung","Google","Termos relacionados","-","celular samsung s20 bts","pt","br","0","-"
3177,"Celular Samsung","Google","Termos relacionados","-","preço do celular samsung s25 ultra","pt","br","0","-"
3178,"Celular Samsung","Google","Termos relacionados","-","como da soft em celular samsung","pt","br","0","-"
3179,"Celular Samsung","Google","Termos relacionados","-","adaptador de pendrive para celular samsung","pt","br","0","-"
3180,"Celular Samsung","Google","Termos relacionados","-","como recuperar senha de celular samsung","pt","br","0","-"
3181,"Celular Samsung","Google","Termos relacionados","-","quando o celular samsung não quer carregar","pt","br","0","-"
3182,"Celular Samsung","Google","Termos relacionados","-","black friday celular samsung a55","pt","br","0","-"
3183,"Celular Samsung","Google","Termos relacionados","-","aparelho celular samsung bom e barato","pt","br","0","-"
3184,"Celular Samsung","Google","Termos relacionados","-","amazon celular samsung a32","pt","br","0","-"
3185,"Celular Samsung","Google","Termos relacionados","-","melhor celular samsung 2024 custo beneficio","pt","br","0","-"
3186,"Celular Samsung","Google","Termos relacionados","-","casas bahia celular samsung a16","pt","br","0","-"
3187,"Celular Samsung","Google","Termos relacionados","-","celular samsung s mais barato","pt","br","0","-"
3188,"Celular Samsung","Google","Termos relacionados","-","celular samsung colombo","pt","br","0","-"
3189,"Celular Samsung","Google","Termos relacionados","-","empréstimo com celular samsung de garantia","pt","br","0","-"
3190,"Celular Samsung","Google","Termos relacionados","-","celular samsung e","pt","br","0","-"
3191,"Celular Samsung","Google","Termos relacionados","-","celular samsung galaxy a56 5g 256gb 8gb ram verde","pt","br","0","-"
3192,"Celular Samsung","Google","Termos relacionados","-","celular samsung flip z6","pt","br","0","-"
3193,"Celular Samsung","Google","Termos relacionados","-","celular samsung k9","pt","br","0","-"
3194,"Celular Samsung","Google","Termos relacionados","-","defeito celular samsung","pt","br","0","-"
3195,"Celular Samsung","Google","Termos relacionados","-","celular samsung com função nfc","pt","br","0","-"
3196,"Celular Samsung","Google","Termos relacionados","-","troca de bateria celular samsung","pt","br","0","-"
3197,"Celular Samsung","Google","Termos relacionados","-","celular samsung com a tela travada","pt","br","0","-"
3198,"Celular Samsung","Google","Termos relacionados","-","celular samsung fica aparecendo anuncio","pt","br","0","-"
3199,"Celular Samsung","Google","Termos relacionados","-","celular samsung com camera frontal boa","pt","br","0","-"
3200,"Celular Samsung","Google","Termos relacionados","-","capa celular samsung a32 4g","pt","br","0","-"
3201,"Celular Samsung","Google","Termos relacionados","-","celular samsung galaxy mais barato","pt","br","0","-"
3202,"Celular Samsung","Google","Termos relacionados","-","celular samsung entrando propaganda sozinho","pt","br","0","-"
3203,"Celular Samsung","Google","Termos relacionados","-","carregador de celular samsung turbo original","pt","br","0","-"
3204,"Celular Samsung","Google","Termos relacionados","-","antivirus gratis para celular samsung","pt","br","0","-"
3205,"Celular Samsung","Google","Termos relacionados","-","como desativar o nfc do celular samsung","pt","br","0","-"
3206,"Celular Samsung","Google","Termos relacionados","-","tela de celular samsung s20 fe","pt","br","0","-"
3207,"Celular Samsung","Google","Termos relacionados","-","como tirar vírus do celular samsung a31","pt","br","0","-"
3208,"Celular Samsung","Google","Termos relacionados","-","celular samsung mais barato casas bahia","pt","br","0","-"
3209,"Celular Samsung","Google","Termos relacionados","-","celular samsung superaquecendo","pt","br","0","-"
3210,"Celular Samsung","Google","Termos relacionados","-","qual o melhor celular samsung ou redmi","pt","br","0","-"
3211,"Celular Samsung","Google","Termos relacionados","-","celular samsung melhor que iphone","pt","br","0","-"
3212,"Celular Samsung","Google","Termos relacionados","-","carregador de celular samsung tipo c","pt","br","0","-"
3213,"Celular Samsung","Google","Termos relacionados","-","celular samsung infinity","pt","br","0","-"
3214,"Celular Samsung","Google","Termos relacionados","-","como tirar virus do celular samsung j7 prime","pt","br","0","-"
3215,"Celular Samsung","Google","Termos relacionados","-","capa para celular samsung s9","pt","br","0","-"
3216,"Celular Samsung","Google","Termos relacionados","-","celular samsung e motorola","pt","br","0","-"
3217,"Celular Samsung","Google","Termos relacionados","-","como tirar fundo preto do celular samsung","pt","br","0","-"
3218,"Celular Samsung","Google","Termos relacionados","-","celular samsung não liga no botão power","pt","br","0","-"
3219,"Celular Samsung","Google","Termos relacionados","-","peças originais para celular samsung","pt","br","0","-"
3220,"Celular Samsung","Google","Termos relacionados","-","como fazer o print no celular samsung","pt","br","0","-"
3221,"Celular Samsung","Google","Termos relacionados","-","celular samsung s21 casas bahia","pt","br","0","-"
3222,"Celular Samsung","Google","Termos relacionados","-","celular samsung vidro atras","pt","br","0","-"
3223,"Celular Samsung","Google","Termos relacionados","-","celular samsung bateria longa duração","pt","br","0","-"
3224,"Celular Samsung","Google","Termos relacionados","-","qual celular samsung tem infravermelho","pt","br","0","-"
3225,"Celular Samsung","Google","Termos relacionados","-","celular samsung memoria ram 8gb","pt","br","0","-"
3226,"Celular Samsung","Google","Termos relacionados","-","como resolver linha verde no celular samsung","pt","br","0","-"
3227,"Celular Samsung","Google","Termos relacionados","-","monitor para celular samsung","pt","br","0","-"
3228,"Celular Samsung","Google","Termos relacionados","-","celular samsung para fotos","pt","br","0","-"
3229,"Celular Samsung","Google","Termos relacionados","-","celular samsung liga e desliga","pt","br","0","-"
3230,"Celular Samsung","Google","Termos relacionados","-","celular samsung da linha a qual o melhor","pt","br","0","-"
3231,"Celular Samsung","Google","Termos relacionados","-","arrumar celular samsung","pt","br","0","-"
3232,"Celular Samsung","Google","Termos relacionados","-","celular samsung com nfc 256gb","pt","br","0","-"
3233,"Celular Samsung","Google","Termos relacionados","-","melhor custo benefício celular samsung 2025","pt","br","0","-"
3234,"Celular Samsung","Google","Termos relacionados","-","preço de tela de celular samsung","pt","br","0","-"
3235,"Celular Samsung","Google","Termos relacionados","-","como controlar a tv pelo celular samsung","pt","br","0","-"
3236,"Celular Samsung","Google","Termos relacionados","-","celular samsung mais relogio","pt","br","0","-"
3237,"Celular Samsung","Google","Termos relacionados","-","como trocar celular samsung","pt","br","0","-"
3238,"Celular Samsung","Google","Termos relacionados","-","memoria cheia do celular samsung o que fazer","pt","br","0","-"
3239,"Celular Samsung","Google","Termos relacionados","-","onde fica a memória interna do celular samsung","pt","br","0","-"
3240,"Celular Samsung","Google","Termos relacionados","-","capinhas para celular samsung j6","pt","br","0","-"
3241,"Celular Samsung","Google","Termos relacionados","-","celular samsung ultra 23","pt","br","0","-"
3242,"Celular Samsung","Google","Termos relacionados","-","celular samsung resistente à água","pt","br","0","-"
3243,"Celular Samsung","Google","Termos relacionados","-","cupom de desconto celular samsung","pt","br","0","-"
3244,"Celular Samsung","Google","Termos relacionados","-","controle no celular samsung","pt","br","0","-"
3245,"Celular Samsung","Google","Termos relacionados","-","como trocar tela do celular samsung","pt","br","0","-"
3246,"Celular Samsung","Google","Termos relacionados","-","como printar a tela no celular samsung","pt","br","0","-"
3247,"Celular Samsung","Google","Termos relacionados","-","linha vermelha na tela do celular samsung","pt","br","0","-"
3248,"Celular Samsung","Google","Termos relacionados","-","como arrumar o celular samsung","pt","br","0","-"
3249,"Celular Samsung","Google","Termos relacionados","-","celular samsung 75","pt","br","0","-"
3250,"Celular Samsung","Google","Termos relacionados","-","celular samsung promocao mercado livre","pt","br","0","-"
3251,"Celular Samsung","Google","Termos relacionados","-","casas bahia celular samsung s21","pt","br","0","-"
3252,"Celular Samsung","Google","Termos relacionados","-","celular samsung resistente","pt","br","0","-"
3253,"Celular Samsung","Google","Termos relacionados","-","tela celular samsung a05","pt","br","0","-"
3254,"Celular Samsung","Google","Termos relacionados","-","celular samsung a 30 s","pt","br","0","-"
3255,"Celular Samsung","Google","Termos relacionados","-","lupa para celular samsung","pt","br","0","-"
3256,"Celular Samsung","Google","Termos relacionados","-","qual o melhor carregador para celular samsung","pt","br","0","-"
3257,"Celular Samsung","Google","Termos relacionados","-","qual o melhor celular samsung da linha s","pt","br","0","-"
3258,"Celular Samsung","Google","Termos relacionados","-","celular samsung bom para tirar fotos","pt","br","0","-"
3259,"Celular Samsung","Google","Termos relacionados","-","como formatar celular samsung a32 4g","pt","br","0","-"
3260,"Celular Samsung","Google","Termos relacionados","-","reparo de celular samsung","pt","br","0","-"
3261,"Celular Samsung","Google","Termos relacionados","-","celular samsung ultimo","pt","br","0","-"
3262,"Celular Samsung","Google","Termos relacionados","-","celular samsung a23 casas bahia","pt","br","0","-"
3263,"Celular Samsung","Google","Termos relacionados","-","celular samsung e relogio","pt","br","0","-"
3264,"Celular Samsung","Google","Termos relacionados","-","celular samsung top 10","pt","br","0","-"
3265,"Celular Samsung","Google","Termos relacionados","-","como conectar o celular samsung na tv lg","pt","br","0","-"
3266,"Celular Samsung","Google","Termos relacionados","-","bússola para celular samsung","pt","br","0","-"
3267,"Celular Samsung","Google","Termos relacionados","-","celular samsung otimo custo beneficio","pt","br","0","-"
3268,"Celular Samsung","Google","Termos relacionados","-","como ativar a função nfc no celular samsung","pt","br","0","-"
3269,"Celular Samsung","Google","Termos relacionados","-","casas bahia celular samsung s22","pt","br","0","-"
3270,"Celular Samsung","Google","Termos relacionados","-","como fazer varredura no celular samsung","pt","br","0","-"
3271,"Celular Samsung","Google","Termos relacionados","-","problema no software do celular samsung","pt","br","0","-"
3272,"Celular Samsung","Google","Termos relacionados","-","como formatar o celular samsung galaxy a06","pt","br","0","-"
3273,"Celular Samsung","Google","Termos relacionados","-","novo celular samsung com drone","pt","br","0","-"
3274,"Celular Samsung","Google","Termos relacionados","-","tamanho de tela de celular samsung","pt","br","0","-"
3275,"Celular Samsung","Google","Termos relacionados","-","com desbloquear celular samsung","pt","br","0","-"
3276,"Celular Samsung","Google","Termos relacionados","-","celular samsung caiu e não liga mais","pt","br","0","-"
3277,"Celular Samsung","Google","Termos relacionados","-","capinha para celular samsung s24 fe","pt","br","0","-"
3278,"Celular Samsung","Google","Termos relacionados","-","celular samsung galaxy m62","pt","br","0","-"
3279,"Celular Samsung","Google","Termos relacionados","-","celular samsung 30","pt","br","0","-"
3280,"Celular Samsung","Google","Termos relacionados","-","celular samsung demora muito para carregar","pt","br","0","-"
3281,"Celular Samsung","Google","Termos relacionados","-","celular samsung com propaganda na tela","pt","br","0","-"
3282,"Celular Samsung","Google","Termos relacionados","-","segurança celular samsung","pt","br","0","-"
3283,"Celular Samsung","Google","Termos relacionados","-","como tirar lupa do celular samsung","pt","br","0","-"
3284,"Celular Samsung","Google","Termos relacionados","-","celular samsung linha a 2025","pt","br","0","-"
3285,"Celular Samsung","Google","Termos relacionados","-","casas bahia celular samsung a32","pt","br","0","-"
3286,"Celular Samsung","Google","Termos relacionados","-","celular samsung barato amazon","pt","br","0","-"
3287,"Celular Samsung","Google","Termos relacionados","-","planos de fundo para celular samsung","pt","br","0","-"
3288,"Celular Samsung","Google","Termos relacionados","-","celular samsung 7 polegadas","pt","br","0","-"
3289,"Celular Samsung","Google","Termos relacionados","-","superaquecimento celular samsung o que fazer","pt","br","0","-"
3290,"Celular Samsung","Google","Termos relacionados","-","melhor antivírus para celular samsung","pt","br","0","-"
3291,"Celular Samsung","Google","Termos relacionados","-","celular samsung octa core","pt","br","0","-"
3292,"Celular Samsung","Google","Termos relacionados","-","celular samsung resistente a agua e queda","pt","br","0","-"
3293,"Celular Samsung","Google","Termos relacionados","-","como limpar a lixeira do meu celular samsung","pt","br","0","-"
3294,"Celular Samsung","Google","Termos relacionados","-","casas bahia celular samsung 5g","pt","br","0","-"
3295,"Celular Samsung","Google","Termos relacionados","-","capinha de celular samsung galaxy a01","pt","br","0","-"
3296,"Celular Samsung","Google","Termos relacionados","-","celular samsung bom até 1000 reais","pt","br","0","-"
3297,"Celular Samsung","Google","Termos relacionados","-","melhor celular samsung atualmente","pt","br","0","-"
3298,"Celular Samsung","Google","Termos relacionados","-","como printar a tela do celular samsung a15","pt","br","0","-"
3299,"Celular Samsung","Google","Termos relacionados","-","amazon celular samsung a54","pt","br","0","-"
3300,"Celular Samsung","Google","Termos relacionados","-","celular samsung a32 lilas","pt","br","0","-"
3301,"Celular Samsung","Google","Termos relacionados","-","celular samsung sem audio","pt","br","0","-"
3302,"Celular Samsung","Google","Termos relacionados","-","como fazer backup do celular samsung para o pc","pt","br","0","-"
3303,"Celular Samsung","Google","Termos relacionados","-","celular samsung barato shopee","pt","br","0","-"
3304,"Celular Samsung","Google","Termos relacionados","-","celular samsung para empresas","pt","br","0","-"
3305,"Celular Samsung","Google","Termos relacionados","-","celular samsung 60","pt","br","0","-"
3306,"Celular Samsung","Google","Termos relacionados","-","propaganda no celular samsung como tirar","pt","br","0","-"
3307,"Celular Samsung","Google","Termos relacionados","-","celular samsung câmera boa 2024","pt","br","0","-"
3308,"Celular Samsung","Google","Termos relacionados","-","celular samsung promoção havan","pt","br","0","-"
3309,"Celular Samsung","Google","Termos relacionados","-","comprar celular samsung a06","pt","br","0","-"
3310,"Celular Samsung","Google","Termos relacionados","-","como ativar o sensor de movimento do celular samsung","pt","br","0","-"
3311,"Celular Samsung","Google","Termos relacionados","-","como fazer root no celular samsung","pt","br","0","-"
3312,"Celular Samsung","Bing","Ordem alfabética","a","celular samsung a56","pt","br","27.1K","0.31"
3313,"Celular Samsung","Bing","Ordem alfabética","a","celular samsung a15","pt","br","12.1K","0.26"
3314,"Celular Samsung","Bing","Ordem alfabética","a","celular samsung a55","pt","br","9.9K","0.23"
3315,"Celular Samsung","Bing","Ordem alfabética","a","celular samsung a06","pt","br","0","-"
3316,"Celular Samsung","Bing","Ordem alfabética","a","celular samsung a56 256gb","pt","br","0","-"
3317,"Celular Samsung","Bing","Ordem alfabética","a","celular samsung a26","pt","br","0","-"
3318,"Celular Samsung","Bing","Ordem alfabética","a","celular samsung a17","pt","br","0","-"
3319,"Celular Samsung","Bing","Ordem alfabética","a","celular samsung a07","pt","br","0","-"
3320,"Celular Samsung","Bing","Ordem alfabética","a","celular samsung a","pt","br","0","-"
3321,"Celular Samsung","Bing","Ordem alfabética","a","celular samsung a35","pt","br","0","-"
3322,"Celular Samsung","Bing","Ordem alfabética","a","celular samsung a32","pt","br","0","-"
3323,"Celular Samsung","Bing","Ordem alfabética","a","celular samsung a57","pt","br","0","-"
3324,"Celular Samsung","Bing","Ordem alfabética","b","celular samsung barato","pt","br","22.2K","0.36"
3325,"Celular Samsung","Bing","Ordem alfabética","b","celular samsung bom","pt","br","5.4K","0.23"
3326,"Celular Samsung","Bing","Ordem alfabética","b","celular samsung bom e barato 2025","pt","br","1.3K","0.39"
3327,"Celular Samsung","Bing","Ordem alfabética","b","celular samsung bom e barato 2026","pt","br","0","-"
3328,"Celular Samsung","Bing","Ordem alfabética","b","celular samsung bts","pt","br","0","-"
3329,"Celular Samsung","Bing","Ordem alfabética","b","celular samsung black friday","pt","br","0","-"
3330,"Celular Samsung","Bing","Ordem alfabética","b","celular samsung bom custo beneficio","pt","br","0","-"
3331,"Celular Samsung","Bing","Ordem alfabética","b","celular samsung basico","pt","br","0","-"
3332,"Celular Samsung","Bing","Ordem alfabética","b","celular samsung bueno y barato","pt","br","0","-"
3333,"Celular Samsung","Bing","Ordem alfabética","b","celular samsung barato 500 reais","pt","br","0","-"
3334,"Celular Samsung","Bing","Ordem alfabética","c","celular samsung casas bahia","pt","br","9.9K","0.22"
3335,"Celular Samsung","Bing","Ordem alfabética","c","celular samsung carrefour","pt","br","1.9K","0.14"
3336,"Celular Samsung","Bing","Ordem alfabética","c","celular samsung com nfc","pt","br","1.9K","0.34"
3337,"Celular Samsung","Bing","Ordem alfabética","c","celular samsung câmera boa","pt","br","0","-"
3338,"Celular Samsung","Bing","Ordem alfabética","c","celular samsung com caneta","pt","br","0","-"
3339,"Celular Samsung","Bing","Ordem alfabética","c","celular samsung casas bahia promoção","pt","br","0","-"
3340,"Celular Samsung","Bing","Ordem alfabética","c","celular samsung claro","pt","br","0","-"
3341,"Celular Samsung","Bing","Ordem alfabética","c","celular samsung com carregamento por indução","pt","br","0","-"
3342,"Celular Samsung","Bing","Ordem alfabética","c","celular samsung com nfc barato","pt","br","0","-"
3343,"Celular Samsung","Bing","Ordem alfabética","c","celular samsung com câmera boa","pt","br","0","-"
3344,"Celular Samsung","Bing","Ordem alfabética","c","celular samsung custo beneficio 2026","pt","br","0","-"
3345,"Celular Samsung","Bing","Ordem alfabética","c","celular samsung con buena cámara","pt","br","0","-"
3346,"Celular Samsung","Bing","Ordem alfabética","d","celular samsung dobrável","pt","br","2.9K","0.16"
3347,"Celular Samsung","Bing","Ordem alfabética","d","celular samsung de 256 gb","pt","br","390","0.29"
3348,"Celular Samsung","Bing","Ordem alfabética","d","celular samsung dual chip","pt","br","390","0.51"
3349,"Celular Samsung","Bing","Ordem alfabética","d","celular samsung desligou e não liga mais","pt","br","0","-"
3350,"Celular Samsung","Bing","Ordem alfabética","d","celular samsung de entrada","pt","br","0","-"
3351,"Celular Samsung","Bing","Ordem alfabética","d","celular samsung de 512 gb","pt","br","0","-"
3352,"Celular Samsung","Bing","Ordem alfabética","d","celular samsung dual sim","pt","br","0","-"
3353,"Celular Samsung","Bing","Ordem alfabética","d","celular samsung doble pantalla","pt","br","0","-"
3354,"Celular Samsung","Bing","Ordem alfabética","d","celular samsung de gama alta","pt","br","0","-"
3355,"Celular Samsung","Bing","Ordem alfabética","d","celular samsung de buena cámara","pt","br","0","-"
3356,"Celular Samsung","Bing","Ordem alfabética","d","celular samsung de pantalla grande","pt","br","0","-"
3357,"Celular Samsung","Bing","Ordem alfabética","d","celular samsung de doble chip","pt","br","0","-"
3358,"Celular Samsung","Bing","Ordem alfabética","e","celular samsung em promoção","pt","br","2.9K","0.5"
3359,"Celular Samsung","Bing","Ordem alfabética","e","celular samsung en oferta","pt","br","880","0.3"
3360,"Celular Samsung","Bing","Ordem alfabética","e","celular samsung edge","pt","br","210","0.26"
3361,"Celular Samsung","Bing","Ordem alfabética","e","celular samsung entrada","pt","br","0","-"
3362,"Celular Samsung","Bing","Ordem alfabética","e","celular samsung economico","pt","br","0","-"
3363,"Celular Samsung","Bing","Ordem alfabética","e","celular samsung entel","pt","br","0","-"
3364,"Celular Samsung","Bing","Ordem alfabética","e","celular samsung economico y bueno","pt","br","0","-"
3365,"Celular Samsung","Bing","Ordem alfabética","e","celular samsung expandible","pt","br","0","-"
3366,"Celular Samsung","Bing","Ordem alfabética","e","celular samsung en 12 cuotas","pt","br","0","-"
3367,"Celular Samsung","Bing","Ordem alfabética","e","celular samsung estilo moderno","pt","br","0","-"
3368,"Celular Samsung","Bing","Ordem alfabética","e","celular samsung edición especial","pt","br","0","-"
3369,"Celular Samsung","Bing","Ordem alfabética","e","celular samsung excelente cámara","pt","br","0","-"
3370,"Celular Samsung","Bing","Ordem alfabética","f","celular samsung flip","pt","br","2.4K","0.2"
3371,"Celular Samsung","Bing","Ordem alfabética","f","celular samsung flip 7","pt","br","590","0.23"
3372,"Celular Samsung","Bing","Ordem alfabética","f","celular samsung fe","pt","br","480","0.28"
3373,"Celular Samsung","Bing","Ordem alfabética","f","celular samsung flip 5","pt","br","0","-"
3374,"Celular Samsung","Bing","Ordem alfabética","f","celular samsung flip 6","pt","br","0","-"
3375,"Celular Samsung","Bing","Ordem alfabética","f","celular samsung fold","pt","br","0","-"
3376,"Celular Samsung","Bing","Ordem alfabética","f","celular samsung fe s23","pt","br","0","-"
3377,"Celular Samsung","Bing","Ordem alfabética","f","celular samsung fold 7","pt","br","0","-"
3378,"Celular Samsung","Bing","Ordem alfabética","f","celular samsung falabella","pt","br","0","-"
3379,"Celular Samsung","Bing","Ordem alfabética","f","celular samsung ficou com a tela escura","pt","br","0","-"
3380,"Celular Samsung","Bing","Ordem alfabética","f","celular samsung funda","pt","br","0","-"
3381,"Celular Samsung","Bing","Ordem alfabética","f","celular samsung flip nuevo","pt","br","0","-"
3382,"Celular Samsung","Bing","Ordem alfabética","g","celular samsung galaxy a16","pt","br","2.4K","0.55"
3383,"Celular Samsung","Bing","Ordem alfabética","g","celular samsung galaxy a56","pt","br","1.9K","0.61"
3384,"Celular Samsung","Bing","Ordem alfabética","g","celular samsung galaxy s24","pt","br","1.6K","0.43"
3385,"Celular Samsung","Bing","Ordem alfabética","g","celular samsung galaxy a06","pt","br","0","-"
3386,"Celular Samsung","Bing","Ordem alfabética","g","celular samsung galaxy s25 ultra","pt","br","0","-"
3387,"Celular Samsung","Bing","Ordem alfabética","g","celular samsung galaxy a56 5g 256gb","pt","br","0","-"
3388,"Celular Samsung","Bing","Ordem alfabética","g","celular samsung galaxy s25 ultra 5g","pt","br","0","-"
3389,"Celular Samsung","Bing","Ordem alfabética","g","celular samsung galaxy a26 5g 256gb","pt","br","0","-"
3390,"Celular Samsung","Bing","Ordem alfabética","g","celular samsung galaxy s25 fe 5g","pt","br","0","-"
3391,"Celular Samsung","Bing","Ordem alfabética","g","celular samsung galaxy s25 5g","pt","br","0","-"
3392,"Celular Samsung","Bing","Ordem alfabética","g","celular samsung galaxy a07","pt","br","0","-"
3393,"Celular Samsung","Bing","Ordem alfabética","g","celular samsung galaxy s26 ultra 5g","pt","br","0","-"
3394,"Celular Samsung","Bing","Ordem alfabética","h","celular samsung havan","pt","br","720","0.08"
3395,"Celular Samsung","Bing","Ordem alfabética","h","celular samsung hello kitty","pt","br","50","-"
3396,"Celular Samsung","Bing","Ordem alfabética","h","celular samsung hites","pt","br","10","-"
3397,"Celular Samsung","Bing","Ordem alfabética","h","celular samsung hard reset","pt","br","0","-"
3398,"Celular Samsung","Bing","Ordem alfabética","h","celular samsung hoje valor","pt","br","0","-"
3399,"Celular Samsung","Bing","Ordem alfabética","i","celular samsung idoso","pt","br","720","0.19"
3400,"Celular Samsung","Bing","Ordem alfabética","i","celular samsung intermediário 2025","pt","br","590","0.53"
3401,"Celular Samsung","Bing","Ordem alfabética","i","celular samsung intermediário","pt","br","320","0.34"
3402,"Celular Samsung","Bing","Ordem alfabética","i","celular samsung intermediário 2026","pt","br","0","-"
3403,"Celular Samsung","Bing","Ordem alfabética","i","celular samsung iphone","pt","br","0","-"
3404,"Celular Samsung","Bing","Ordem alfabética","i","celular samsung intermediário 2024","pt","br","0","-"
3405,"Celular Samsung","Bing","Ordem alfabética","i","celular samsung igual iphone","pt","br","0","-"
3406,"Celular Samsung","Bing","Ordem alfabética","i","celular samsung ip68","pt","br","0","-"
3407,"Celular Samsung","Bing","Ordem alfabética","i","celular samsung ia","pt","br","0","-"
3408,"Celular Samsung","Bing","Ordem alfabética","i","celular samsung indução","pt","br","0","-"
3409,"Celular Samsung","Bing","Ordem alfabética","i","celular samsung imagen","pt","br","0","-"
3410,"Celular Samsung","Bing","Ordem alfabética","i","celular samsung indestrutivel","pt","br","0","-"
3411,"Celular Samsung","Bing","Ordem alfabética","j","celular samsung j5","pt","br","1.0K","0.07"
3412,"Celular Samsung","Bing","Ordem alfabética","j","celular samsung j7 prime","pt","br","1.0K","0.08"
3413,"Celular Samsung","Bing","Ordem alfabética","j","celular samsung j7","pt","br","880","0.12"
3414,"Celular Samsung","Bing","Ordem alfabética","j","celular samsung j2","pt","br","0","-"
3415,"Celular Samsung","Bing","Ordem alfabética","j","celular samsung j8","pt","br","0","-"
3416,"Celular Samsung","Bing","Ordem alfabética","j","celular samsung j4","pt","br","0","-"
3417,"Celular Samsung","Bing","Ordem alfabética","j","celular samsung j6","pt","br","0","-"
3418,"Celular Samsung","Bing","Ordem alfabética","j","celular samsung j2 prime","pt","br","0","-"
3419,"Celular Samsung","Bing","Ordem alfabética","j","celular samsung j1 mini","pt","br","0","-"
3420,"Celular Samsung","Bing","Ordem alfabética","j","celular samsung j4 core","pt","br","0","-"
3421,"Celular Samsung","Bing","Ordem alfabética","j","celular samsung j4+","pt","br","0","-"
3422,"Celular Samsung","Bing","Ordem alfabética","j","celular samsung j8 preço","pt","br","0","-"
3423,"Celular Samsung","Bing","Ordem alfabética","k","celular samsung kabum","pt","br","170","0.23"
3424,"Celular Samsung","Bing","Ordem alfabética","l","celular samsung lançamento","pt","br","9.9K","0.19"
3425,"Celular Samsung","Bing","Ordem alfabética","l","celular samsung linha s","pt","br","4.4K","0.24"
3426,"Celular Samsung","Bing","Ordem alfabética","l","celular samsung lançamento 2025","pt","br","1.9K","0.22"
3427,"Celular Samsung","Bing","Ordem alfabética","l","celular samsung lojas americanas","pt","br","0","-"
3428,"Celular Samsung","Bing","Ordem alfabética","l","celular samsung linha a","pt","br","0","-"
3429,"Celular Samsung","Bing","Ordem alfabética","l","celular samsung lançamento 2026","pt","br","0","-"
3430,"Celular Samsung","Bing","Ordem alfabética","l","celular samsung linha m","pt","br","0","-"
3431,"Celular Samsung","Bing","Ordem alfabética","l","celular samsung linha a qual o melhor","pt","br","0","-"
3432,"Celular Samsung","Bing","Ordem alfabética","l","celular samsung linha s 256gb","pt","br","0","-"
3433,"Celular Samsung","Bing","Ordem alfabética","l","celular samsung linha s qual o melhor","pt","br","0","-"
3434,"Celular Samsung","Bing","Ordem alfabética","l","celular samsung linha s24","pt","br","0","-"
3435,"Celular Samsung","Bing","Ordem alfabética","l","celular samsung liverpool","pt","br","0","-"
3436,"Celular Samsung","Bing","Ordem alfabética","m","celular samsung magazine luiza","pt","br","3.6K","0.19"
3437,"Celular Samsung","Bing","Ordem alfabética","m","celular samsung mais barato","pt","br","3.6K","0.33"
3438,"Celular Samsung","Bing","Ordem alfabética","m","celular samsung mercado livre","pt","br","2.9K","0.1"
3439,"Celular Samsung","Bing","Ordem alfabética","m","celular samsung melhor custo benefício","pt","br","0","-"
3440,"Celular Samsung","Bing","Ordem alfabética","m","celular samsung m55","pt","br","0","-"
3441,"Celular Samsung","Bing","Ordem alfabética","m","celular samsung m35","pt","br","0","-"
3442,"Celular Samsung","Bing","Ordem alfabética","m","celular samsung m","pt","br","0","-"
3443,"Celular Samsung","Bing","Ordem alfabética","m","celular samsung m53","pt","br","0","-"
3444,"Celular Samsung","Bing","Ordem alfabética","m","celular samsung m54","pt","br","0","-"
3445,"Celular Samsung","Bing","Ordem alfabética","m","celular samsung m14","pt","br","0","-"
3446,"Celular Samsung","Bing","Ordem alfabética","m","celular samsung mercado libre","pt","br","0","-"
3447,"Celular Samsung","Bing","Ordem alfabética","m","celular samsung melhor custo benefício 2026","pt","br","0","-"
3448,"Celular Samsung","Bing","Ordem alfabética","n","celular samsung novo","pt","br","12.1K","0.29"
3449,"Celular Samsung","Bing","Ordem alfabética","n","celular samsung na promoção","pt","br","4.4K","0.4"
3450,"Celular Samsung","Bing","Ordem alfabética","n","celular samsung não carrega","pt","br","1.9K","0.08"
3451,"Celular Samsung","Bing","Ordem alfabética","n","celular samsung note","pt","br","0","-"
3452,"Celular Samsung","Bing","Ordem alfabética","n","celular samsung não liga","pt","br","0","-"
3453,"Celular Samsung","Bing","Ordem alfabética","n","celular samsung nfc","pt","br","0","-"
3454,"Celular Samsung","Bing","Ordem alfabética","n","celular samsung novo lançamento","pt","br","0","-"
3455,"Celular Samsung","Bing","Ordem alfabética","n","celular samsung note 20","pt","br","0","-"
3456,"Celular Samsung","Bing","Ordem alfabética","n","celular samsung note 20 ultra","pt","br","0","-"
3457,"Celular Samsung","Bing","Ordem alfabética","n","celular samsung não carrega umidade","pt","br","0","-"
3458,"Celular Samsung","Bing","Ordem alfabética","n","celular samsung nuevo","pt","br","0","-"
3459,"Celular Samsung","Bing","Ordem alfabética","n","celular samsung no carga","pt","br","0","-"
3460,"Celular Samsung","Bing","Ordem alfabética","o","celular samsung os melhores","pt","br","27.1K","0.06"
3461,"Celular Samsung","Bing","Ordem alfabética","o","celular samsung o melhor","pt","br","12.1K","0.14"
3462,"Celular Samsung","Bing","Ordem alfabética","o","celular samsung oferta","pt","br","720","0.26"
3463,"Celular Samsung","Bing","Ordem alfabética","o","celular samsung ou motorola","pt","br","0","-"
3464,"Celular Samsung","Bing","Ordem alfabética","o","celular samsung olx","pt","br","0","-"
3465,"Celular Samsung","Bing","Ordem alfabética","o","celular samsung olho azul","pt","br","0","-"
3466,"Celular Samsung","Bing","Ordem alfabética","o","celular samsung ou xiaomi","pt","br","0","-"
3467,"Celular Samsung","Bing","Ordem alfabética","o","celular samsung ordem de lançamento","pt","br","0","-"
3468,"Celular Samsung","Bing","Ordem alfabética","o","celular samsung ou motorola qual o melhor","pt","br","0","-"
3469,"Celular Samsung","Bing","Ordem alfabética","o","celular samsung ou iphone","pt","br","0","-"
3470,"Celular Samsung","Bing","Ordem alfabética","o","celular samsung o motorola","pt","br","0","-"
3471,"Celular Samsung","Bing","Ordem alfabética","o","celular samsung ofertas chile","pt","br","0","-"
3472,"Celular Samsung","Bing","Ordem alfabética","p","celular samsung preço","pt","br","12.1K","0.16"
3473,"Celular Samsung","Bing","Ordem alfabética","p","celular samsung promoção","pt","br","9.9K","0.35"
3474,"Celular Samsung","Bing","Ordem alfabética","p","celular samsung pequeno","pt","br","2.9K","0.18"
3475,"Celular Samsung","Bing","Ordem alfabética","p","celular samsung pocket","pt","br","0","-"
3476,"Celular Samsung","Bing","Ordem alfabética","p","celular samsung promoção 128gb","pt","br","0","-"
3477,"Celular Samsung","Bing","Ordem alfabética","p","celular samsung para idoso","pt","br","0","-"
3478,"Celular Samsung","Bing","Ordem alfabética","p","celular samsung png","pt","br","0","-"
3479,"Celular Samsung","Bing","Ordem alfabética","p","celular samsung precios","pt","br","0","-"
3480,"Celular Samsung","Bing","Ordem alfabética","p","celular samsung plegable","pt","br","0","-"
3481,"Celular Samsung","Bing","Ordem alfabética","p","celular samsung para juegos","pt","br","0","-"
3482,"Celular Samsung","Bing","Ordem alfabética","p","celular samsung pantalla curva","pt","br","0","-"
3483,"Celular Samsung","Bing","Ordem alfabética","p","celular samsung precio accesible","pt","br","0","-"
3484,"Celular Samsung","Bing","Ordem alfabética","q","celular samsung que dobra","pt","br","2.4K","0.11"
3485,"Celular Samsung","Bing","Ordem alfabética","q","celular samsung que abre e fecha","pt","br","1.0K","0.11"
3486,"Celular Samsung","Bing","Ordem alfabética","q","celular samsung qual o melhor","pt","br","720","0.23"
3487,"Celular Samsung","Bing","Ordem alfabética","q","celular samsung que carrega por indução","pt","br","0","-"
3488,"Celular Samsung","Bing","Ordem alfabética","q","celular samsung que se dobla","pt","br","0","-"
3489,"Celular Samsung","Bing","Ordem alfabética","q","celular samsung qual o melhor custo benefício","pt","br","0","-"
3490,"Celular Samsung","Bing","Ordem alfabética","q","celular samsung que carga rápido","pt","br","0","-"
3491,"Celular Samsung","Bing","Ordem alfabética","q","celular samsung que es resistente","pt","br","0","-"
3492,"Celular Samsung","Bing","Ordem alfabética","q","celular samsung que toma buenas fotos","pt","br","0","-"
3493,"Celular Samsung","Bing","Ordem alfabética","q","celular samsung que dura más","pt","br","0","-"
3494,"Celular Samsung","Bing","Ordem alfabética","q","celular samsung que se pliega","pt","br","0","-"
3495,"Celular Samsung","Bing","Ordem alfabética","q","celular samsung que se dobla a la mitad","pt","br","0","-"
3496,"Celular Samsung","Bing","Ordem alfabética","r","celular samsung rosa","pt","br","1.9K","0.16"
3497,"Celular Samsung","Bing","Ordem alfabética","r","celular samsung roxo","pt","br","590","0.17"
3498,"Celular Samsung","Bing","Ordem alfabética","r","celular samsung rosa antigo","pt","br","480","0.11"
3499,"Celular Samsung","Bing","Ordem alfabética","r","celular samsung retirar na loja","pt","br","0","-"
3500,"Celular Samsung","Bing","Ordem alfabética","r","celular samsung reiniciando sozinho","pt","br","0","-"
3501,"Celular Samsung","Bing","Ordem alfabética","r","celular samsung riachuelo","pt","br","0","-"
3502,"Celular Samsung","Bing","Ordem alfabética","r","celular samsung reiniciando e não liga","pt","br","0","-"
3503,"Celular Samsung","Bing","Ordem alfabética","r","celular samsung resistente a queda","pt","br","0","-"
3504,"Celular Samsung","Bing","Ordem alfabética","r","celular samsung recomendado","pt","br","0","-"
3505,"Celular Samsung","Bing","Ordem alfabética","r","celular samsung reiniciando sem parar","pt","br","0","-"
3506,"Celular Samsung","Bing","Ordem alfabética","r","celular samsung ripley","pt","br","0","-"
3507,"Celular Samsung","Bing","Ordem alfabética","r","celular samsung reacondicionado","pt","br","0","-"
3508,"Celular Samsung","Bing","Ordem alfabética","s","celular samsung s23","pt","br","33.1K","0.22"
3509,"Celular Samsung","Bing","Ordem alfabética","s","celular samsung s24","pt","br","33.1K","0.3"
3510,"Celular Samsung","Bing","Ordem alfabética","s","celular samsung s25","pt","br","22.2K","0.54"
3511,"Celular Samsung","Bing","Ordem alfabética","s","celular samsung s","pt","br","0","-"
3512,"Celular Samsung","Bing","Ordem alfabética","s","celular samsung s24 ultra","pt","br","0","-"
3513,"Celular Samsung","Bing","Ordem alfabética","s","celular samsung s25 ultra","pt","br","0","-"
3514,"Celular Samsung","Bing","Ordem alfabética","s","celular samsung s22","pt","br","0","-"
3515,"Celular Samsung","Bing","Ordem alfabética","s","celular samsung s25 fe","pt","br","0","-"
3516,"Celular Samsung","Bing","Ordem alfabética","s","celular samsung s24 fe","pt","br","0","-"
3517,"Celular Samsung","Bing","Ordem alfabética","s","celular samsung s26","pt","br","0","-"
3518,"Celular Samsung","Bing","Ordem alfabética","s","celular samsung s25 ultra 512gb","pt","br","0","-"
3519,"Celular Samsung","Bing","Ordem alfabética","s","celular samsung s23 ultra 512gb","pt","br","0","-"
3520,"Celular Samsung","Bing","Ordem alfabética","t","celular samsung top de linha","pt","br","1.3K","0.22"
3521,"Celular Samsung","Bing","Ordem alfabética","t","celular samsung tela curva","pt","br","480","0.1"
3522,"Celular Samsung","Bing","Ordem alfabética","t","celular samsung tela grande","pt","br","480","0.32"
3523,"Celular Samsung","Bing","Ordem alfabética","t","celular samsung top","pt","br","0","-"
3524,"Celular Samsung","Bing","Ordem alfabética","t","celular samsung travado","pt","br","0","-"
3525,"Celular Samsung","Bing","Ordem alfabética","t","celular samsung tela pequena","pt","br","0","-"
3526,"Celular Samsung","Bing","Ordem alfabética","t","celular samsung travou a tela o que fazer","pt","br","0","-"
3527,"Celular Samsung","Bing","Ordem alfabética","t","celular samsung tim","pt","br","0","-"
3528,"Celular Samsung","Bing","Ordem alfabética","t","celular samsung travou e não desliga","pt","br","0","-"
3529,"Celular Samsung","Bing","Ordem alfabética","t","celular samsung travado na tela de bloqueio","pt","br","0","-"
3530,"Celular Samsung","Bing","Ordem alfabética","t","celular samsung travando como resolver","pt","br","0","-"
3531,"Celular Samsung","Bing","Ordem alfabética","t","celular samsung telcel","pt","br","0","-"
3532,"Celular Samsung","Bing","Ordem alfabética","u","celular samsung ultimo lançamento","pt","br","1.6K","0.22"
3533,"Celular Samsung","Bing","Ordem alfabética","u","celular samsung usado","pt","br","1.0K","0.15"
3534,"Celular Samsung","Bing","Ordem alfabética","u","celular samsung ultra","pt","br","1.0K","0.26"
3535,"Celular Samsung","Bing","Ordem alfabética","u","celular samsung ultima geração","pt","br","0","-"
3536,"Celular Samsung","Bing","Ordem alfabética","u","celular samsung ultra s25","pt","br","0","-"
3537,"Celular Samsung","Bing","Ordem alfabética","u","celular samsung ultra s23","pt","br","0","-"
3538,"Celular Samsung","Bing","Ordem alfabética","u","celular samsung ultimo modelo","pt","br","0","-"
3539,"Celular Samsung","Bing","Ordem alfabética","u","celular samsung ultra s26","pt","br","0","-"
3540,"Celular Samsung","Bing","Ordem alfabética","u","celular samsung ultra camara","pt","br","0","-"
3541,"Celular Samsung","Bing","Ordem alfabética","u","celular samsung ultra precio","pt","br","0","-"
3542,"Celular Samsung","Bing","Ordem alfabética","u","celular samsung ultra opiniones","pt","br","0","-"
3543,"Celular Samsung","Bing","Ordem alfabética","u","celular samsung ultra caracteristicas","pt","br","0","-"
3544,"Celular Samsung","Bing","Ordem alfabética","v","celular samsung valor","pt","br","1.6K","0.22"
3545,"Celular Samsung","Bing","Ordem alfabética","v","celular samsung vermelho","pt","br","480","0.12"
3546,"Celular Samsung","Bing","Ordem alfabética","v","celular samsung vivo","pt","br","320","0.26"
3547,"Celular Samsung","Bing","Ordem alfabética","v","celular samsung verde","pt","br","0","-"
3548,"Celular Samsung","Bing","Ordem alfabética","v","celular samsung vem com carregador","pt","br","0","-"
3549,"Celular Samsung","Bing","Ordem alfabética","v","celular samsung viejo","pt","br","0","-"
3550,"Celular Samsung","Bing","Ordem alfabética","w","celular samsung walmart","pt","br","10","-"
3551,"Celular Samsung","Bing","Ordem alfabética","w","celular samsung wom","pt","br","10","-"
3552,"Celular Samsung","Bing","Ordem alfabética","x","celular samsung xiaomi","pt","br","170","0.2"
3553,"Celular Samsung","Bing","Ordem alfabética","x","celular samsung x iphone","pt","br","30","0.03"
3554,"Celular Samsung","Bing","Ordem alfabética","x","celular samsung xcover","pt","br","20","0.08"
3555,"Celular Samsung","Bing","Ordem alfabética","z","celular samsung z flip","pt","br","1.3K","0.15"
3556,"Celular Samsung","Bing","Ordem alfabética","z","celular samsung z fold 7","pt","br","480","0.28"
3557,"Celular Samsung","Bing","Ordem alfabética","z","celular samsung z flip 7","pt","br","390","0.24"
3558,"Celular Samsung","Bing","Ordem alfabética","z","celular samsung z fold 6","pt","br","0","-"
3559,"Celular Samsung","Bing","Ordem alfabética","z","celular samsung z","pt","br","0","-"
3560,"Celular Samsung","Bing","Ordem alfabética","z","celular samsung z fold","pt","br","0","-"
3561,"Celular Samsung","Bing","Ordem alfabética","z","celular samsung zoom","pt","br","0","-"
3562,"Celular Samsung","Bing","Ordem alfabética","z","celular samsung z flip 6","pt","br","0","-"
3563,"Celular Samsung","Bing","Ordem alfabética","z","celular samsung z flip 4","pt","br","0","-"
3564,"Celular Samsung","Bing","Ordem alfabética","z","celular samsung z flip 5","pt","br","0","-"
3565,"Celular Samsung","Bing","Ordem alfabética","z","celular samsung z fold 5","pt","br","0","-"
3566,"Celular Samsung","Bing","Ordem alfabética","z","celular samsung z flip 3","pt","br","0","-"
3567,"Celular Samsung","Bing","Comparações","e","celular samsung e motorola","pt","br","0","-"
3568,"Celular Samsung","Bing","Comparações","ou","celular samsung ou motorola","pt","br","390","0.33"
3569,"Celular Samsung","Bing","Comparações","ou","celular samsung ou xiaomi","pt","br","110","0.06"
3570,"Celular Samsung","Bing","Comparações","ou","celular samsung ou motorola qual o melhor","pt","br","70","0.07"
3571,"Celular Samsung","Bing","Comparações","ou","celular samsung ou iphone","pt","br","0","-"
3572,"Celular Samsung","Bing","Números","0","celular samsung 01","pt","br","1.0K","0.1"
3573,"Celular Samsung","Bing","Números","0","celular samsung 05s","pt","br","210","0.16"
3574,"Celular Samsung","Bing","Números","0","celular samsung 07","pt","br","170","0.29"
3575,"Celular Samsung","Bing","Números","0","celular samsung 03","pt","br","0","-"
3576,"Celular Samsung","Bing","Números","0","celular samsung 015","pt","br","0","-"
3577,"Celular Samsung","Bing","Números","0","celular samsung 04","pt","br","0","-"
3578,"Celular Samsung","Bing","Números","0","celular samsung 055","pt","br","0","-"
3579,"Celular Samsung","Bing","Números","1","celular samsung 128gb","pt","br","5.4K","0.57"
3580,"Celular Samsung","Bing","Números","1","celular samsung 128gb mais barato","pt","br","720","0.34"
3581,"Celular Samsung","Bing","Números","1","celular samsung 128gb 8gb ram","pt","br","390","0.51"
3582,"Celular Samsung","Bing","Números","1","celular samsung 15","pt","br","0","-"
3583,"Celular Samsung","Bing","Números","1","celular samsung 16 gb ram","pt","br","0","-"
3584,"Celular Samsung","Bing","Números","1","celular samsung 17","pt","br","0","-"
3585,"Celular Samsung","Bing","Números","1","celular samsung 12gb ram","pt","br","0","-"
3586,"Celular Samsung","Bing","Números","1","celular samsung 128gb 6gb ram","pt","br","0","-"
3587,"Celular Samsung","Bing","Números","1","celular samsung 128 gb 8 ram","pt","br","0","-"
3588,"Celular Samsung","Bing","Números","1","celular samsung 1tb","pt","br","0","-"
3589,"Celular Samsung","Bing","Números","1","celular samsung 128gb usado","pt","br","0","-"
3590,"Celular Samsung","Bing","Números","1","celular samsung 128gb menor preço","pt","br","0","-"
3591,"Celular Samsung","Bing","Números","2","celular samsung 256gb","pt","br","33.1K","0.56"
3592,"Celular Samsung","Bing","Números","2","celular samsung 2025","pt","br","6.6K","0.23"
3593,"Celular Samsung","Bing","Números","2","celular samsung 256gb 8gb ram","pt","br","2.9K","0.47"
3594,"Celular Samsung","Bing","Números","2","celular samsung 2026","pt","br","0","-"
3595,"Celular Samsung","Bing","Números","2","celular samsung 256gb 16gb ram","pt","br","0","-"
3596,"Celular Samsung","Bing","Números","2","celular samsung 256gb 5g","pt","br","0","-"
3597,"Celular Samsung","Bing","Números","2","celular samsung 256gb promoção","pt","br","0","-"
3598,"Celular Samsung","Bing","Números","2","celular samsung 256gb 12gb ram","pt","br","0","-"
3599,"Celular Samsung","Bing","Números","2","celular samsung 256gb a56","pt","br","0","-"
3600,"Celular Samsung","Bing","Números","2","celular samsung 256gb 8gb ram 5g","pt","br","0","-"
3601,"Celular Samsung","Bing","Números","2","celular samsung 26","pt","br","0","-"
3602,"Celular Samsung","Bing","Números","2","celular samsung 256gb menor preço","pt","br","0","-"
3603,"Celular Samsung","Bing","Números","3","celular samsung 35","pt","br","320","0.16"
3604,"Celular Samsung","Bing","Números","3","celular samsung 36","pt","br","210","0.19"
3605,"Celular Samsung","Bing","Números","3","celular samsung 32gb","pt","br","170","0.29"
3606,"Celular Samsung","Bing","Números","3","celular samsung 300 reais","pt","br","0","-"
3607,"Celular Samsung","Bing","Números","3","celular samsung 34","pt","br","0","-"
3608,"Celular Samsung","Bing","Números","3","celular samsung 32gb barato","pt","br","0","-"
3609,"Celular Samsung","Bing","Números","4","celular samsung 4g","pt","br","170","0.18"
3610,"Celular Samsung","Bing","Números","4","celular samsung 400 reais","pt","br","110","0.09"
3611,"Celular Samsung","Bing","Números","4","celular samsung 4 câmeras","pt","br","50","-"
3612,"Celular Samsung","Bing","Números","4","celular samsung 4gb ram","pt","br","0","-"
3613,"Celular Samsung","Bing","Números","4","celular samsung 4 ram","pt","br","0","-"
3614,"Celular Samsung","Bing","Números","5","celular samsung 5g","pt","br","5.4K","0.43"
3615,"Celular Samsung","Bing","Números","5","celular samsung 512gb","pt","br","2.4K","0.37"
3616,"Celular Samsung","Bing","Números","5","celular samsung 5g 256gb","pt","br","1.9K","0.41"
3617,"Celular Samsung","Bing","Números","5","celular samsung 5g 128gb","pt","br","0","-"
3618,"Celular Samsung","Bing","Números","5","celular samsung 512gb 12gb ram","pt","br","0","-"
3619,"Celular Samsung","Bing","Números","5","celular samsung 55","pt","br","0","-"
3620,"Celular Samsung","Bing","Números","5","celular samsung 5g 128gb 8gb ram","pt","br","0","-"
3621,"Celular Samsung","Bing","Números","5","celular samsung 500gb","pt","br","0","-"
3622,"Celular Samsung","Bing","Números","5","celular samsung 5g mais barato","pt","br","0","-"
3623,"Celular Samsung","Bing","Números","5","celular samsung 5g 256gb 8gb ram","pt","br","0","-"
3624,"Celular Samsung","Bing","Números","5","celular samsung 5g com nfc","pt","br","0","-"
3625,"Celular Samsung","Bing","Números","5","celular samsung 512gb 8gb ram","pt","br","0","-"
3626,"Celular Samsung","Bing","Números","6","celular samsung 64gb","pt","br","590","0.34"
3627,"Celular Samsung","Bing","Números","6","celular samsung 6gb ram","pt","br","480","0.51"
3628,"Celular Samsung","Bing","Números","6","celular samsung 600 reais","pt","br","170","0.27"
3629,"Celular Samsung","Bing","Números","6","celular samsung 6 ram","pt","br","0","-"
3630,"Celular Samsung","Bing","Números","6","celular samsung 6000mah","pt","br","0","-"
3631,"Celular Samsung","Bing","Números","6","celular samsung 6 polegadas","pt","br","0","-"
3632,"Celular Samsung","Bing","Números","6","celular samsung 6gb ram 128gb","pt","br","0","-"
3633,"Celular Samsung","Bing","Números","6","celular samsung 6gb","pt","br","0","-"
3634,"Celular Samsung","Bing","Números","6","celular samsung 64gb menor preço","pt","br","0","-"
3635,"Celular Samsung","Bing","Números","6","celular samsung 6 7 polegadas","pt","br","0","-"
3636,"Celular Samsung","Bing","Números","7","celular samsung 71","pt","br","1.6K","0.09"
3637,"Celular Samsung","Bing","Números","7","celular samsung 7","pt","br","390","0.14"
3638,"Celular Samsung","Bing","Números","7","celular samsung 700 reais","pt","br","170","0.3"
3639,"Celular Samsung","Bing","Números","8","celular samsung 8gb ram","pt","br","1.0K","0.59"
3640,"Celular Samsung","Bing","Números","8","celular samsung 8","pt","br","480","0.11"
3641,"Celular Samsung","Bing","Números","8","celular samsung 8gb ram 256gb","pt","br","390","0.62"
3642,"Celular Samsung","Bing","Números","8","celular samsung 8 ram","pt","br","0","-"
3643,"Celular Samsung","Bing","Números","8","celular samsung 8gb","pt","br","0","-"
3644,"Celular Samsung","Bing","Números","8","celular samsung 800 reais","pt","br","0","-"
3645,"Celular Samsung","Bing","Números","8","celular samsung 8gb ram 128gb","pt","br","0","-"
3646,"Celular Samsung","Bing","Números","8","celular samsung 8g ram","pt","br","0","-"
3647,"Celular Samsung","Bing","Preposições","com","celular samsung com nfc","pt","br","1.9K","0.34"
3648,"Celular Samsung","Bing","Preposições","com","celular samsung com caneta","pt","br","1.0K","0.15"
3649,"Celular Samsung","Bing","Preposições","com","celular samsung com carregamento por indução","pt","br","480","0.27"
3650,"Celular Samsung","Bing","Preposições","com","celular samsung com nfc barato","pt","br","0","-"
3651,"Celular Samsung","Bing","Preposições","com","celular samsung com melhor câmera","pt","br","0","-"
3652,"Celular Samsung","Bing","Preposições","com","celular samsung com câmera boa","pt","br","0","-"
3653,"Celular Samsung","Bing","Preposições","com","celular samsung com esim","pt","br","0","-"
3654,"Celular Samsung","Bing","Preposições","com","celular samsung com câmera boa e barato","pt","br","0","-"
3655,"Celular Samsung","Bing","Preposições","com","celular samsung com 512gb","pt","br","0","-"
3656,"Celular Samsung","Bing","Preposições","com","celular samsung com digital","pt","br","0","-"
3657,"Celular Samsung","Bing","Preposições","com","celular samsung com melhor custo benefício","pt","br","0","-"
3658,"Celular Samsung","Bing","Preposições","com","celular samsung com 256 gb de memória","pt","br","0","-"
3659,"Celular Samsung","Bing","Preposições","como","celular samsung como webcam","pt","br","0","-"
3660,"Celular Samsung","Bing","Preposições","para","celular samsung para idoso","pt","br","390","0.28"
3661,"Celular Samsung","Bing","Preposições","para","celular samsung para jogos","pt","br","320","0.22"
3662,"Celular Samsung","Bing","Preposições","para","seguro para celular samsung","pt","br","260","2.04"
3663,"Celular Samsung","Bing","Preposições","para","celular samsung para comprar","pt","br","0","-"
3664,"Celular Samsung","Bing","Preposições","para","celular samsung para fotos","pt","br","0","-"
3665,"Celular Samsung","Bing","Preposições","para","celular samsung para imprimir","pt","br","0","-"
3666,"Celular Samsung","Bing","Preposições","para","celular samsung para trabalho","pt","br","0","-"
3667,"Celular Samsung","Bing","Preposições","para","celular samsung para colorir","pt","br","0","-"
3668,"Celular Samsung","Bing","Preposições","para","celular samsung para juegos","pt","br","0","-"
3669,"Celular Samsung","Bing","Preposições","perto","conserto celular samsung perto de mim","pt","br","30","0.52"
3670,"Celular Samsung","Bing","Preposições","sem","celular samsung sem som","pt","br","170","-"
3671,"Celular Samsung","Bing","Preposições","sem","celular samsung sem sinal de rede","pt","br","30","-"
3672,"Celular Samsung","Bing","Preposições","tipo","carregador celular samsung tipo c","pt","br","50","0.16"
3673,"Celular Samsung","Bing","Preposições","tipo","cargador para celular samsung tipo c","pt","br","0","-"
3674,"Celular Samsung","Bing","Perguntas","como","como formatar celular samsung","pt","br","22.2K","0.06"
3675,"Celular Samsung","Bing","Perguntas","como","como destravar celular samsung","pt","br","2.9K","0.13"
3676,"Celular Samsung","Bing","Perguntas","como","como desbloquear celular samsung","pt","br","2.4K","0.36"
3677,"Celular Samsung","Bing","Perguntas","como","como restaurar celular samsung","pt","br","0","-"
3678,"Celular Samsung","Bing","Perguntas","como","como desbloquear un celular samsung","pt","br","0","-"
3679,"Celular Samsung","Bing","Perguntas","como","como formatear un celular samsung","pt","br","0","-"
3680,"Celular Samsung","Bing","Perguntas","é","celular samsung é bom","pt","br","5.4K","0.08"
3681,"Celular Samsung","Bing","Perguntas","é","celular samsung a 36 é bom","pt","br","390","0.14"
3682,"Celular Samsung","Bing","Perguntas","é","o que é bixby no celular samsung","pt","br","140","-"
3683,"Celular Samsung","Bing","Perguntas","é","o que é samsung pass no celular","pt","br","0","-"
3684,"Celular Samsung","Bing","Perguntas","o que","o que fazer quando o celular samsung trava","pt","br","320","0.74"
3685,"Celular Samsung","Bing","Perguntas","onde","onde comprar celular samsung mais barato","pt","br","90","0.18"
3686,"Celular Samsung","Bing","Perguntas","porque","porque no carga mi celular samsung","pt","br","10","-"
3687,"Celular Samsung","Bing","Perguntas","porque","porque se reinicia solo mi celular samsung","pt","br","10","-"
3688,"Celular Samsung","Bing","Perguntas","porque","porque se calienta mi celular samsung","pt","br","10","-"
3689,"Celular Samsung","Bing","Perguntas","porque","porque se calienta el celular samsung","pt","br","0","-"
3690,"Celular Samsung","Bing","Perguntas","porque","porque mi celular samsung no prende","pt","br","0","-"
3691,"Celular Samsung","Bing","Perguntas","porque","porque no carga mi celular samsung a52","pt","br","0","-"
3692,"Celular Samsung","Bing","Perguntas","qual","qual celular samsung é melhor","pt","br","18.1K","0.17"
3693,"Celular Samsung","Bing","Perguntas","qual","qual celular samsung é bom","pt","br","320","0.19"
3694,"Celular Samsung","Bing","Perguntas","qual","qual celular samsung tem a melhor câmera","pt","br","260","0.28"
3695,"Celular Samsung","Bing","Perguntas","qual","qual celular samsung comprar em 2025","pt","br","0","-"
3696,"Celular Samsung","Bing","Perguntas","qual","qual celular samsung comprar","pt","br","0","-"
3697,"Celular Samsung","Bing","Perguntas","qual","qual celular samsung tem nfc","pt","br","0","-"
3698,"Celular Samsung","Bing","Perguntas","qual","qual celular samsung carrega por indução","pt","br","0","-"
3699,"Celular Samsung","Bing","Perguntas","qual","qual celular samsung comprar em 2024","pt","br","0","-"
3700,"Celular Samsung","Bing","Perguntas","qual","qual celular samsung melhor custo beneficio","pt","br","0","-"
3701,"Celular Samsung","Bing","Perguntas","qual","qual celular samsung mais moderno","pt","br","0","-"
3702,"Celular Samsung","Bing","Perguntas","qual","qual celular samsung comprar em 2026","pt","br","0","-"
3703,"Celular Samsung","Bing","Perguntas","quando","quando o celular samsung não quer carregar","pt","br","40","-"
3704,"Celular Samsung","Bing","Perguntas","quando","celular samsung a17 quando foi lançado","pt","br","10","-"
3705,"Celular Samsung","Bing","Perguntas","são","autorizada samsung celular são paulo","pt","br","590","0.41"
3706,"Celular Samsung","YouTube","Ordem alfabética","a","celular samsung a56","pt","br","27.1K","0.31"
3707,"Celular Samsung","YouTube","Ordem alfabética","a","celular samsung a16","pt","br","18.1K","0.42"
3708,"Celular Samsung","YouTube","Ordem alfabética","a","celular samsung a15","pt","br","12.1K","0.26"
3709,"Celular Samsung","YouTube","Ordem alfabética","a","celular samsung a06","pt","br","0","-"
3710,"Celular Samsung","YouTube","Ordem alfabética","a","celular samsung a55","pt","br","0","-"
3711,"Celular Samsung","YouTube","Ordem alfabética","a","celular samsung a36","pt","br","0","-"
3712,"Celular Samsung","YouTube","Ordem alfabética","a","celular samsung a17","pt","br","0","-"
3713,"Celular Samsung","YouTube","Ordem alfabética","a","celular samsung a07","pt","br","0","-"
3714,"Celular Samsung","YouTube","Ordem alfabética","a","celular samsung a26","pt","br","0","-"
3715,"Celular Samsung","YouTube","Ordem alfabética","a","celular samsung a14","pt","br","0","-"
3716,"Celular Samsung","YouTube","Ordem alfabética","a","celular samsung a05","pt","br","0","-"
3717,"Celular Samsung","YouTube","Ordem alfabética","a","celular samsung a05s","pt","br","0","-"
3718,"Celular Samsung","YouTube","Ordem alfabética","a","celular samsung a03","pt","br","0","-"
3719,"Celular Samsung","YouTube","Ordem alfabética","a","celular samsung a16 é bom","pt","br","0","-"
3720,"Celular Samsung","YouTube","Ordem alfabética","a","celular samsung a07 é bom","pt","br","0","-"
3721,"Celular Samsung","YouTube","Ordem alfabética","b","celular samsung barato","pt","br","22.2K","0.36"
3722,"Celular Samsung","YouTube","Ordem alfabética","b","celular samsung bom e barato","pt","br","8.1K","0.29"
3723,"Celular Samsung","YouTube","Ordem alfabética","b","celular samsung bom","pt","br","5.4K","0.23"
3724,"Celular Samsung","YouTube","Ordem alfabética","b","celular samsung bom e barato 2025","pt","br","0","-"
3725,"Celular Samsung","YouTube","Ordem alfabética","b","celular samsung bom e barato 2026","pt","br","0","-"
3726,"Celular Samsung","YouTube","Ordem alfabética","b","celular samsung bom para jogos","pt","br","0","-"
3727,"Celular Samsung","YouTube","Ordem alfabética","b","celular samsung bloqueado permanentemente","pt","br","0","-"
3728,"Celular Samsung","YouTube","Ordem alfabética","b","celular samsung bom e barato 2024","pt","br","0","-"
3729,"Celular Samsung","YouTube","Ordem alfabética","b","celular samsung bom 2025","pt","br","0","-"
3730,"Celular Samsung","YouTube","Ordem alfabética","b","celular samsung barato com camera boa","pt","br","0","-"
3731,"Celular Samsung","YouTube","Ordem alfabética","b","celular samsung bloqueado por 24 horas","pt","br","0","-"
3732,"Celular Samsung","YouTube","Ordem alfabética","b","celular samsung bloqueado como desbloquear","pt","br","0","-"
3733,"Celular Samsung","YouTube","Ordem alfabética","b","celular samsung barato 2025","pt","br","0","-"
3734,"Celular Samsung","YouTube","Ordem alfabética","b","celular samsung bloqueado conta google","pt","br","0","-"
3735,"Celular Samsung","YouTube","Ordem alfabética","b","celular samsung bloqueado pedindo pin","pt","br","0","-"
3736,"Celular Samsung","YouTube","Ordem alfabética","c","celular samsung com nfc","pt","br","1.9K","0.34"
3737,"Celular Samsung","YouTube","Ordem alfabética","c","celular samsung custo beneficio 2025","pt","br","1.6K","0.11"
3738,"Celular Samsung","YouTube","Ordem alfabética","c","celular samsung com camera boa","pt","br","1.0K","0.19"
3739,"Celular Samsung","YouTube","Ordem alfabética","c","celular samsung com melhor camera","pt","br","0","-"
3740,"Celular Samsung","YouTube","Ordem alfabética","c","celular samsung custo benefício","pt","br","0","-"
3741,"Celular Samsung","YouTube","Ordem alfabética","c","celular samsung carregando lento","pt","br","0","-"
3742,"Celular Samsung","YouTube","Ordem alfabética","c","celular samsung com listras na tela","pt","br","0","-"
3743,"Celular Samsung","YouTube","Ordem alfabética","c","celular samsung com a tela travada","pt","br","0","-"
3744,"Celular Samsung","YouTube","Ordem alfabética","c","celular samsung com tela preta","pt","br","0","-"
3745,"Celular Samsung","YouTube","Ordem alfabética","c","celular samsung caiu no chão e não liga mais","pt","br","0","-"
3746,"Celular Samsung","YouTube","Ordem alfabética","c","celular samsung carrega mas não liga","pt","br","0","-"
3747,"Celular Samsung","YouTube","Ordem alfabética","c","celular samsung com a tela travada o que fazer","pt","br","0","-"
3748,"Celular Samsung","YouTube","Ordem alfabética","c","celular samsung custo beneficio 2026","pt","br","0","-"
3749,"Celular Samsung","YouTube","Ordem alfabética","c","celular samsung com vírus como tirar","pt","br","0","-"
3750,"Celular Samsung","YouTube","Ordem alfabética","c","celular samsung cheio de anuncios","pt","br","0","-"
3751,"Celular Samsung","YouTube","Ordem alfabética","d","celular samsung dobravel","pt","br","2.4K","0.13"
3752,"Celular Samsung","YouTube","Ordem alfabética","d","celular samsung da linha s","pt","br","320","0.19"
3753,"Celular Samsung","YouTube","Ordem alfabética","d","celular samsung desligando sozinho","pt","br","210","0.19"
3754,"Celular Samsung","YouTube","Ordem alfabética","d","celular samsung descarregando rapido","pt","br","0","-"
3755,"Celular Samsung","YouTube","Ordem alfabética","d","celular samsung demorando para carregar","pt","br","0","-"
3756,"Celular Samsung","YouTube","Ordem alfabética","d","celular samsung desligou e não liga mais","pt","br","0","-"
3757,"Celular Samsung","YouTube","Ordem alfabética","d","celular samsung de três câmeras","pt","br","0","-"
3758,"Celular Samsung","YouTube","Ordem alfabética","d","celular samsung de duas câmeras","pt","br","0","-"
3759,"Celular Samsung","YouTube","Ordem alfabética","d","celular samsung duos","pt","br","0","-"
3760,"Celular Samsung","YouTube","Ordem alfabética","d","celular samsung demorando muito para carregar","pt","br","0","-"
3761,"Celular Samsung","YouTube","Ordem alfabética","d","celular samsung descarregou e não liga mais","pt","br","0","-"
3762,"Celular Samsung","YouTube","Ordem alfabética","d","celular samsung detectando umidade","pt","br","0","-"
3763,"Celular Samsung","YouTube","Ordem alfabética","d","celular samsung desliga sozinho e não liga mais","pt","br","0","-"
3764,"Celular Samsung","YouTube","Ordem alfabética","d","celular samsung descarregando muito rapido","pt","br","0","-"
3765,"Celular Samsung","YouTube","Ordem alfabética","d","celular samsung desligou e não quer ligar mais","pt","br","0","-"
3766,"Celular Samsung","YouTube","Ordem alfabética","e","celular samsung esquentando muito","pt","br","0","-"
3767,"Celular Samsung","YouTube","Ordem alfabética","e","celular samsung edge","pt","br","0","-"
3768,"Celular Samsung","YouTube","Ordem alfabética","e","celular samsung esquentando","pt","br","0","-"
3769,"Celular Samsung","YouTube","Ordem alfabética","e","celular samsung esta com a tela preta","pt","br","0","-"
3770,"Celular Samsung","YouTube","Ordem alfabética","e","celular samsung erro na camera","pt","br","0","-"
3771,"Celular Samsung","YouTube","Ordem alfabética","e","celular samsung escurece a tela","pt","br","0","-"
3772,"Celular Samsung","YouTube","Ordem alfabética","e","celular samsung esta sem som","pt","br","0","-"
3773,"Celular Samsung","YouTube","Ordem alfabética","e","celular samsung esta travando","pt","br","0","-"
3774,"Celular Samsung","YouTube","Ordem alfabética","e","celular samsung em 2025","pt","br","0","-"
3775,"Celular Samsung","YouTube","Ordem alfabética","e","celular samsung esta lento","pt","br","0","-"
3776,"Celular Samsung","YouTube","Ordem alfabética","e","celular samsung esquentando e travando","pt","br","0","-"
3777,"Celular Samsung","YouTube","Ordem alfabética","e","celular samsung esqueci a senha como desbloquear","pt","br","0","-"
3778,"Celular Samsung","YouTube","Ordem alfabética","e","celular samsung em loop infinito","pt","br","0","-"
3779,"Celular Samsung","YouTube","Ordem alfabética","e","celular samsung esquenta e não carrega","pt","br","0","-"
3780,"Celular Samsung","YouTube","Ordem alfabética","e","celular samsung está descarregando muito rápido","pt","br","0","-"
3781,"Celular Samsung","YouTube","Ordem alfabética","f","celular samsung flip","pt","br","2.4K","0.2"
3782,"Celular Samsung","YouTube","Ordem alfabética","f","celular samsung flip 7","pt","br","590","0.23"
3783,"Celular Samsung","YouTube","Ordem alfabética","f","celular samsung flip 6","pt","br","170","0.27"
3784,"Celular Samsung","YouTube","Ordem alfabética","f","celular samsung ficou preto e branco","pt","br","0","-"
3785,"Celular Samsung","YouTube","Ordem alfabética","f","celular samsung ficou com a tela preta","pt","br","0","-"
3786,"Celular Samsung","YouTube","Ordem alfabética","f","celular samsung falando sozinho","pt","br","0","-"
3787,"Celular Samsung","YouTube","Ordem alfabética","f","celular samsung fica piscando e não liga","pt","br","0","-"
3788,"Celular Samsung","YouTube","Ordem alfabética","f","celular samsung fica desligando sozinho","pt","br","0","-"
3789,"Celular Samsung","YouTube","Ordem alfabética","f","celular samsung formatar","pt","br","0","-"
3790,"Celular Samsung","YouTube","Ordem alfabética","f","celular samsung fica piscando a tela","pt","br","0","-"
3791,"Celular Samsung","YouTube","Ordem alfabética","f","celular samsung fica reiniciando e não liga","pt","br","0","-"
3792,"Celular Samsung","YouTube","Ordem alfabética","f","celular samsung fica ligando e desligando sozinho","pt","br","0","-"
3793,"Celular Samsung","YouTube","Ordem alfabética","f","celular samsung fechando aplicativos sozinho","pt","br","0","-"
3794,"Celular Samsung","YouTube","Ordem alfabética","f","celular samsung ficou preto e branco como resolver","pt","br","0","-"
3795,"Celular Samsung","YouTube","Ordem alfabética","f","celular samsung ficou sem som","pt","br","0","-"
3796,"Celular Samsung","YouTube","Ordem alfabética","g","celular samsung galaxy","pt","br","14.8K","0.39"
3797,"Celular Samsung","YouTube","Ordem alfabética","g","celular samsung galaxy s24 ultra","pt","br","4.4K","0.36"
3798,"Celular Samsung","YouTube","Ordem alfabética","g","celular samsung galaxy a16","pt","br","2.4K","0.55"
3799,"Celular Samsung","YouTube","Ordem alfabética","g","celular samsung galaxy a56","pt","br","0","-"
3800,"Celular Samsung","YouTube","Ordem alfabética","g","celular samsung galaxy s24","pt","br","0","-"
3801,"Celular Samsung","YouTube","Ordem alfabética","g","celular samsung galaxy a06","pt","br","0","-"
3802,"Celular Samsung","YouTube","Ordem alfabética","g","celular samsung galaxy s25 ultra","pt","br","0","-"
3803,"Celular Samsung","YouTube","Ordem alfabética","g","celular samsung galaxy s24 fe","pt","br","0","-"
3804,"Celular Samsung","YouTube","Ordem alfabética","g","celular samsung galaxy a26 5g 256gb","pt","br","0","-"
3805,"Celular Samsung","YouTube","Ordem alfabética","g","celular samsung galaxy a17","pt","br","0","-"
3806,"Celular Samsung","YouTube","Ordem alfabética","g","celular samsung galaxy a36","pt","br","0","-"
3807,"Celular Samsung","YouTube","Ordem alfabética","g","celular samsung galaxy a16 256gb + 8gb ram","pt","br","0","-"
3808,"Celular Samsung","YouTube","Ordem alfabética","g","celular samsung galaxy a26","pt","br","0","-"
3809,"Celular Samsung","YouTube","Ordem alfabética","g","celular samsung galaxy a07","pt","br","0","-"
3810,"Celular Samsung","YouTube","Ordem alfabética","g","celular samsung galaxy a16 128gb 4gb ram câmera 50mp tela 6.7 nfc preto","pt","br","0","-"
3811,"Celular Samsung","YouTube","Ordem alfabética","h","qual o melhor celular samsung hoje","pt","br","40","0.1"
3812,"Celular Samsung","YouTube","Ordem alfabética","h","celular samsung bloqueado por 24 horas","pt","br","30","-"
3813,"Celular Samsung","YouTube","Ordem alfabética","h","celular samsung toda hora aparecendo anúncio","pt","br","10","-"
3814,"Celular Samsung","YouTube","Ordem alfabética","h","formatar celular samsung hard reset","pt","br","0","-"
3815,"Celular Samsung","YouTube","Ordem alfabética","h","celular samsung apitando toda hora","pt","br","0","-"
3816,"Celular Samsung","YouTube","Ordem alfabética","h","celular samsung reiniciando toda hora","pt","br","0","-"
3817,"Celular Samsung","YouTube","Ordem alfabética","h","celular samsung travando toda hora","pt","br","0","-"
3818,"Celular Samsung","YouTube","Ordem alfabética","h","celular samsung detecta humedad","pt","br","0","-"
3819,"Celular Samsung","YouTube","Ordem alfabética","h","celular samsung hackeado","pt","br","0","-"
3820,"Celular Samsung","YouTube","Ordem alfabética","h","celular samsung tocando homem dorme","pt","br","0","-"
3821,"Celular Samsung","YouTube","Ordem alfabética","h","celular samsung demora 8 horas para carregar","pt","br","0","-"
3822,"Celular Samsung","YouTube","Ordem alfabética","h","celular samsung marca humedad","pt","br","0","-"
3823,"Celular Samsung","YouTube","Ordem alfabética","h","no carga mi celular samsung humedad","pt","br","0","-"
3824,"Celular Samsung","YouTube","Ordem alfabética","i","celular samsung intermediário 2025","pt","br","590","0.53"
3825,"Celular Samsung","YouTube","Ordem alfabética","i","celular samsung intermediário","pt","br","320","0.34"
3826,"Celular Samsung","YouTube","Ordem alfabética","i","celular samsung iphone","pt","br","170","0.19"
3827,"Celular Samsung","YouTube","Ordem alfabética","i","celular samsung intermediário 2026","pt","br","0","-"
3828,"Celular Samsung","YouTube","Ordem alfabética","i","celular samsung travado na tela inicial","pt","br","0","-"
3829,"Celular Samsung","YouTube","Ordem alfabética","i","celular samsung igual iphone","pt","br","0","-"
3830,"Celular Samsung","YouTube","Ordem alfabética","i","celular samsung ip68","pt","br","0","-"
3831,"Celular Samsung","YouTube","Ordem alfabética","i","celular samsung iniciando android","pt","br","0","-"
3832,"Celular Samsung","YouTube","Ordem alfabética","j","celular samsung j5 prime","pt","br","3.6K","0.06"
3833,"Celular Samsung","YouTube","Ordem alfabética","j","celular samsung j5","pt","br","1.0K","0.07"
3834,"Celular Samsung","YouTube","Ordem alfabética","j","celular samsung j7 prime","pt","br","1.0K","0.08"
3835,"Celular Samsung","YouTube","Ordem alfabética","j","celular samsung j7","pt","br","0","-"
3836,"Celular Samsung","YouTube","Ordem alfabética","j","celular samsung j2","pt","br","0","-"
3837,"Celular Samsung","YouTube","Ordem alfabética","j","celular samsung j8","pt","br","0","-"
3838,"Celular Samsung","YouTube","Ordem alfabética","j","celular samsung j4","pt","br","0","-"
3839,"Celular Samsung","YouTube","Ordem alfabética","j","celular samsung j6","pt","br","0","-"
3840,"Celular Samsung","YouTube","Ordem alfabética","j","celular samsung j1","pt","br","0","-"
3841,"Celular Samsung","YouTube","Ordem alfabética","j","celular samsung j2 prime","pt","br","0","-"
3842,"Celular Samsung","YouTube","Ordem alfabética","j","celular samsung j3","pt","br","0","-"
3843,"Celular Samsung","YouTube","Ordem alfabética","j","celular samsung j1 mini","pt","br","0","-"
3844,"Celular Samsung","YouTube","Ordem alfabética","j","celular samsung j4 nao quer ligar","pt","br","0","-"
3845,"Celular Samsung","YouTube","Ordem alfabética","j","celular samsung j7 prime não liga","pt","br","0","-"
3846,"Celular Samsung","YouTube","Ordem alfabética","j","celular samsung j2 core travado na tela inicial","pt","br","0","-"
3847,"Celular Samsung","YouTube","Ordem alfabética","k","celular de hello kitty samsung","pt","br","10","-"
3848,"Celular Samsung","YouTube","Ordem alfabética","k","personalizando meu celular samsung kpop","pt","br","0","-"
3849,"Celular Samsung","YouTube","Ordem alfabética","k","como formatar celular samsung k22","pt","br","0","-"
3850,"Celular Samsung","YouTube","Ordem alfabética","k","como formatar celular samsung k10","pt","br","0","-"
3851,"Celular Samsung","YouTube","Ordem alfabética","k","como decorar tu celular samsung kpop","pt","br","0","-"
3852,"Celular Samsung","YouTube","Ordem alfabética","k","personalizando mi celular samsung kpop","pt","br","0","-"
3853,"Celular Samsung","YouTube","Ordem alfabética","l","celular samsung lançamento","pt","br","9.9K","0.19"
3854,"Celular Samsung","YouTube","Ordem alfabética","l","celular samsung linha s","pt","br","4.4K","0.24"
3855,"Celular Samsung","YouTube","Ordem alfabética","l","celular samsung lançamento 2025","pt","br","1.9K","0.22"
3856,"Celular Samsung","YouTube","Ordem alfabética","l","celular samsung linha a","pt","br","0","-"
3857,"Celular Samsung","YouTube","Ordem alfabética","l","celular samsung linha m","pt","br","0","-"
3858,"Celular Samsung","YouTube","Ordem alfabética","l","celular samsung lento","pt","br","0","-"
3859,"Celular Samsung","YouTube","Ordem alfabética","l","celular samsung liga e desliga sozinha","pt","br","0","-"
3860,"Celular Samsung","YouTube","Ordem alfabética","l","celular samsung lento e travando","pt","br","0","-"
3861,"Celular Samsung","YouTube","Ordem alfabética","l","celular samsung lento para carregar","pt","br","0","-"
3862,"Celular Samsung","YouTube","Ordem alfabética","l","celular samsung lento e travando o'que fazer","pt","br","0","-"
3863,"Celular Samsung","YouTube","Ordem alfabética","l","celular samsung liga mas a tela fica preta","pt","br","0","-"
3864,"Celular Samsung","YouTube","Ordem alfabética","l","celular samsung liga mas nao inicia","pt","br","0","-"
3865,"Celular Samsung","YouTube","Ordem alfabética","l","celular samsung liga e desliga em seguida","pt","br","0","-"
3866,"Celular Samsung","YouTube","Ordem alfabética","l","celular samsung liga mas não aparece imagem","pt","br","0","-"
3867,"Celular Samsung","YouTube","Ordem alfabética","l","celular samsung liga e fica na tela samsung","pt","br","0","-"
3868,"Celular Samsung","YouTube","Ordem alfabética","m","celular samsung melhores","pt","br","9.9K","0.16"
3869,"Celular Samsung","YouTube","Ordem alfabética","m","celular samsung mais barato","pt","br","3.6K","0.33"
3870,"Celular Samsung","YouTube","Ordem alfabética","m","celular samsung m55","pt","br","2.4K","0.19"
3871,"Celular Samsung","YouTube","Ordem alfabética","m","celular samsung m15","pt","br","0","-"
3872,"Celular Samsung","YouTube","Ordem alfabética","m","celular samsung m35","pt","br","0","-"
3873,"Celular Samsung","YouTube","Ordem alfabética","m","celular samsung m53","pt","br","0","-"
3874,"Celular Samsung","YouTube","Ordem alfabética","m","celular samsung melhor custo benefício 2025","pt","br","0","-"
3875,"Celular Samsung","YouTube","Ordem alfabética","m","celular samsung m23","pt","br","0","-"
3876,"Celular Samsung","YouTube","Ordem alfabética","m","celular samsung m52","pt","br","0","-"
3877,"Celular Samsung","YouTube","Ordem alfabética","m","celular samsung molhou e não liga mais","pt","br","0","-"
3878,"Celular Samsung","YouTube","Ordem alfabética","m","celular samsung modo de segurança","pt","br","0","-"
3879,"Celular Samsung","YouTube","Ordem alfabética","m","celular samsung muito lento o que fazer","pt","br","0","-"
3880,"Celular Samsung","YouTube","Ordem alfabética","m","celular samsung mensagem de umidade","pt","br","0","-"
3881,"Celular Samsung","YouTube","Ordem alfabética","m","celular samsung mexendo sozinho","pt","br","0","-"
3882,"Celular Samsung","YouTube","Ordem alfabética","m","celular samsung mostra que está carregando mas não carrega","pt","br","0","-"
3883,"Celular Samsung","YouTube","Ordem alfabética","n","celular samsung não carrega","pt","br","1.9K","0.08"
3884,"Celular Samsung","YouTube","Ordem alfabética","n","celular samsung não liga","pt","br","880","0.32"
3885,"Celular Samsung","YouTube","Ordem alfabética","n","celular samsung nao quer carregar","pt","br","170","0.01"
3886,"Celular Samsung","YouTube","Ordem alfabética","n","celular samsung não quer ligar","pt","br","0","-"
3887,"Celular Samsung","YouTube","Ordem alfabética","n","celular samsung não está carregando","pt","br","0","-"
3888,"Celular Samsung","YouTube","Ordem alfabética","n","celular samsung nao sai audio","pt","br","0","-"
3889,"Celular Samsung","YouTube","Ordem alfabética","n","celular samsung não reinicia","pt","br","0","-"
3890,"Celular Samsung","YouTube","Ordem alfabética","n","celular samsung não responde ao toque na tela","pt","br","0","-"
3891,"Celular Samsung","YouTube","Ordem alfabética","n","celular samsung nao reconhece o chip","pt","br","0","-"
3892,"Celular Samsung","YouTube","Ordem alfabética","n","celular samsung não desbloqueia a tela","pt","br","0","-"
3893,"Celular Samsung","YouTube","Ordem alfabética","n","celular samsung nao quer carregar umidade","pt","br","0","-"
3894,"Celular Samsung","YouTube","Ordem alfabética","n","celular samsung nao conecta no wifi","pt","br","0","-"
3895,"Celular Samsung","YouTube","Ordem alfabética","n","celular samsung não carrega fica só piscando no raio","pt","br","0","-"
3896,"Celular Samsung","YouTube","Ordem alfabética","n","celular samsung nao carrega como resolver","pt","br","0","-"
3897,"Celular Samsung","YouTube","Ordem alfabética","n","celular samsung não desliga nem reinicia","pt","br","0","-"
3898,"Celular Samsung","YouTube","Ordem alfabética","o","celular samsung os melhores","pt","br","27.1K","0.06"
3899,"Celular Samsung","YouTube","Ordem alfabética","o","celular samsung ou motorola","pt","br","390","0.33"
3900,"Celular Samsung","YouTube","Ordem alfabética","o","celular samsung travou a tela o que fazer","pt","br","170","-"
3901,"Celular Samsung","YouTube","Ordem alfabética","o","celular samsung ou xiaomi","pt","br","0","-"
3902,"Celular Samsung","YouTube","Ordem alfabética","o","celular samsung original","pt","br","0","-"
3903,"Celular Samsung","YouTube","Ordem alfabética","o","celular samsung travando o'que fazer","pt","br","0","-"
3904,"Celular Samsung","YouTube","Ordem alfabética","o","celular samsung com virus o que fazer","pt","br","0","-"
3905,"Celular Samsung","YouTube","Ordem alfabética","o","celular samsung ou motorola qual o melhor","pt","br","0","-"
3906,"Celular Samsung","YouTube","Ordem alfabética","o","celular samsung ou xiaomi qual o melhor","pt","br","0","-"
3907,"Celular Samsung","YouTube","Ordem alfabética","o","celular samsung ou iphone","pt","br","0","-"
3908,"Celular Samsung","YouTube","Ordem alfabética","o","celular samsung lento e travando o'que fazer","pt","br","0","-"
3909,"Celular Samsung","YouTube","Ordem alfabética","o","celular samsung ou motorola 2025","pt","br","0","-"
3910,"Celular Samsung","YouTube","Ordem alfabética","o","celular samsung o smartphone está iniciando","pt","br","0","-"
3911,"Celular Samsung","YouTube","Ordem alfabética","p","celular samsung pequeno","pt","br","2.9K","0.18"
3912,"Celular Samsung","YouTube","Ordem alfabética","p","celular samsung pocket","pt","br","880","0.06"
3913,"Celular Samsung","YouTube","Ordem alfabética","p","celular samsung prova d'água","pt","br","590","0.24"
3914,"Celular Samsung","YouTube","Ordem alfabética","p","celular samsung para idoso","pt","br","0","-"
3915,"Celular Samsung","YouTube","Ordem alfabética","p","celular samsung para jogos","pt","br","0","-"
3916,"Celular Samsung","YouTube","Ordem alfabética","p","celular samsung parou de carregar","pt","br","0","-"
3917,"Celular Samsung","YouTube","Ordem alfabética","p","celular samsung piscando a tela e não liga","pt","br","0","-"
3918,"Celular Samsung","YouTube","Ordem alfabética","p","celular samsung parou de vibrar","pt","br","0","-"
3919,"Celular Samsung","YouTube","Ordem alfabética","p","celular samsung parou de funcionar o touch","pt","br","0","-"
3920,"Celular Samsung","YouTube","Ordem alfabética","p","celular samsung parou de sair som","pt","br","0","-"
3921,"Celular Samsung","YouTube","Ordem alfabética","p","celular samsung parou de funcionar do nada","pt","br","0","-"
3922,"Celular Samsung","YouTube","Ordem alfabética","p","celular samsung para comprar em 2025","pt","br","0","-"
3923,"Celular Samsung","YouTube","Ordem alfabética","p","celular samsung pedindo pin","pt","br","0","-"
3924,"Celular Samsung","YouTube","Ordem alfabética","p","celular samsung problema para carregar","pt","br","0","-"
3925,"Celular Samsung","YouTube","Ordem alfabética","p","celular samsung para comprar em 2026","pt","br","0","-"
3926,"Celular Samsung","YouTube","Ordem alfabética","q","celular samsung que dobra","pt","br","2.4K","0.11"
3927,"Celular Samsung","YouTube","Ordem alfabética","q","celular samsung que abre e fecha","pt","br","1.0K","0.11"
3928,"Celular Samsung","YouTube","Ordem alfabética","q","celular samsung qual o melhor","pt","br","720","0.23"
3929,"Celular Samsung","YouTube","Ordem alfabética","q","celular samsung que dobra no meio","pt","br","0","-"
3930,"Celular Samsung","YouTube","Ordem alfabética","q","celular samsung quadrado","pt","br","0","-"
3931,"Celular Samsung","YouTube","Ordem alfabética","q","celular samsung que parece iphone","pt","br","0","-"
3932,"Celular Samsung","YouTube","Ordem alfabética","q","celular samsung que vira tablet","pt","br","0","-"
3933,"Celular Samsung","YouTube","Ordem alfabética","q","celular samsung que carrega por indução","pt","br","0","-"
3934,"Celular Samsung","YouTube","Ordem alfabética","q","celular samsung qual comprar","pt","br","0","-"
3935,"Celular Samsung","YouTube","Ordem alfabética","q","celular samsung que tem nfc","pt","br","0","-"
3936,"Celular Samsung","YouTube","Ordem alfabética","q","celular samsung qual o melhor custo beneficio","pt","br","0","-"
3937,"Celular Samsung","YouTube","Ordem alfabética","q","celular samsung quebrado","pt","br","0","-"
3938,"Celular Samsung","YouTube","Ordem alfabética","q","celular samsung que tem a melhor câmera","pt","br","0","-"
3939,"Celular Samsung","YouTube","Ordem alfabética","q","celular samsung quebrou o botao de ligar","pt","br","0","-"
3940,"Celular Samsung","YouTube","Ordem alfabética","q","celular samsung que não quer ligar","pt","br","0","-"
3941,"Celular Samsung","YouTube","Ordem alfabética","r","celular samsung rosa","pt","br","1.9K","0.16"
3942,"Celular Samsung","YouTube","Ordem alfabética","r","celular samsung roxo","pt","br","590","0.17"
3943,"Celular Samsung","YouTube","Ordem alfabética","r","celular samsung reiniciando sozinho","pt","br","210","0.31"
3944,"Celular Samsung","YouTube","Ordem alfabética","r","celular samsung reiniciando e não liga","pt","br","0","-"
3945,"Celular Samsung","YouTube","Ordem alfabética","r","celular samsung resistente a queda","pt","br","0","-"
3946,"Celular Samsung","YouTube","Ordem alfabética","r","celular samsung resistente","pt","br","0","-"
3947,"Celular Samsung","YouTube","Ordem alfabética","r","celular samsung resistente à água","pt","br","0","-"
3948,"Celular Samsung","YouTube","Ordem alfabética","r","celular samsung resistente a agua e queda","pt","br","0","-"
3949,"Celular Samsung","YouTube","Ordem alfabética","r","celular samsung reiniciando sozinho como resolver","pt","br","0","-"
3950,"Celular Samsung","YouTube","Ordem alfabética","r","celular samsung reiniciando toda hora","pt","br","0","-"
3951,"Celular Samsung","YouTube","Ordem alfabética","r","celular samsung review","pt","br","0","-"
3952,"Celular Samsung","YouTube","Ordem alfabética","r","celular samsung reiniciando","pt","br","0","-"
3953,"Celular Samsung","YouTube","Ordem alfabética","r","celular samsung restaurar de fabrica","pt","br","0","-"
3954,"Celular Samsung","YouTube","Ordem alfabética","r","celular samsung reset","pt","br","0","-"
3955,"Celular Samsung","YouTube","Ordem alfabética","r","celular samsung recondicionado vale a pena","pt","br","0","-"
3956,"Celular Samsung","YouTube","Ordem alfabética","s","celular samsung s23","pt","br","33.1K","0.22"
3957,"Celular Samsung","YouTube","Ordem alfabética","s","celular samsung s24","pt","br","33.1K","0.3"
3958,"Celular Samsung","YouTube","Ordem alfabética","s","celular samsung s25","pt","br","22.2K","0.54"
3959,"Celular Samsung","YouTube","Ordem alfabética","s","celular samsung s24 ultra","pt","br","0","-"
3960,"Celular Samsung","YouTube","Ordem alfabética","s","celular samsung s25 ultra","pt","br","0","-"
3961,"Celular Samsung","YouTube","Ordem alfabética","s","celular samsung s23 ultra","pt","br","0","-"
3962,"Celular Samsung","YouTube","Ordem alfabética","s","celular samsung s22","pt","br","0","-"
3963,"Celular Samsung","YouTube","Ordem alfabética","s","celular samsung s24 fe","pt","br","0","-"
3964,"Celular Samsung","YouTube","Ordem alfabética","s","celular samsung s20","pt","br","0","-"
3965,"Celular Samsung","YouTube","Ordem alfabética","s","celular samsung s25 fe","pt","br","0","-"
3966,"Celular Samsung","YouTube","Ordem alfabética","s","celular samsung s21","pt","br","0","-"
3967,"Celular Samsung","YouTube","Ordem alfabética","s","celular samsung s24 plus","pt","br","0","-"
3968,"Celular Samsung","YouTube","Ordem alfabética","s","celular samsung s20 fe","pt","br","0","-"
3969,"Celular Samsung","YouTube","Ordem alfabética","s","celular samsung sem som","pt","br","0","-"
3970,"Celular Samsung","YouTube","Ordem alfabética","s","celular samsung sem audio","pt","br","0","-"
3971,"Celular Samsung","YouTube","Ordem alfabética","t","celular samsung travou a tela","pt","br","390","-"
3972,"Celular Samsung","YouTube","Ordem alfabética","t","celular samsung travou o que fazer","pt","br","260","-"
3973,"Celular Samsung","YouTube","Ordem alfabética","t","celular samsung travado","pt","br","210","-"
3974,"Celular Samsung","YouTube","Ordem alfabética","t","celular samsung travado na tela inicial","pt","br","0","-"
3975,"Celular Samsung","YouTube","Ordem alfabética","t","celular samsung travou a tela o que fazer","pt","br","0","-"
3976,"Celular Samsung","YouTube","Ordem alfabética","t","celular samsung tela preta","pt","br","0","-"
3977,"Celular Samsung","YouTube","Ordem alfabética","t","celular samsung travou e não desliga","pt","br","0","-"
3978,"Celular Samsung","YouTube","Ordem alfabética","t","celular samsung travando muito","pt","br","0","-"
3979,"Celular Samsung","YouTube","Ordem alfabética","t","celular samsung travado na tela de bloqueio","pt","br","0","-"
3980,"Celular Samsung","YouTube","Ordem alfabética","t","celular samsung travando muito o que fazer","pt","br","0","-"
3981,"Celular Samsung","YouTube","Ordem alfabética","t","celular samsung travando como resolver","pt","br","0","-"
3982,"Celular Samsung","YouTube","Ordem alfabética","t","celular samsung travado como destravar","pt","br","0","-"
3983,"Celular Samsung","YouTube","Ordem alfabética","t","celular samsung tocando","pt","br","0","-"
3984,"Celular Samsung","YouTube","Ordem alfabética","t","celular samsung travando touch","pt","br","0","-"
3985,"Celular Samsung","YouTube","Ordem alfabética","t","celular samsung toda hora aparecendo anúncio","pt","br","0","-"
3986,"Celular Samsung","YouTube","Ordem alfabética","u","celular samsung galaxy s24 ultra","pt","br","4.4K","0.36"
3987,"Celular Samsung","YouTube","Ordem alfabética","u","celular samsung s23 ultra","pt","br","3.6K","0.2"
3988,"Celular Samsung","YouTube","Ordem alfabética","u","celular samsung s26 ultra","pt","br","1.9K","0.36"
3989,"Celular Samsung","YouTube","Ordem alfabética","u","celular samsung ultra","pt","br","0","-"
3990,"Celular Samsung","YouTube","Ordem alfabética","u","celular samsung usado","pt","br","0","-"
3991,"Celular Samsung","YouTube","Ordem alfabética","u","celular samsung s22 ultra","pt","br","0","-"
3992,"Celular Samsung","YouTube","Ordem alfabética","u","celular samsung note 20 ultra","pt","br","0","-"
3993,"Celular Samsung","YouTube","Ordem alfabética","u","celular samsung galaxy s23 ultra","pt","br","0","-"
3994,"Celular Samsung","YouTube","Ordem alfabética","u","celular samsung ultra 24","pt","br","0","-"
3995,"Celular Samsung","YouTube","Ordem alfabética","u","celular samsung ultra s24","pt","br","0","-"
3996,"Celular Samsung","YouTube","Ordem alfabética","u","celular samsung ultra 25","pt","br","0","-"
3997,"Celular Samsung","YouTube","Ordem alfabética","u","celular samsung ultra 23","pt","br","0","-"
3998,"Celular Samsung","YouTube","Ordem alfabética","u","celular samsung umidade usb","pt","br","0","-"
3999,"Celular Samsung","YouTube","Ordem alfabética","u","celular samsung detectando umidade","pt","br","0","-"
4000,"Celular Samsung","YouTube","Ordem alfabética","u","celular samsung ultimo modelo 2025","pt","br","0","-"
4001,"Celular Samsung","YouTube","Ordem alfabética","v","celular samsung vermelho","pt","br","480","0.12"
4002,"Celular Samsung","YouTube","Ordem alfabética","v","celular samsung verde","pt","br","320","0.22"
4003,"Celular Samsung","YouTube","Ordem alfabética","v","celular samsung vibrando sozinho","pt","br","110","-"
4004,"Celular Samsung","YouTube","Ordem alfabética","v","celular samsung com virus o que fazer","pt","br","0","-"
4005,"Celular Samsung","YouTube","Ordem alfabética","v","celular samsung vibrando sem parar","pt","br","0","-"
4006,"Celular Samsung","YouTube","Ordem alfabética","v","celular samsung vibra mas não liga","pt","br","0","-"
4007,"Celular Samsung","YouTube","Ordem alfabética","v","celular samsung vs iphone","pt","br","0","-"
4008,"Celular Samsung","YouTube","Ordem alfabética","v","celular samsung virus","pt","br","0","-"
4009,"Celular Samsung","YouTube","Ordem alfabética","v","celular samsung volume baixo","pt","br","0","-"
4010,"Celular Samsung","YouTube","Ordem alfabética","v","celular samsung vale a pena","pt","br","0","-"
4011,"Celular Samsung","YouTube","Ordem alfabética","v","celular samsung voltando sozinho","pt","br","0","-"
4012,"Celular Samsung","YouTube","Ordem alfabética","v","celular samsung nao vibra como resolver","pt","br","0","-"
4013,"Celular Samsung","YouTube","Ordem alfabética","v","celular samsung vira pc","pt","br","0","-"
4014,"Celular Samsung","YouTube","Ordem alfabética","v","celular samsung virus propaganda","pt","br","0","-"
4015,"Celular Samsung","YouTube","Ordem alfabética","w","celular samsung nao quer conectar wifi","pt","br","30","-"
4016,"Celular Samsung","YouTube","Ordem alfabética","w","celular samsung nao pega wifi","pt","br","20","-"
4017,"Celular Samsung","YouTube","Ordem alfabética","w","celular samsung desconectando do wifi","pt","br","20","-"
4018,"Celular Samsung","YouTube","Ordem alfabética","w","celular samsung como webcam","pt","br","0","-"
4019,"Celular Samsung","YouTube","Ordem alfabética","w","celular samsung nao entra wifi","pt","br","0","-"
4020,"Celular Samsung","YouTube","Ordem alfabética","w","celular samsung nao notifica whatsapp","pt","br","0","-"
4021,"Celular Samsung","YouTube","Ordem alfabética","w","celular samsung não conecta wifi erro de autenticação","pt","br","0","-"
4022,"Celular Samsung","YouTube","Ordem alfabética","w","celular samsung nao liga wifi","pt","br","0","-"
4023,"Celular Samsung","YouTube","Ordem alfabética","w","celular samsung não ativa o wi-fi","pt","br","0","-"
4024,"Celular Samsung","YouTube","Ordem alfabética","w","celular samsung nao acha rede wifi","pt","br","0","-"
4025,"Celular Samsung","YouTube","Ordem alfabética","w","celular samsung w26","pt","br","0","-"
4026,"Celular Samsung","YouTube","Ordem alfabética","w","celular samsung w2019","pt","br","0","-"
4027,"Celular Samsung","YouTube","Ordem alfabética","w","celular samsung wifi nao funciona","pt","br","0","-"
4028,"Celular Samsung","YouTube","Ordem alfabética","w","celular samsung sem pegar wifi","pt","br","0","-"
4029,"Celular Samsung","YouTube","Ordem alfabética","x","celular samsung xcover pro","pt","br","50","0.14"
4030,"Celular Samsung","YouTube","Ordem alfabética","x","celular samsung x xiaomi","pt","br","40","0.1"
4031,"Celular Samsung","YouTube","Ordem alfabética","x","celular motorola x samsung","pt","br","40","0.13"
4032,"Celular Samsung","YouTube","Ordem alfabética","x","celular samsung x iphone","pt","br","0","-"
4033,"Celular Samsung","YouTube","Ordem alfabética","x","celular samsung a15 x a16","pt","br","0","-"
4034,"Celular Samsung","YouTube","Ordem alfabética","x","celular samsung galaxy xcover 7","pt","br","0","-"
4035,"Celular Samsung","YouTube","Ordem alfabética","y","celular samsung bueno y barato 2025","pt","br","10","-"
4036,"Celular Samsung","YouTube","Ordem alfabética","y","celular samsung barato y bueno","pt","br","10","-"
4037,"Celular Samsung","YouTube","Ordem alfabética","y","celular samsung bueno bonito y barato","pt","br","10","-"
4038,"Celular Samsung","YouTube","Ordem alfabética","y","celular samsung se cayo y no prende","pt","br","0","-"
4039,"Celular Samsung","YouTube","Ordem alfabética","y","celular samsung não abre youtube","pt","br","0","-"
4040,"Celular Samsung","YouTube","Ordem alfabética","y","personalizando meu celular samsung youtela","pt","br","0","-"
4041,"Celular Samsung","YouTube","Ordem alfabética","y","analise celular samsung galaxy young","pt","br","0","-"
4042,"Celular Samsung","YouTube","Ordem alfabética","y","celular samsung a71 caracteristicas y especificaciones","pt","br","0","-"
4043,"Celular Samsung","YouTube","Ordem alfabética","y","celular samsung prende y se apaga","pt","br","0","-"
4044,"Celular Samsung","YouTube","Ordem alfabética","y","celular samsung economico y bueno 2025","pt","br","0","-"
4045,"Celular Samsung","YouTube","Ordem alfabética","y","actualice mi celular samsung y no prende","pt","br","0","-"
4046,"Celular Samsung","YouTube","Ordem alfabética","z","celular samsung z flip","pt","br","1.3K","0.15"
4047,"Celular Samsung","YouTube","Ordem alfabética","z","celular samsung z fold 7","pt","br","480","0.28"
4048,"Celular Samsung","YouTube","Ordem alfabética","z","celular samsung z flip 7","pt","br","390","0.24"
4049,"Celular Samsung","YouTube","Ordem alfabética","z","celular samsung z fold 6","pt","br","0","-"
4050,"Celular Samsung","YouTube","Ordem alfabética","z","celular samsung z fold","pt","br","0","-"
4051,"Celular Samsung","YouTube","Ordem alfabética","z","celular samsung z flip 6","pt","br","0","-"
4052,"Celular Samsung","YouTube","Ordem alfabética","z","celular samsung z flip 5","pt","br","0","-"
4053,"Celular Samsung","YouTube","Ordem alfabética","z","celular samsung z flip 4","pt","br","0","-"
4054,"Celular Samsung","YouTube","Ordem alfabética","z","celular samsung z fold 5","pt","br","0","-"
4055,"Celular Samsung","YouTube","Ordem alfabética","z","celular samsung z flip 3","pt","br","0","-"
4056,"Celular Samsung","YouTube","Ordem alfabética","z","celular samsung z fold 4","pt","br","0","-"
4057,"Celular Samsung","YouTube","Ordem alfabética","z","celular samsung zoom 100x","pt","br","0","-"
4058,"Celular Samsung","YouTube","Ordem alfabética","z","celular samsung z flip 7 fe","pt","br","0","-"
4059,"Celular Samsung","YouTube","Ordem alfabética","z","celular samsung zerou a bateria e não carrega","pt","br","0","-"
4060,"Celular Samsung","YouTube","Comparações","e","celular samsung bom e barato","pt","br","8.1K","0.29"
4061,"Celular Samsung","YouTube","Comparações","e","celular samsung bom e barato 2025","pt","br","1.3K","0.39"
4062,"Celular Samsung","YouTube","Comparações","e","celular samsung bom e barato 2026","pt","br","480","0.33"
4063,"Celular Samsung","YouTube","Comparações","e","celular samsung travou e não desliga","pt","br","0","-"
4064,"Celular Samsung","YouTube","Comparações","e","celular samsung lento e travando","pt","br","0","-"
4065,"Celular Samsung","YouTube","Comparações","e","celular samsung preto e branco","pt","br","0","-"
4066,"Celular Samsung","YouTube","Comparações","ou","celular samsung ou motorola","pt","br","390","0.33"
4067,"Celular Samsung","YouTube","Comparações","ou","celular samsung ou xiaomi","pt","br","110","0.06"
4068,"Celular Samsung","YouTube","Comparações","ou","celular samsung ou motorola qual o melhor","pt","br","70","0.07"
4069,"Celular Samsung","YouTube","Comparações","ou","celular samsung ou xiaomi qual o melhor","pt","br","0","-"
4070,"Celular Samsung","YouTube","Comparações","ou","qual o melhor celular samsung ou redmi","pt","br","0","-"
4071,"Celular Samsung","YouTube","Comparações","ou","celular samsung ou iphone","pt","br","0","-"
4072,"Celular Samsung","YouTube","Comparações","ou","celular samsung a15 ou a16","pt","br","0","-"
4073,"Celular Samsung","YouTube","Comparações","ou","celular samsung s23 ou s24","pt","br","0","-"
4074,"Celular Samsung","YouTube","Comparações","ou","celular samsung linha a ou m","pt","br","0","-"
4075,"Celular Samsung","YouTube","Comparações","ou","celular samsung ou motorola 2025","pt","br","0","-"
4076,"Celular Samsung","YouTube","Comparações","ou","celular samsung a36 ou a56","pt","br","0","-"
4077,"Celular Samsung","YouTube","Comparações","ou","celular samsung a55 ou a56","pt","br","0","-"
4078,"Celular Samsung","YouTube","Comparações","ou","qual celular comprar samsung ou motorola","pt","br","0","-"
4079,"Celular Samsung","YouTube","Comparações","ou","celular samsung a16 ou a26","pt","br","0","-"
4080,"Celular Samsung","YouTube","Comparações","ou","celular redmi ou samsung","pt","br","0","-"
4081,"Celular Samsung","YouTube","Comparações","vs","celular samsung vs iphone","pt","br","10","-"
4082,"Celular Samsung","YouTube","Comparações","vs","celular samsung a55 vs a56","pt","br","10","-"
4083,"Celular Samsung","YouTube","Comparações","vs","celular samsung a15 vs a16","pt","br","10","-"
4084,"Celular Samsung","YouTube","Comparações","vs","celular samsung a35 vs a55","pt","br","0","-"
4085,"Celular Samsung","YouTube","Comparações","vs","celular samsung m55 vs a55","pt","br","0","-"
4086,"Celular Samsung","YouTube","Comparações","vs","celular oppo vs samsung","pt","br","0","-"
4087,"Celular Samsung","YouTube","Comparações","vs","celular honor vs samsung","pt","br","0","-"
4088,"Celular Samsung","YouTube","Comparações","vs","celular samsung a26 vs a36","pt","br","0","-"
4089,"Celular Samsung","YouTube","Comparações","vs","celular samsung a17 vs a26","pt","br","0","-"
4090,"Celular Samsung","YouTube","Números","0","celular samsung 05s","pt","br","210","0.16"
4091,"Celular Samsung","YouTube","Números","0","celular samsung 07","pt","br","170","0.29"
4092,"Celular Samsung","YouTube","Números","1","celular samsung 128gb","pt","br","5.4K","0.57"
4093,"Celular Samsung","YouTube","Números","1","celular samsung a 16 5g","pt","br","2.9K","0.39"
4094,"Celular Samsung","YouTube","Números","1","celular samsung a06 128gb","pt","br","1.3K","0.38"
4095,"Celular Samsung","YouTube","Números","1","celular samsung a16 128gb","pt","br","0","-"
4096,"Celular Samsung","YouTube","Números","1","celular samsung 16","pt","br","0","-"
4097,"Celular Samsung","YouTube","Números","1","celular samsung 15","pt","br","0","-"
4098,"Celular Samsung","YouTube","Números","1","celular samsung 17","pt","br","0","-"
4099,"Celular Samsung","YouTube","Números","1","celular samsung 14","pt","br","0","-"
4100,"Celular Samsung","YouTube","Números","1","celular samsung 10","pt","br","0","-"
4101,"Celular Samsung","YouTube","Números","1","celular samsung 13","pt","br","0","-"
4102,"Celular Samsung","YouTube","Números","1","celular samsung 1000 reais","pt","br","0","-"
4103,"Celular Samsung","YouTube","Números","1","celular samsung 1500 reais","pt","br","0","-"
4104,"Celular Samsung","YouTube","Números","1","celular samsung 12","pt","br","0","-"
4105,"Celular Samsung","YouTube","Números","1","celular samsung 11","pt","br","0","-"
4106,"Celular Samsung","YouTube","Números","1","celular samsung 10s","pt","br","0","-"
4107,"Celular Samsung","YouTube","Números","2","celular samsung 256gb","pt","br","33.1K","0.56"
4108,"Celular Samsung","YouTube","Números","2","celular samsung 2025","pt","br","6.6K","0.23"
4109,"Celular Samsung","YouTube","Números","2","celular samsung 2026","pt","br","2.9K","0.23"
4110,"Celular Samsung","YouTube","Números","2","celular samsung 256gb 5g","pt","br","0","-"
4111,"Celular Samsung","YouTube","Números","2","celular samsung 2024","pt","br","0","-"
4112,"Celular Samsung","YouTube","Números","2","celular samsung 25","pt","br","0","-"
4113,"Celular Samsung","YouTube","Números","2","celular samsung 26","pt","br","0","-"
4114,"Celular Samsung","YouTube","Números","2","celular samsung 2010","pt","br","0","-"
4115,"Celular Samsung","YouTube","Números","2","celular samsung 2 cameras","pt","br","0","-"
4116,"Celular Samsung","YouTube","Números","2","celular samsung 2023","pt","br","0","-"
4117,"Celular Samsung","YouTube","Números","2","celular samsung 2025 custo beneficio","pt","br","0","-"
4118,"Celular Samsung","YouTube","Números","2","celular samsung 21s","pt","br","0","-"
4119,"Celular Samsung","YouTube","Números","2","celular samsung 25 ultra","pt","br","0","-"
4120,"Celular Samsung","YouTube","Números","3","celular samsung 3 câmeras","pt","br","880","0.16"
4121,"Celular Samsung","YouTube","Números","3","celular samsung 35","pt","br","320","0.16"
4122,"Celular Samsung","YouTube","Números","3","celular samsung 32","pt","br","210","0.24"
4123,"Celular Samsung","YouTube","Números","3","celular samsung 32gb","pt","br","0","-"
4124,"Celular Samsung","YouTube","Números","4","celular samsung z flip 4","pt","br","170","0.14"
4125,"Celular Samsung","YouTube","Números","4","celular samsung a15 4g","pt","br","170","0.2"
4126,"Celular Samsung","YouTube","Números","4","celular samsung galaxy a07 128gb 4gb","pt","br","140","0.35"
4127,"Celular Samsung","YouTube","Números","4","celular samsung a16 4g","pt","br","0","-"
4128,"Celular Samsung","YouTube","Números","4","celular samsung a22 4g","pt","br","0","-"
4129,"Celular Samsung","YouTube","Números","4","celular samsung 4 câmeras","pt","br","0","-"
4130,"Celular Samsung","YouTube","Números","4","celular samsung 4k","pt","br","0","-"
4131,"Celular Samsung","YouTube","Números","4","celular samsung galaxy a17 4g","pt","br","0","-"
4132,"Celular Samsung","YouTube","Números","4","celular samsung galaxy a15 4g","pt","br","0","-"
4133,"Celular Samsung","YouTube","Números","4","celular samsung a16 4g é bom","pt","br","0","-"
4134,"Celular Samsung","YouTube","Números","4","celular samsung a14 4g 128gb é bom","pt","br","0","-"
4135,"Celular Samsung","YouTube","Números","4","celular samsung galaxy a16 4g","pt","br","0","-"
4136,"Celular Samsung","YouTube","Números","4","como formatar celular samsung 4g duos","pt","br","0","-"
4137,"Celular Samsung","YouTube","Números","4","celular samsung a17 4g","pt","br","0","-"
4138,"Celular Samsung","YouTube","Números","4","formatar celular samsung 4 camera","pt","br","0","-"
4139,"Celular Samsung","YouTube","Números","5","celular samsung 5g","pt","br","5.4K","0.43"
4140,"Celular Samsung","YouTube","Números","5","celular samsung 512gb","pt","br","2.4K","0.37"
4141,"Celular Samsung","YouTube","Números","5","celular samsung a16 5g","pt","br","2.4K","0.45"
4142,"Celular Samsung","YouTube","Números","5","celular samsung a17 5g","pt","br","0","-"
4143,"Celular Samsung","YouTube","Números","5","celular samsung 56","pt","br","0","-"
4144,"Celular Samsung","YouTube","Números","5","celular samsung a36 5g","pt","br","0","-"
4145,"Celular Samsung","YouTube","Números","5","celular samsung 55","pt","br","0","-"
4146,"Celular Samsung","YouTube","Números","5","celular samsung a55 5g","pt","br","0","-"
4147,"Celular Samsung","YouTube","Números","5","celular samsung 5g mais barato","pt","br","0","-"
4148,"Celular Samsung","YouTube","Números","5","celular samsung a26 5g","pt","br","0","-"
4149,"Celular Samsung","YouTube","Números","5","celular samsung 5g melhor custo beneficio","pt","br","0","-"
4150,"Celular Samsung","YouTube","Números","6","celular samsung 64gb","pt","br","590","0.34"
4151,"Celular Samsung","YouTube","Números","6","celular samsung 6gb ram","pt","br","480","0.51"
4152,"Celular Samsung","YouTube","Números","6","celular samsung flip 6","pt","br","170","0.27"
4153,"Celular Samsung","YouTube","Números","6","celular samsung ate 600 reais","pt","br","0","-"
4154,"Celular Samsung","YouTube","Números","6","celular samsung z flip 6","pt","br","0","-"
4155,"Celular Samsung","YouTube","Números","6","celular samsung galaxy z flip 6","pt","br","0","-"
4156,"Celular Samsung","YouTube","Números","6","celular samsung 6000mah","pt","br","0","-"
4157,"Celular Samsung","YouTube","Números","6","celular samsung fold 6","pt","br","0","-"
4158,"Celular Samsung","YouTube","Números","6","celular samsung galaxy z fold 6","pt","br","0","-"
4159,"Celular Samsung","YouTube","Números","6","celular samsung galaxy a03 64gb","pt","br","0","-"
4160,"Celular Samsung","YouTube","Números","6","celular samsung sm-a057m/ds 6gb 128gb 6.6","pt","br","0","-"
4161,"Celular Samsung","YouTube","Números","6","formatar celular samsung a 6","pt","br","0","-"
4162,"Celular Samsung","YouTube","Números","6","celular samsung galaxy a06 tela 6.7","pt","br","0","-"
4163,"Celular Samsung","YouTube","Números","7","celular samsung a 70","pt","br","590","0.12"
4164,"Celular Samsung","YouTube","Números","7","celular samsung flip 7","pt","br","590","0.23"
4165,"Celular Samsung","YouTube","Números","7","celular samsung a 75","pt","br","480","0.09"
4166,"Celular Samsung","YouTube","Números","7","celular samsung z fold 7","pt","br","0","-"
4167,"Celular Samsung","YouTube","Números","7","celular samsung z flip 7","pt","br","0","-"
4168,"Celular Samsung","YouTube","Números","7","celular samsung galaxy z fold 7","pt","br","0","-"
4169,"Celular Samsung","YouTube","Números","7","celular samsung ate 700 reais","pt","br","0","-"
4170,"Celular Samsung","YouTube","Números","7","celular samsung 7000mah","pt","br","0","-"
4171,"Celular Samsung","YouTube","Números","7","celular samsung galaxy 7","pt","br","0","-"
4172,"Celular Samsung","YouTube","Números","7","celular samsung galaxy z flip 7 5g","pt","br","0","-"
4173,"Celular Samsung","YouTube","Números","7","celular samsung galaxy z flip 7 fe","pt","br","0","-"
4174,"Celular Samsung","YouTube","Números","7","celular samsung z flip 7 fe","pt","br","0","-"
4175,"Celular Samsung","YouTube","Números","7","formatar celular samsung 7","pt","br","0","-"
4176,"Celular Samsung","YouTube","Números","7","formatar celular samsung a 70","pt","br","0","-"
4177,"Celular Samsung","YouTube","Números","8","celular samsung 8gb ram","pt","br","1.0K","0.59"
4178,"Celular Samsung","YouTube","Números","8","celular samsung a15 256gb 8gb ram","pt","br","170","0.33"
4179,"Celular Samsung","YouTube","Números","8","celular samsung até 800 reais","pt","br","170","0.42"
4180,"Celular Samsung","YouTube","Números","8","celular samsung galaxy note 8","pt","br","0","-"
4181,"Celular Samsung","YouTube","Números","8","celular samsung so carrega ate 85","pt","br","0","-"
4182,"Celular Samsung","YouTube","Números","8","celular samsung demora 8 horas para carregar","pt","br","0","-"
4183,"Celular Samsung","YouTube","Números","8","celular samsung a07 256gb 8gb ram","pt","br","0","-"
4184,"Celular Samsung","YouTube","Números","9","celular samsung note 9","pt","br","90","0.07"
4185,"Celular Samsung","YouTube","Números","9","celular samsung ate 900 reais","pt","br","70","0.14"
4186,"Celular Samsung","YouTube","Números","9","celular samsung galaxy note 9","pt","br","20","-"
4187,"Celular Samsung","YouTube","Números","9","formatar celular samsung note 9","pt","br","0","-"
4188,"Celular Samsung","YouTube","Números","9","como formatear un celular samsung 9","pt","br","0","-"
4189,"Celular Samsung","YouTube","Preposições","com","celular samsung com nfc","pt","br","1.9K","0.34"
4190,"Celular Samsung","YouTube","Preposições","com","celular samsung com caneta","pt","br","1.0K","0.15"
4191,"Celular Samsung","YouTube","Preposições","com","celular samsung com camera boa","pt","br","1.0K","0.19"
4192,"Celular Samsung","YouTube","Preposições","com","celular samsung com melhor camera","pt","br","0","-"
4193,"Celular Samsung","YouTube","Preposições","com","celular samsung com camera boa e barato","pt","br","0","-"
4194,"Celular Samsung","YouTube","Preposições","com","celular samsung com vírus","pt","br","0","-"
4195,"Celular Samsung","YouTube","Preposições","com","celular samsung com listras na tela","pt","br","0","-"
4196,"Celular Samsung","YouTube","Preposições","com","celular samsung com melhor bateria","pt","br","0","-"
4197,"Celular Samsung","YouTube","Preposições","com","celular samsung com a tela travada","pt","br","0","-"
4198,"Celular Samsung","YouTube","Preposições","com","celular samsung com tela preta","pt","br","0","-"
4199,"Celular Samsung","YouTube","Preposições","com","celular samsung com a tela travada o que fazer","pt","br","0","-"
4200,"Celular Samsung","YouTube","Preposições","com","celular samsung com carregamento lento","pt","br","0","-"
4201,"Celular Samsung","YouTube","Preposições","com","celular samsung com cadeado na tela","pt","br","0","-"
4202,"Celular Samsung","YouTube","Preposições","com","celular samsung com listras verticais na tela","pt","br","0","-"
4203,"Celular Samsung","YouTube","Preposições","com","celular samsung com vírus como tirar","pt","br","0","-"
4204,"Celular Samsung","YouTube","Preposições","como","propaganda no celular samsung como tirar","pt","br","0","-"
4205,"Celular Samsung","YouTube","Preposições","como","celular samsung como formatar","pt","br","0","-"
4206,"Celular Samsung","YouTube","Preposições","como","celular samsung como tirar print","pt","br","0","-"
4207,"Celular Samsung","YouTube","Preposições","como","celular samsung como desbloquear","pt","br","0","-"
4208,"Celular Samsung","YouTube","Preposições","como","celular samsung como abrir","pt","br","0","-"
4209,"Celular Samsung","YouTube","Preposições","como","celular samsung como webcam","pt","br","0","-"
4210,"Celular Samsung","YouTube","Preposições","como","celular samsung como resetar","pt","br","0","-"
4211,"Celular Samsung","YouTube","Preposições","como","celular samsung nao carrega como resolver","pt","br","0","-"
4212,"Celular Samsung","YouTube","Preposições","como","celular samsung como segundo monitor","pt","br","0","-"
4213,"Celular Samsung","YouTube","Preposições","como","celular samsung travado como reiniciar","pt","br","0","-"
4214,"Celular Samsung","YouTube","Preposições","para","celular samsung para idoso","pt","br","390","0.28"
4215,"Celular Samsung","YouTube","Preposições","para","celular samsung para jogos","pt","br","320","0.22"
4216,"Celular Samsung","YouTube","Preposições","para","celular samsung demorando para carregar","pt","br","170","-"
4217,"Celular Samsung","YouTube","Preposições","para","celular samsung para criança","pt","br","0","-"
4218,"Celular Samsung","YouTube","Preposições","para","celular samsung para trabalho","pt","br","0","-"
4219,"Celular Samsung","YouTube","Preposições","para","celular samsung para fotos","pt","br","0","-"
4220,"Celular Samsung","YouTube","Preposições","para","celular samsung para comprar em 2025","pt","br","0","-"
4221,"Celular Samsung","YouTube","Preposições","para","celular samsung para 2026","pt","br","0","-"
4222,"Celular Samsung","YouTube","Preposições","para","celular samsung para 2025","pt","br","0","-"
4223,"Celular Samsung","YouTube","Preposições","para","celular samsung nao para de aparecer anuncios","pt","br","0","-"
4224,"Celular Samsung","YouTube","Preposições","para","celular samsung para comprar em 2026","pt","br","0","-"
4225,"Celular Samsung","YouTube","Preposições","para","celular samsung para formatar","pt","br","0","-"
4226,"Celular Samsung","YouTube","Preposições","sem","celular samsung sem som","pt","br","170","-"
4227,"Celular Samsung","YouTube","Preposições","sem","celular samsung sem audio","pt","br","40","-"
4228,"Celular Samsung","YouTube","Preposições","sem","celular samsung sem som o que fazer","pt","br","30","-"
4229,"Celular Samsung","YouTube","Preposições","sem","celular samsung sem sinal de rede","pt","br","0","-"
4230,"Celular Samsung","YouTube","Preposições","sem","celular samsung sem carregar","pt","br","0","-"
4231,"Celular Samsung","YouTube","Preposições","sem","celular samsung sem internet","pt","br","0","-"
4232,"Celular Samsung","YouTube","Preposições","sem","celular samsung sem rede","pt","br","0","-"
4233,"Celular Samsung","YouTube","Preposições","sem","celular samsung sem serviço","pt","br","0","-"
4234,"Celular Samsung","YouTube","Preposições","sem","celular samsung sem imagem","pt","br","0","-"
4235,"Celular Samsung","YouTube","Preposições","sem","celular samsung sem conectar wifi","pt","br","0","-"
4236,"Celular Samsung","YouTube","Preposições","sem","celular samsung sem sinal de gps","pt","br","0","-"
4237,"Celular Samsung","YouTube","Preposições","sem","celular samsung sem memoria","pt","br","0","-"
4238,"Celular Samsung","YouTube","Preposições","sem","celular samsung sem touch","pt","br","0","-"
4239,"Celular Samsung","YouTube","Preposições","sem","celular samsung sem smart view","pt","br","0","-"
4240,"Celular Samsung","YouTube","Preposições","sem","celular samsung sem ligar","pt","br","0","-"
4241,"Celular Samsung","YouTube","Perguntas","como","como formatar celular samsung","pt","br","22.2K","0.06"
4242,"Celular Samsung","YouTube","Perguntas","como","como destravar celular samsung","pt","br","2.9K","0.13"
4243,"Celular Samsung","YouTube","Perguntas","como","como desbloquear celular samsung","pt","br","2.4K","0.36"
4244,"Celular Samsung","YouTube","Perguntas","como","como reiniciar celular samsung","pt","br","0","-"
4245,"Celular Samsung","YouTube","Perguntas","como","como abrir celular samsung","pt","br","0","-"
4246,"Celular Samsung","YouTube","Perguntas","como","como formatar celular samsung a10","pt","br","0","-"
4247,"Celular Samsung","YouTube","Perguntas","como","como reiniciar celular samsung travado","pt","br","0","-"
4248,"Celular Samsung","YouTube","Perguntas","como","como formatar celular samsung a14","pt","br","0","-"
4249,"Celular Samsung","YouTube","Perguntas","como","como formatar celular samsung a15","pt","br","0","-"
4250,"Celular Samsung","YouTube","Perguntas","como","como formatar celular samsung a06","pt","br","0","-"
4251,"Celular Samsung","YouTube","Perguntas","como","como formatar celular samsung a03","pt","br","0","-"
4252,"Celular Samsung","YouTube","Perguntas","como","como formatar celular samsung a12","pt","br","0","-"
4253,"Celular Samsung","YouTube","Perguntas","como","como formatar celular samsung a01","pt","br","0","-"
4254,"Celular Samsung","YouTube","Perguntas","como","como formatar celular samsung a05","pt","br","0","-"
4255,"Celular Samsung","YouTube","Perguntas","como","como resetar celular samsung bloqueado com senha","pt","br","0","-"
4256,"Celular Samsung","YouTube","Perguntas","o que","o que fazer quando o celular samsung travou a tela","pt","br","10","-"
4257,"Celular Samsung","YouTube","Perguntas","porque","porque o celular samsung esquenta muito","pt","br","40","-"
4258,"Celular Samsung","YouTube","Perguntas","porque","porque o celular samsung demora para carregar","pt","br","30","-"
4259,"Celular Samsung","YouTube","Perguntas","porque","porque o celular samsung nao carrega","pt","br","20","-"
4260,"Celular Samsung","YouTube","Perguntas","porque","porque o celular samsung fica desligando sozinho","pt","br","0","-"
4261,"Celular Samsung","YouTube","Perguntas","porque","porque celular samsung não conecta wifi","pt","br","0","-"
4262,"Celular Samsung","YouTube","Perguntas","porque","porque o celular samsung fica travando","pt","br","0","-"
4263,"Celular Samsung","YouTube","Perguntas","porque","porque o celular samsung nao liga","pt","br","0","-"
4264,"Celular Samsung","YouTube","Perguntas","porque","porque mi celular samsung no carga","pt","br","0","-"
4265,"Celular Samsung","YouTube","Perguntas","porque","porque mi celular samsung se apaga de repente","pt","br","0","-"
4266,"Celular Samsung","YouTube","Perguntas","porque","porque mi celular samsung esta lento","pt","br","0","-"
4267,"Celular Samsung","YouTube","Perguntas","porque","porque mi celular samsung galaxy no carga","pt","br","0","-"
4268,"Celular Samsung","YouTube","Perguntas","porque","porque el celular samsung no carga","pt","br","0","-"
4269,"Celular Samsung","YouTube","Perguntas","porque","porque mi celular samsung no prende la pantalla","pt","br","0","-"
4270,"Celular Samsung","YouTube","Perguntas","porque","porque un celular samsung no prende","pt","br","0","-"
4271,"Celular Samsung","YouTube","Perguntas","porque","porque mi celular samsung no tiene sonido","pt","br","0","-"
4272,"Celular Samsung","YouTube","Perguntas","qual","qual celular da samsung é o melhor","pt","br","18.1K","0.26"
4273,"Celular Samsung","YouTube","Perguntas","qual","qual celular samsung tem a melhor camera","pt","br","320","0.06"
4274,"Celular Samsung","YouTube","Perguntas","qual","qual celular samsung comprar em 2025","pt","br","170","0.14"
4275,"Celular Samsung","YouTube","Perguntas","qual","qual melhor celular samsung 2025","pt","br","0","-"
4276,"Celular Samsung","YouTube","Perguntas","qual","qual celular samsung comprar","pt","br","0","-"
4277,"Celular Samsung","YouTube","Perguntas","qual","qual celular samsung tem nfc","pt","br","0","-"
4278,"Celular Samsung","YouTube","Perguntas","qual","qual celular samsung bom e barato","pt","br","0","-"
4279,"Celular Samsung","YouTube","Perguntas","qual","qual celular samsung comprar em 2026","pt","br","0","-"
4280,"Celular Samsung","YouTube","Perguntas","quando","quando celular samsung não carrega","pt","br","10","-"
4281,"Celular Samsung","YouTube","Perguntas","quando","quando celular samsung trava","pt","br","0","-"
4282,"Celular Samsung","TikTok","Ordem alfabética","a","celular samsung a16","pt","br","70","1.74"
4283,"Celular Samsung","TikTok","Ordem alfabética","a","celular samsung a36","pt","br","20","1.56"
4284,"Celular Samsung","TikTok","Ordem alfabética","a","celular samsung a56","pt","br","10","2.93"
4285,"Celular Samsung","TikTok","Ordem alfabética","a","celular samsung a56 5g","pt","br","0","-"
4286,"Celular Samsung","TikTok","Ordem alfabética","a","celular samsung a12","pt","br","0","-"
4287,"Celular Samsung","TikTok","Ordem alfabética","a","celular samsung a17","pt","br","0","-"
4288,"Celular Samsung","TikTok","Ordem alfabética","a","celular samsung a10s","pt","br","0","-"
4289,"Celular Samsung","TikTok","Ordem alfabética","a","celular samsung a35","pt","br","0","-"
4290,"Celular Samsung","TikTok","Ordem alfabética","b","celular samsung barato","pt","br","260","1.06"
4291,"Celular Samsung","TikTok","Ordem alfabética","b","celular samsung bts","pt","br","10","-"
4292,"Celular Samsung","TikTok","Ordem alfabética","b","celular samsung bom","pt","br","10","-"
4293,"Celular Samsung","TikTok","Ordem alfabética","b","celular samsung buenos","pt","br","0","-"
4294,"Celular Samsung","TikTok","Ordem alfabética","b","celular samsung buena camara","pt","br","0","-"
4295,"Celular Samsung","TikTok","Ordem alfabética","b","celular samsung blanco","pt","br","0","-"
4296,"Celular Samsung","TikTok","Ordem alfabética","b","celular samsung bom 2026","pt","br","0","-"
4297,"Celular Samsung","TikTok","Ordem alfabética","c","celular samsung cricket","pt","br","50","0.37"
4298,"Celular Samsung","TikTok","Ordem alfabética","c","celular samsung chiquito","pt","br","10","-"
4299,"Celular Samsung","TikTok","Ordem alfabética","c","celular samsung contra el agua","pt","br","10","-"
4300,"Celular Samsung","TikTok","Ordem alfabética","c","celular samsung cute","pt","br","0","-"
4301,"Celular Samsung","TikTok","Ordem alfabética","c","celular samsung coreanos","pt","br","0","-"
4302,"Celular Samsung","TikTok","Ordem alfabética","c","celular samsung cricret","pt","br","0","-"
4303,"Celular Samsung","TikTok","Ordem alfabética","d","celular samsung desbloqueado","pt","br","10","-"
4304,"Celular Samsung","TikTok","Ordem alfabética","d","celular samsung delgado","pt","br","10","-"
4305,"Celular Samsung","TikTok","Ordem alfabética","d","celular samsung doble pantalla","pt","br","10","1.47"
4306,"Celular Samsung","TikTok","Ordem alfabética","d","celular samsung de 256 gb","pt","br","0","-"
4307,"Celular Samsung","TikTok","Ordem alfabética","d","celular samsung de duas câmeras","pt","br","0","-"
4308,"Celular Samsung","TikTok","Ordem alfabética","e","celular samsung economico","pt","br","10","-"
4309,"Celular Samsung","TikTok","Ordem alfabética","e","celular samsung ecuador","pt","br","10","-"
4310,"Celular Samsung","TikTok","Ordem alfabética","e","celular samsung en tiktok shop","pt","br","0","-"
4311,"Celular Samsung","TikTok","Ordem alfabética","e","celular samsung estendible","pt","br","0","-"
4312,"Celular Samsung","TikTok","Ordem alfabética","e","celular samsung edit","pt","br","0","-"
4313,"Celular Samsung","TikTok","Ordem alfabética","g","celular samsung galaxy s 26 ultra","pt","br","0","-"
4314,"Celular Samsung","TikTok","Ordem alfabética","i","celular samsung iphone","pt","br","10","-"
4315,"Celular Samsung","TikTok","Ordem alfabética","i","celular samsung iphone marcial","pt","br","0","-"
4316,"Celular Samsung","TikTok","Ordem alfabética","i","celular samsung ideal para trabajos de oficina","pt","br","0","-"
4317,"Celular Samsung","TikTok","Ordem alfabética","j","celular samsung j4","pt","br","10","-"
4318,"Celular Samsung","TikTok","Ordem alfabética","j","celular samsung j8","pt","br","10","-"
4319,"Celular Samsung","TikTok","Ordem alfabética","j","celular samsung j10","pt","br","10","-"
4320,"Celular Samsung","TikTok","Ordem alfabética","j","celular samsung j2 prime","pt","br","0","-"
4321,"Celular Samsung","TikTok","Ordem alfabética","j","celular samsung j7","pt","br","0","-"
4322,"Celular Samsung","TikTok","Ordem alfabética","k","celular samsung k","pt","br","10","-"
4323,"Celular Samsung","TikTok","Ordem alfabética","l","celular samsung luz","pt","br","0","-"
4324,"Celular Samsung","TikTok","Ordem alfabética","l","celular samsung liberados","pt","br","0","-"
4325,"Celular Samsung","TikTok","Ordem alfabética","l","celular samsung lavanda","pt","br","0","-"
4326,"Celular Samsung","TikTok","Ordem alfabética","l","celular samsung lo más","pt","br","0","-"
4327,"Celular Samsung","TikTok","Ordem alfabética","l","celular samsung liberado 5 g","pt","br","0","-"
4328,"Celular Samsung","TikTok","Ordem alfabética","m","celular samsung mini","pt","br","1.0K","1.11"
4329,"Celular Samsung","TikTok","Ordem alfabética","m","celular samsung mas nuevo","pt","br","90","1.5"
4330,"Celular Samsung","TikTok","Ordem alfabética","m","celular samsung mejor","pt","br","10","-"
4331,"Celular Samsung","TikTok","Ordem alfabética","n","celular samsung nuevo","pt","br","140","1.46"
4332,"Celular Samsung","TikTok","Ordem alfabética","n","celular samsung note","pt","br","30","-"
4333,"Celular Samsung","TikTok","Ordem alfabética","n","celular samsung novo","pt","br","20","-"
4334,"Celular Samsung","TikTok","Ordem alfabética","n","celular samsung nuevo 26","pt","br","0","-"
4335,"Celular Samsung","TikTok","Ordem alfabética","n","celular samsung neo","pt","br","0","-"
4336,"Celular Samsung","TikTok","Ordem alfabética","o","o celular samsung","pt","br","10","-"
4337,"Celular Samsung","TikTok","Ordem alfabética","p","celular samsung pequeños","pt","br","20","-"
4338,"Celular Samsung","TikTok","Ordem alfabética","p","celular samsung proyector","pt","br","10","-"
4339,"Celular Samsung","TikTok","Ordem alfabética","p","celular samsung pink","pt","br","10","-"
4340,"Celular Samsung","TikTok","Ordem alfabética","p","celular samsung protector","pt","br","0","-"
4341,"Celular Samsung","TikTok","Ordem alfabética","p","celular samsung pc","pt","br","0","-"
4342,"Celular Samsung","TikTok","Ordem alfabética","p","celular samsung para niños","pt","br","0","-"
4343,"Celular Samsung","TikTok","Ordem alfabética","p","celular samsung presios","pt","br","0","-"
4344,"Celular Samsung","TikTok","Ordem alfabética","q","celular samsung que parece tablet","pt","br","10","-"
4345,"Celular Samsung","TikTok","Ordem alfabética","q","celular samsung que no carga","pt","br","0","-"
4346,"Celular Samsung","TikTok","Ordem alfabética","r","celular samsung reciente","pt","br","20","-"
4347,"Celular Samsung","TikTok","Ordem alfabética","r","celular samsung recomendado","pt","br","10","-"
4348,"Celular Samsung","TikTok","Ordem alfabética","r","celular samsung resistente","pt","br","0","-"
4349,"Celular Samsung","TikTok","Ordem alfabética","r","celular samsung rigtone","pt","br","0","-"
4350,"Celular Samsung","TikTok","Ordem alfabética","r","celular samsung risa","pt","br","0","-"
4351,"Celular Samsung","TikTok","Ordem alfabética","s","celular samsung s24 ultra","pt","br","720","1.03"
4352,"Celular Samsung","TikTok","Ordem alfabética","s","celular samsung s22","pt","br","40","-"
4353,"Celular Samsung","TikTok","Ordem alfabética","s","celular samsung s21 ultra","pt","br","30","-"
4354,"Celular Samsung","TikTok","Ordem alfabética","s","celular samsung s6","pt","br","0","-"
4355,"Celular Samsung","TikTok","Ordem alfabética","s","celular samsung s7","pt","br","0","-"
4356,"Celular Samsung","TikTok","Ordem alfabética","s","celular samsung s26 ultra","pt","br","0","-"
4357,"Celular Samsung","TikTok","Ordem alfabética","s","celular samsung s25ultra","pt","br","0","-"
4358,"Celular Samsung","TikTok","Ordem alfabética","s","celular samsung s22 ultra case","pt","br","0","-"
4359,"Celular Samsung","TikTok","Ordem alfabética","t","celular samsung tablet","pt","br","10","-"
4360,"Celular Samsung","TikTok","Ordem alfabética","t","celular samsung teclado","pt","br","10","-"
4361,"Celular Samsung","TikTok","Ordem alfabética","t","celular samsung tv","pt","br","10","-"
4362,"Celular Samsung","TikTok","Ordem alfabética","t","celular samsung tcl","pt","br","0","-"
4363,"Celular Samsung","TikTok","Ordem alfabética","t","celular samsung tmobile","pt","br","0","-"
4364,"Celular Samsung","TikTok","Ordem alfabética","t","celular samsung trifoul","pt","br","0","-"
4365,"Celular Samsung","TikTok","Ordem alfabética","t","celular samsung temu","pt","br","0","-"
4366,"Celular Samsung","TikTok","Ordem alfabética","u","celular samsung ultimo","pt","br","10","-"
4367,"Celular Samsung","TikTok","Ordem alfabética","u","celular samsung s26 ultra","pt","br","10","-"
4368,"Celular Samsung","TikTok","Ordem alfabética","u","celular samsung ultra 26","pt","br","10","-"
4369,"Celular Samsung","TikTok","Ordem alfabética","u","celular samsung 24 ultra","pt","br","0","-"
4370,"Celular Samsung","TikTok","Ordem alfabética","u","celular samsung ultra s26","pt","br","0","-"
4371,"Celular Samsung","TikTok","Ordem alfabética","u","celular samsung ultra 26 case","pt","br","0","-"
4372,"Celular Samsung","TikTok","Ordem alfabética","v","celular samsung viejo","pt","br","10","-"
4373,"Celular Samsung","TikTok","Ordem alfabética","v","celular samsung vs iphone","pt","br","10","-"
4374,"Celular Samsung","TikTok","Ordem alfabética","v","celular samsung viejo sprint","pt","br","0","-"
4375,"Celular Samsung","TikTok","Ordem alfabética","v","celular samsung ver videos pantalla apagada","pt","br","0","-"
4376,"Celular Samsung","TikTok","Ordem alfabética","w","celular samsung watch f 40","pt","br","0","-"
4377,"Celular Samsung","TikTok","Ordem alfabética","x","celular samsung x636","pt","br","10","-"
4378,"Celular Samsung","TikTok","Ordem alfabética","x","celular samsung x830","pt","br","10","-"
4379,"Celular Samsung","TikTok","Ordem alfabética","x","celular samsung xr","pt","br","10","-"
4380,"Celular Samsung","TikTok","Ordem alfabética","y","celular samsung y smartv samsung","pt","br","0","-"
4381,"Celular Samsung","TikTok","Ordem alfabética","y","celular samsung y iphone edit","pt","br","0","-"
4382,"Celular Samsung","TikTok","Ordem alfabética","z","celular samsung z flip","pt","br","20","-"
4383,"Celular Samsung","TikTok","Ordem alfabética","z","celular samsung z flip 4","pt","br","10","-"
4384,"Celular Samsung","TikTok","Ordem alfabética","z","celular samsung z 26","pt","br","0","-"
4385,"Celular Samsung","TikTok","Ordem alfabética","z","celular samsung zflip 7","pt","br","0","-"
4386,"Celular Samsung","TikTok","Ordem alfabética","z","celular samsung z fold2","pt","br","0","-"
4387,"Celular Samsung","TikTok","Comparações","e","celular samsung 22 e","pt","br","0","-"
4388,"Celular Samsung","TikTok","Comparações","e","celular e samsung","pt","br","0","-"
4389,"Celular Samsung","TikTok","Comparações","vs","celular samsung vs iphone","pt","br","10","-"
4390,"Celular Samsung","TikTok","Números","1","celular samsung 128gb","pt","br","10","-"
4391,"Celular Samsung","TikTok","Números","1","celular samsung 16","pt","br","10","-"
4392,"Celular Samsung","TikTok","Números","1","celular samsung 19","pt","br","10","-"
4393,"Celular Samsung","TikTok","Números","1","celular samsung 10","pt","br","0","-"
4394,"Celular Samsung","TikTok","Números","1","celular samsung 13","pt","br","0","-"
4395,"Celular Samsung","TikTok","Números","1","celular samsung 10 ultra","pt","br","0","-"
4396,"Celular Samsung","TikTok","Números","2","celular samsung 22 ultra","pt","br","30","2.11"
4397,"Celular Samsung","TikTok","Números","2","celular samsung 24 ultra","pt","br","10","-"
4398,"Celular Samsung","TikTok","Números","2","celular samsung 2026","pt","br","10","4.8"
4399,"Celular Samsung","TikTok","Números","2","celular samsung 27","pt","br","0","-"
4400,"Celular Samsung","TikTok","Números","2","celular samsung 2016","pt","br","0","-"
4401,"Celular Samsung","TikTok","Números","2","celular samsung a 5 2","pt","br","0","-"
4402,"Celular Samsung","TikTok","Números","3","celular samsung 36 ultra","pt","br","0","-"
4403,"Celular Samsung","TikTok","Números","3","celular samsung 37 5g es bueno","pt","br","0","-"
4404,"Celular Samsung","TikTok","Números","4","celular samsung 4g","pt","br","10","-"
4405,"Celular Samsung","TikTok","Números","4","celular samsung galaxy 4","pt","br","10","-"
4406,"Celular Samsung","TikTok","Números","4","4g celular samsung","pt","br","0","-"
4407,"Celular Samsung","TikTok","Números","5","celular samsung 5","pt","br","720","9.87"
4408,"Celular Samsung","TikTok","Números","8","celular samsung 8","pt","br","10","-"
4409,"Celular Samsung","TikTok","Números","9","celular note 9 samsung","pt","br","10","-"
4410,"Celular Samsung","TikTok","Preposições","com","celular samsung com 2 cameras","pt","br","0","-"
4411,"Celular Samsung","TikTok","Preposições","como","celular samsung como encender","pt","br","0","-"
4412,"Celular Samsung","TikTok","Preposições","como","celular samsung como uso personal","pt","br","0","-"
4413,"Celular Samsung","TikTok","Preposições","para","bateria para celular samsung","pt","br","20","-"
4414,"Celular Samsung","TikTok","Preposições","para","funda para celular samsung a16","pt","br","10","-"
4415,"Celular Samsung","TikTok","Preposições","para","fundas de celular para samsung","pt","br","10","-"
4416,"Celular Samsung","TikTok","Preposições","para","celular samsung para niños","pt","br","0","-"
4417,"Celular Samsung","TikTok","Preposições","para","samsung para 1 celular","pt","br","0","-"
4418,"Celular Samsung","TikTok","Preposições","para","funda para celular samsung s 25","pt","br","0","-"
4419,"Celular Samsung","TikTok","Preposições","para","celular samsung para plataforma","pt","br","0","-"
4420,"Celular Samsung","TikTok","Preposições","para","celular samsung para estudiantes","pt","br","0","-"
4421,"Celular Samsung","TikTok","Perguntas","como","como configurar celular samsung","pt","br","10","-"
4422,"Celular Samsung","TikTok","Perguntas","porque","porque mi celular samsung no carga","pt","br","10","-"
4423,"Celular Samsung","TikTok","Perguntas","porque","porque carga muy lento mi celular samsung","pt","br","10","-"
4424,"Celular Samsung","TikTok","Perguntas","porque","porque celular samsung aparece conecion inestable","pt","br","0","-"
4425,"Celular Samsung","TikTok","Perguntas","porque","porque no dura mucho la batería de mi celular samsung","pt","br","0","-"
4426,"Celular Samsung","Instagram","Instagram","Pessoas","celular.samsung","pt","br","0","-"
4427,"Celular Samsung","Instagram","Instagram","Pessoas","celularsamsungcelular6","pt","br","0","-"
4428,"Celular Samsung","Instagram","Instagram","Pessoas","celu.larsamsung","pt","br","0","-"
4429,"Celular Samsung","Instagram","Instagram","Pessoas","celularsamsung","pt","br","0","-"
4430,"Celular Samsung","Instagram","Instagram","Pessoas","celular_samsung","pt","br","0","-"
4431,"Celular Samsung","Instagram","Instagram","Pessoas","comomexernocelular","pt","br","0","-"
4432,"Celular Samsung","Instagram","Instagram","Pessoas","celularsamsungsamsung","pt","br","0","-"
4433,"Celular Samsung","Instagram","Instagram","Pessoas","gabrielad6270","pt","br","0","-"
4434,"Celular Samsung","Instagram","Instagram","Pessoas","celularsamsunggalaxya10s","pt","br","0","-"
4435,"Celular Samsung","Instagram","Instagram","Pessoas","celular123456789samsung","pt","br","0","-"
4436,"Celular Samsung","Instagram","Instagram","Pessoas","celularsamsunggalaxy","pt","br","0","-"
4437,"Celular Samsung","Instagram","Instagram","Pessoas","celularsamsung517","pt","br","0","-"
4438,"Celular Samsung","Instagram","Instagram","Pessoas","celular9199","pt","br","0","-"
4439,"Celular Samsung","Instagram","Instagram","Pessoas","celularsamsungran2","pt","br","0","-"
4440,"Celular Samsung","Instagram","Instagram","Pessoas","celular7908","pt","br","0","-"
4441,"Celular Samsung","Instagram","Instagram","Pessoas","celularsamsung178","pt","br","0","-"
4442,"Celular Samsung","Instagram","Instagram","Pessoas","celularsamsungxx","pt","br","0","-"
4443,"Celular Samsung","Instagram","Instagram","Pessoas","celularsamsungmarechal","pt","br","0","-"
4444,"Celular Samsung","Instagram","Instagram","Pessoas","celularsamsung10203040","pt","br","0","-"
4445,"Celular Samsung","Instagram","Instagram","Pessoas","celular.samsungjds2016","pt","br","0","-"
4446,"Celular Samsung","Instagram","Instagram","Pessoas","celularsamsung638","pt","br","0","-"
4447,"Celular Samsung","Instagram","Instagram","Pessoas","celularsamsung1601","pt","br","0","-"
4448,"Celular Samsung","Instagram","Instagram","Pessoas","celularsamsung042017","pt","br","0","-"
4449,"Celular Samsung","Instagram","Instagram","Pessoas","celularsamsung3939","pt","br","0","-"
4450,"Celular Samsung","Instagram","Instagram","Pessoas","dia_.0_0","pt","br","0","-"
4451,"Celular Samsung","Instagram","Instagram","Pessoas","celularsamsung229","pt","br","0","-"
4452,"Celular Samsung","Instagram","Instagram","Pessoas","_celularsamsung","pt","br","0","-"
4453,"Celular Samsung","Instagram","Instagram","Pessoas","samsung_galaxy01core","pt","br","0","-"
4454,"Celular Samsung","Instagram","Instagram","Pessoas","celularsamsung3883929","pt","br","0","-"
4455,"Celular Samsung","Instagram","Instagram","Pessoas","celularsamsung2301","pt","br","0","-"
4456,"Celular Samsung","Instagram","Instagram","Pessoas","celularsamsung202121","pt","br","0","-"
4457,"Celular Samsung","Instagram","Instagram","Pessoas","damarysgonzalez_3","pt","br","0","-"
4458,"Celular Samsung","Instagram","Instagram","Pessoas","celularsamsung123r","pt","br","0","-"
4459,"Celular Samsung","Instagram","Instagram","Pessoas","celularsamsunga21s","pt","br","0","-"
4460,"Celular Samsung","Instagram","Instagram","Pessoas","celular64212","pt","br","0","-"
4461,"Celular Samsung","Instagram","Instagram","Pessoas","celularsamsungj7neo","pt","br","0","-"
4462,"Celular Samsung","Instagram","Instagram","Pessoas","regor.ff_ofc","pt","br","0","-"
4463,"Celular Samsung","Instagram","Instagram","Pessoas","celular_samsungs7_s8_iphone","pt","br","0","-"
4464,"Celular Samsung","Instagram","Instagram","Pessoas","celularsamsungnovais","pt","br","0","-"
4465,"Celular Samsung","Instagram","Instagram","Pessoas","celularsamsungj460","pt","br","0","-"
4466,"Celular Samsung","Instagram","Instagram","Pessoas","celularsamsung18762","pt","br","0","-"
4467,"Celular Samsung","Instagram","Instagram","Pessoas","celularsamsungp22020","pt","br","0","-"
4468,"Celular Samsung","Instagram","Instagram","Pessoas","celularsamsung00022","pt","br","0","-"
4469,"Celular Samsung","Amazon","Ordem alfabética","a","celular samsung a56","pt","br","27.1K","0.31"
4470,"Celular Samsung","Amazon","Ordem alfabética","a","celular samsung a16","pt","br","18.1K","0.42"
4471,"Celular Samsung","Amazon","Ordem alfabética","a","celular samsung a36","pt","br","6.6K","0.6"
4472,"Celular Samsung","Amazon","Ordem alfabética","a","celular samsung a17","pt","br","0","-"
4473,"Celular Samsung","Amazon","Ordem alfabética","a","celular samsung a07","pt","br","0","-"
4474,"Celular Samsung","Amazon","Ordem alfabética","a","celular samsung a36 256gb","pt","br","0","-"
4475,"Celular Samsung","Amazon","Ordem alfabética","a","celular samsung a57","pt","br","0","-"
4476,"Celular Samsung","Amazon","Ordem alfabética","a","celular samsung a17 5g","pt","br","0","-"
4477,"Celular Samsung","Amazon","Ordem alfabética","a","celular samsung a17 5g 256gb","pt","br","0","-"
4478,"Celular Samsung","Amazon","Ordem alfabética","a","celular samsung a17 5g 128gb","pt","br","0","-"
4479,"Celular Samsung","Amazon","Ordem alfabética","b","celular samsung barato","pt","br","22.2K","0.36"
4480,"Celular Samsung","Amazon","Ordem alfabética","b","celular samsung bom e barato","pt","br","8.1K","0.29"
4481,"Celular Samsung","Amazon","Ordem alfabética","b","celular samsung bom","pt","br","5.4K","0.23"
4482,"Celular Samsung","Amazon","Ordem alfabética","b","celular samsung branco","pt","br","0","-"
4483,"Celular Samsung","Amazon","Ordem alfabética","b","celular samsung bts","pt","br","0","-"
4484,"Celular Samsung","Amazon","Ordem alfabética","b","celular samsung bom custo benefício","pt","br","0","-"
4485,"Celular Samsung","Amazon","Ordem alfabética","b","celular samsung basico","pt","br","0","-"
4486,"Celular Samsung","Amazon","Ordem alfabética","b","celular samsung barato simples","pt","br","0","-"
4487,"Celular Samsung","Amazon","Ordem alfabética","b","celular samsung barato promoção","pt","br","0","-"
4488,"Celular Samsung","Amazon","Ordem alfabética","b","celular samsung bateria 6000mah","pt","br","0","-"
4489,"Celular Samsung","Amazon","Ordem alfabética","c","celular samsung com nfc","pt","br","1.9K","0.34"
4490,"Celular Samsung","Amazon","Ordem alfabética","c","celular samsung com relógio","pt","br","320","0.28"
4491,"Celular Samsung","Amazon","Ordem alfabética","c","celular samsung carregamento por indução","pt","br","320","0.55"
4492,"Celular Samsung","Amazon","Ordem alfabética","c","celular samsung com câmera boa","pt","br","0","-"
4493,"Celular Samsung","Amazon","Ordem alfabética","c","celular samsung com indução","pt","br","0","-"
4494,"Celular Samsung","Amazon","Ordem alfabética","c","celular samsung com caneta touch","pt","br","0","-"
4495,"Celular Samsung","Amazon","Ordem alfabética","c","celular samsung com fone","pt","br","0","-"
4496,"Celular Samsung","Amazon","Ordem alfabética","c","celular samsung carregamento rapido","pt","br","0","-"
4497,"Celular Samsung","Amazon","Ordem alfabética","c","celular samsung com 256","pt","br","0","-"
4498,"Celular Samsung","Amazon","Ordem alfabética","c","celular samsung com fonte","pt","br","0","-"
4499,"Celular Samsung","Amazon","Ordem alfabética","d","celular samsung dobravel","pt","br","2.4K","0.13"
4500,"Celular Samsung","Amazon","Ordem alfabética","d","celular samsung de 500 reais","pt","br","720","0.09"
4501,"Celular Samsung","Amazon","Ordem alfabética","d","celular samsung dual chip","pt","br","390","0.51"
4502,"Celular Samsung","Amazon","Ordem alfabética","d","celular samsung de botão","pt","br","0","-"
4503,"Celular Samsung","Amazon","Ordem alfabética","d","celular samsung de 400 reais","pt","br","0","-"
4504,"Celular Samsung","Amazon","Ordem alfabética","d","celular samsung duas telas","pt","br","0","-"
4505,"Celular Samsung","Amazon","Ordem alfabética","d","celular samsung de abrir","pt","br","0","-"
4506,"Celular Samsung","Amazon","Ordem alfabética","d","celular samsung dobravel novo","pt","br","0","-"
4507,"Celular Samsung","Amazon","Ordem alfabética","d","celular samsung duo chip","pt","br","0","-"
4508,"Celular Samsung","Amazon","Ordem alfabética","d","celular samsung de linha","pt","br","0","-"
4509,"Celular Samsung","Amazon","Ordem alfabética","e","celular samsung em promoção","pt","br","2.9K","0.5"
4510,"Celular Samsung","Amazon","Ordem alfabética","e","celular samsung em oferta","pt","br","0","-"
4511,"Celular Samsung","Amazon","Ordem alfabética","e","celular samsung edge","pt","br","0","-"
4512,"Celular Samsung","Amazon","Ordem alfabética","e","celular samsung em conta","pt","br","0","-"
4513,"Celular Samsung","Amazon","Ordem alfabética","e","celular samsung e iphone","pt","br","0","-"
4514,"Celular Samsung","Amazon","Ordem alfabética","e","celular samsung e motorola","pt","br","0","-"
4515,"Celular Samsung","Amazon","Ordem alfabética","e","celular samsung em oferta hoje","pt","br","0","-"
4516,"Celular Samsung","Amazon","Ordem alfabética","e","celular samsung edge 70","pt","br","0","-"
4517,"Celular Samsung","Amazon","Ordem alfabética","e","celular samsung em promoção 5g","pt","br","0","-"
4518,"Celular Samsung","Amazon","Ordem alfabética","e","celular samsung edge 60 pro","pt","br","0","-"
4519,"Celular Samsung","Amazon","Ordem alfabética","f","celular samsung flip","pt","br","2.4K","0.2"
4520,"Celular Samsung","Amazon","Ordem alfabética","f","celular samsung flip 7","pt","br","590","0.23"
4521,"Celular Samsung","Amazon","Ordem alfabética","f","celular samsung fe","pt","br","480","0.28"
4522,"Celular Samsung","Amazon","Ordem alfabética","f","celular samsung flip 6","pt","br","0","-"
4523,"Celular Samsung","Amazon","Ordem alfabética","f","celular samsung fold","pt","br","0","-"
4524,"Celular Samsung","Amazon","Ordem alfabética","f","celular samsung flip z","pt","br","0","-"
4525,"Celular Samsung","Amazon","Ordem alfabética","f","celular samsung fe25","pt","br","0","-"
4526,"Celular Samsung","Amazon","Ordem alfabética","f","celular samsung fe 25","pt","br","0","-"
4527,"Celular Samsung","Amazon","Ordem alfabética","f","celular samsung flip 7 256","pt","br","0","-"
4528,"Celular Samsung","Amazon","Ordem alfabética","f","celular samsung fe24","pt","br","0","-"
4529,"Celular Samsung","Amazon","Ordem alfabética","g","celular samsung galaxy","pt","br","14.8K","0.39"
4530,"Celular Samsung","Amazon","Ordem alfabética","g","celular samsung galaxy s25","pt","br","1.6K","0.71"
4531,"Celular Samsung","Amazon","Ordem alfabética","g","celular samsung galaxy s25 fe","pt","br","590","0.77"
4532,"Celular Samsung","Amazon","Ordem alfabética","g","celular samsung galaxy a17","pt","br","0","-"
4533,"Celular Samsung","Amazon","Ordem alfabética","g","celular samsung galaxy a07 128gb","pt","br","0","-"
4534,"Celular Samsung","Amazon","Ordem alfabética","g","celular samsung galaxy a36","pt","br","0","-"
4535,"Celular Samsung","Amazon","Ordem alfabética","g","celular samsung galaxy a07","pt","br","0","-"
4536,"Celular Samsung","Amazon","Ordem alfabética","g","celular samsung galaxy a57","pt","br","0","-"
4537,"Celular Samsung","Amazon","Ordem alfabética","g","celular samsung galaxy a07 256gb 8gb câmera 50mp verde","pt","br","0","-"
4538,"Celular Samsung","Amazon","Ordem alfabética","g","celular samsung galaxy a36 5g 256gb, 8gb ram","pt","br","0","-"
4539,"Celular Samsung","Amazon","Ordem alfabética","h","cabo hdmi para celular samsung","pt","br","50","0.06"
4540,"Celular Samsung","Amazon","Ordem alfabética","h","celular samsung em oferta hoje","pt","br","0","-"
4541,"Celular Samsung","Amazon","Ordem alfabética","h","celular na promoção hoje samsung","pt","br","0","-"
4542,"Celular Samsung","Amazon","Ordem alfabética","h","hd externo 2tb para celular samsung","pt","br","0","-"
4543,"Celular Samsung","Amazon","Ordem alfabética","i","celular samsung idoso","pt","br","720","0.19"
4544,"Celular Samsung","Amazon","Ordem alfabética","i","celular samsung intermediário","pt","br","320","0.34"
4545,"Celular Samsung","Amazon","Ordem alfabética","i","celular samsung iphone","pt","br","170","0.19"
4546,"Celular Samsung","Amazon","Ordem alfabética","i","celular samsung indução","pt","br","0","-"
4547,"Celular Samsung","Amazon","Ordem alfabética","i","celular samsung ip 69","pt","br","0","-"
4548,"Celular Samsung","Amazon","Ordem alfabética","i","celular samsung galaxy a17 com ia, 256gb, 8gb ram","pt","br","0","-"
4549,"Celular Samsung","Amazon","Ordem alfabética","i","celular samsung galaxy a17, 256gb, 8gb, 50mp tela 6.7"", ip54 - azul","pt","br","0","-"
4550,"Celular Samsung","Amazon","Ordem alfabética","i","celular samsung galaxy a17, 256gb, 8gb, 50mp tela 6.7"", ip54 - cinza","pt","br","0","-"
4551,"Celular Samsung","Amazon","Ordem alfabética","i","celular samsung galaxy a06 5g 128gb, 4gb, ip54, tela 6.7"" - preto","pt","br","0","-"
4552,"Celular Samsung","Amazon","Ordem alfabética","i","celular samsung galaxy a17, 128gb, 4gb, 50mp tela 6.7"", ip54 - cinza","pt","br","0","-"
4553,"Celular Samsung","Amazon","Ordem alfabética","j","celular samsung j5","pt","br","1.0K","0.07"
4554,"Celular Samsung","Amazon","Ordem alfabética","j","celular samsung j7 prime","pt","br","1.0K","0.08"
4555,"Celular Samsung","Amazon","Ordem alfabética","j","celular samsung j7","pt","br","880","0.12"
4556,"Celular Samsung","Amazon","Ordem alfabética","j","celular samsung j4","pt","br","0","-"
4557,"Celular Samsung","Amazon","Ordem alfabética","j","celular samsung j6","pt","br","0","-"
4558,"Celular Samsung","Amazon","Ordem alfabética","j","celular samsung j","pt","br","0","-"
4559,"Celular Samsung","Amazon","Ordem alfabética","j","celular samsung j1","pt","br","0","-"
4560,"Celular Samsung","Amazon","Ordem alfabética","j","celular samsung j2 prime","pt","br","0","-"
4561,"Celular Samsung","Amazon","Ordem alfabética","j","celular samsung j2 core","pt","br","0","-"
4562,"Celular Samsung","Amazon","Ordem alfabética","j","celular samsung j7 prime novo","pt","br","0","-"
4563,"Celular Samsung","Amazon","Ordem alfabética","k","celular samsung keystone","pt","br","10","-"
4564,"Celular Samsung","Amazon","Ordem alfabética","k","celular samsung kit","pt","br","0","-"
4565,"Celular Samsung","Amazon","Ordem alfabética","k","samsung capa para celular galaxy s25 kindsuit","pt","br","0","-"
4566,"Celular Samsung","Amazon","Ordem alfabética","k","kit notebook e celular samsung","pt","br","0","-"
4567,"Celular Samsung","Amazon","Ordem alfabética","k","casa de celular samsung a07 kpop","pt","br","0","-"
4568,"Celular Samsung","Amazon","Ordem alfabética","k","celular samsung galaxy a36 5g capa de k-pop","pt","br","0","-"
4569,"Celular Samsung","Amazon","Ordem alfabética","k","kit capa preta + película para celular galaxy da samsung a17","pt","br","0","-"
4570,"Celular Samsung","Amazon","Ordem alfabética","l","celular samsung lançamento","pt","br","9.9K","0.19"
4571,"Celular Samsung","Amazon","Ordem alfabética","l","celular samsung linha a","pt","br","1.6K","0.32"
4572,"Celular Samsung","Amazon","Ordem alfabética","l","celular samsung lançamento 2026","pt","br","720","0.36"
4573,"Celular Samsung","Amazon","Ordem alfabética","l","celular samsung linha m","pt","br","0","-"
4574,"Celular Samsung","Amazon","Ordem alfabética","l","celular samsung lilas","pt","br","0","-"
4575,"Celular Samsung","Amazon","Ordem alfabética","l","celular samsung linha","pt","br","0","-"
4576,"Celular Samsung","Amazon","Ordem alfabética","l","celular samsung linha s 256gb","pt","br","0","-"
4577,"Celular Samsung","Amazon","Ordem alfabética","l","celular samsung linha s24","pt","br","0","-"
4578,"Celular Samsung","Amazon","Ordem alfabética","l","celular samsung linha s25","pt","br","0","-"
4579,"Celular Samsung","Amazon","Ordem alfabética","l","celular samsung linha s24 novo","pt","br","0","-"
4580,"Celular Samsung","Amazon","Ordem alfabética","n","celular samsung novo","pt","br","12.1K","0.29"
4581,"Celular Samsung","Amazon","Ordem alfabética","n","celular samsung na promoção","pt","br","4.4K","0.4"
4582,"Celular Samsung","Amazon","Ordem alfabética","n","celular samsung note","pt","br","880","0.2"
4583,"Celular Samsung","Amazon","Ordem alfabética","n","celular samsung nfc","pt","br","0","-"
4584,"Celular Samsung","Amazon","Ordem alfabética","n","celular samsung note 20 ultra","pt","br","0","-"
4585,"Celular Samsung","Amazon","Ordem alfabética","n","celular samsung note 20","pt","br","0","-"
4586,"Celular Samsung","Amazon","Ordem alfabética","n","celular samsung note 10","pt","br","0","-"
4587,"Celular Samsung","Amazon","Ordem alfabética","n","celular samsung novo lançamento 2025","pt","br","0","-"
4588,"Celular Samsung","Amazon","Ordem alfabética","n","celular samsung note 10 plus","pt","br","0","-"
4589,"Celular Samsung","Amazon","Ordem alfabética","n","celular samsung nokia","pt","br","0","-"
4590,"Celular Samsung","Amazon","Ordem alfabética","o","celular samsung os melhores","pt","br","27.1K","0.06"
4591,"Celular Samsung","Amazon","Ordem alfabética","o","celular samsung oferta","pt","br","720","0.26"
4592,"Celular Samsung","Amazon","Ordem alfabética","o","celular samsung original","pt","br","90","0.16"
4593,"Celular Samsung","Amazon","Ordem alfabética","o","celular samsung o7","pt","br","0","-"
4594,"Celular Samsung","Amazon","Ordem alfabética","o","celular samsung oled","pt","br","0","-"
4595,"Celular Samsung","Amazon","Ordem alfabética","o","celular samsung oppo","pt","br","0","-"
4596,"Celular Samsung","Amazon","Ordem alfabética","o","celular samsung os mais baratos","pt","br","0","-"
4597,"Celular Samsung","Amazon","Ordem alfabética","o","celular samsung oferta colorido","pt","br","0","-"
4598,"Celular Samsung","Amazon","Ordem alfabética","o","celular samsung original novo","pt","br","0","-"
4599,"Celular Samsung","Amazon","Ordem alfabética","p","celular samsung preço","pt","br","12.1K","0.16"
4600,"Celular Samsung","Amazon","Ordem alfabética","p","celular samsung promoção","pt","br","9.9K","0.35"
4601,"Celular Samsung","Amazon","Ordem alfabética","p","celular samsung pequeno","pt","br","2.9K","0.18"
4602,"Celular Samsung","Amazon","Ordem alfabética","p","celular samsung para idoso","pt","br","0","-"
4603,"Celular Samsung","Amazon","Ordem alfabética","p","celular samsung pro","pt","br","0","-"
4604,"Celular Samsung","Amazon","Ordem alfabética","p","celular samsung poco","pt","br","0","-"
4605,"Celular Samsung","Amazon","Ordem alfabética","p","celular samsung pro max","pt","br","0","-"
4606,"Celular Samsung","Amazon","Ordem alfabética","p","celular samsung prime","pt","br","0","-"
4607,"Celular Samsung","Amazon","Ordem alfabética","p","celular samsung promoção relampago","pt","br","0","-"
4608,"Celular Samsung","Amazon","Ordem alfabética","p","celular samsung prime day","pt","br","0","-"
4609,"Celular Samsung","Amazon","Ordem alfabética","q","celular samsung q dobra","pt","br","2.9K","0.13"
4610,"Celular Samsung","Amazon","Ordem alfabética","q","celular samsung que dobra","pt","br","2.4K","0.11"
4611,"Celular Samsung","Amazon","Ordem alfabética","q","celular samsung que dobra no meio","pt","br","480","0.12"
4612,"Celular Samsung","Amazon","Ordem alfabética","q","celular samsung que abre","pt","br","0","-"
4613,"Celular Samsung","Amazon","Ordem alfabética","q","celular samsung que vira tablet","pt","br","0","-"
4614,"Celular Samsung","Amazon","Ordem alfabética","q","celular samsung quebrado","pt","br","0","-"
4615,"Celular Samsung","Amazon","Ordem alfabética","q","celular samsung que tem caneta","pt","br","0","-"
4616,"Celular Samsung","Amazon","Ordem alfabética","q","amazon quase novo celular samsung","pt","br","0","-"
4617,"Celular Samsung","Amazon","Ordem alfabética","q","celular de samsung que abre e fecha","pt","br","0","-"
4618,"Celular Samsung","Amazon","Ordem alfabética","q","qual é o melhor celular de samsung","pt","br","0","-"
4619,"Celular Samsung","Amazon","Ordem alfabética","r","celular samsung rosa","pt","br","1.9K","0.16"
4620,"Celular Samsung","Amazon","Ordem alfabética","r","celular samsung 8gb ram","pt","br","1.0K","0.59"
4621,"Celular Samsung","Amazon","Ordem alfabética","r","celular samsung roxo","pt","br","590","0.17"
4622,"Celular Samsung","Amazon","Ordem alfabética","r","celular samsung redmi","pt","br","0","-"
4623,"Celular Samsung","Amazon","Ordem alfabética","r","celular samsung recente","pt","br","0","-"
4624,"Celular Samsung","Amazon","Ordem alfabética","r","celular samsung recondicionado","pt","br","0","-"
4625,"Celular Samsung","Amazon","Ordem alfabética","r","celular samsung rose","pt","br","0","-"
4626,"Celular Samsung","Amazon","Ordem alfabética","r","celular samsung razr","pt","br","0","-"
4627,"Celular Samsung","Amazon","Ordem alfabética","r","celular samsung a07 256gb 8gb ram","pt","br","0","-"
4628,"Celular Samsung","Amazon","Ordem alfabética","r","celular samsung galaxy a36 5g 256gb, 8gb ram","pt","br","0","-"
4629,"Celular Samsung","Amazon","Ordem alfabética","s","celular samsung s23","pt","br","33.1K","0.22"
4630,"Celular Samsung","Amazon","Ordem alfabética","s","celular samsung s24","pt","br","33.1K","0.3"
4631,"Celular Samsung","Amazon","Ordem alfabética","s","celular samsung s25","pt","br","22.2K","0.54"
4632,"Celular Samsung","Amazon","Ordem alfabética","s","celular samsung s","pt","br","0","-"
4633,"Celular Samsung","Amazon","Ordem alfabética","s","celular samsung s25 ultra","pt","br","0","-"
4634,"Celular Samsung","Amazon","Ordem alfabética","s","celular samsung s22","pt","br","0","-"
4635,"Celular Samsung","Amazon","Ordem alfabética","s","celular samsung s25 fe","pt","br","0","-"
4636,"Celular Samsung","Amazon","Ordem alfabética","s","celular samsung s26 ultra","pt","br","0","-"
4637,"Celular Samsung","Amazon","Ordem alfabética","s","celular samsung s26","pt","br","0","-"
4638,"Celular Samsung","Amazon","Ordem alfabética","s","celular samsung s25 fe 256gb","pt","br","0","-"
4639,"Celular Samsung","Amazon","Ordem alfabética","t","celular samsung top de linha","pt","br","1.3K","0.22"
4640,"Celular Samsung","Amazon","Ordem alfabética","t","celular samsung tela grande","pt","br","480","0.32"
4641,"Celular Samsung","Amazon","Ordem alfabética","t","celular samsung tela pequena","pt","br","210","0.33"
4642,"Celular Samsung","Amazon","Ordem alfabética","t","celular samsung tela 6.1","pt","br","0","-"
4643,"Celular Samsung","Amazon","Ordem alfabética","t","celular samsung teclado","pt","br","0","-"
4644,"Celular Samsung","Amazon","Ordem alfabética","t","celular samsung tela dobravel","pt","br","0","-"
4645,"Celular Samsung","Amazon","Ordem alfabética","t","celular samsung tela 6.9","pt","br","0","-"
4646,"Celular Samsung","Amazon","Ordem alfabética","t","celular samsung tela 6.2","pt","br","0","-"
4647,"Celular Samsung","Amazon","Ordem alfabética","t","celular samsung tela 6.1 polegadas","pt","br","0","-"
4648,"Celular Samsung","Amazon","Ordem alfabética","t","celular samsung tela 6.5","pt","br","0","-"
4649,"Celular Samsung","Amazon","Ordem alfabética","u","celular samsung ultimo lançamento","pt","br","1.6K","0.22"
4650,"Celular Samsung","Amazon","Ordem alfabética","u","celular samsung usado","pt","br","1.0K","0.15"
4651,"Celular Samsung","Amazon","Ordem alfabética","u","celular samsung ultra","pt","br","1.0K","0.26"
4652,"Celular Samsung","Amazon","Ordem alfabética","u","celular samsung ultra s25","pt","br","0","-"
4653,"Celular Samsung","Amazon","Ordem alfabética","u","celular samsung ultra s23","pt","br","0","-"
4654,"Celular Samsung","Amazon","Ordem alfabética","u","celular samsung ultra 23","pt","br","0","-"
4655,"Celular Samsung","Amazon","Ordem alfabética","u","celular samsung ultra fino","pt","br","0","-"
4656,"Celular Samsung","Amazon","Ordem alfabética","u","celular samsung ultra s26","pt","br","0","-"
4657,"Celular Samsung","Amazon","Ordem alfabética","u","celular samsung ultra 26","pt","br","0","-"
4658,"Celular Samsung","Amazon","Ordem alfabética","u","celular samsung ultra 16gb 512","pt","br","0","-"
4659,"Celular Samsung","Amazon","Ordem alfabética","v","valor de celular samsung","pt","br","1.3K","0.19"
4660,"Celular Samsung","Amazon","Ordem alfabética","v","celular samsung mais vendidos","pt","br","590","0.3"
4661,"Celular Samsung","Amazon","Ordem alfabética","v","celular samsung vermelho","pt","br","480","0.12"
4662,"Celular Samsung","Amazon","Ordem alfabética","v","celular samsung verde","pt","br","0","-"
4663,"Celular Samsung","Amazon","Ordem alfabética","v","celular samsung galaxy a56 5g 256gb 8gb ram verde","pt","br","0","-"
4664,"Celular Samsung","Amazon","Ordem alfabética","v","celular samsung galaxy a07 256gb 8gb câmera 50mp verde","pt","br","0","-"
4665,"Celular Samsung","Amazon","Ordem alfabética","v","celular samsung vendido pela amazon","pt","br","0","-"
4666,"Celular Samsung","Amazon","Ordem alfabética","v","celular samsung vovô e vovó 4g","pt","br","0","-"
4667,"Celular Samsung","Amazon","Ordem alfabética","v","capa de celular samsung a36 5g com porta cartão do vasco da gama","pt","br","0","-"
4668,"Celular Samsung","Amazon","Ordem alfabética","v","celular samsung galaxy a07 128gb, 4gb, câm. 50mp, tela 6.7""- violeta","pt","br","0","-"
4669,"Celular Samsung","Amazon","Ordem alfabética","w","celular samsung wifi 6","pt","br","10","0.89"
4670,"Celular Samsung","Amazon","Ordem alfabética","x","celular samsung xiaomi","pt","br","170","0.2"
4671,"Celular Samsung","Amazon","Ordem alfabética","x","celular samsung galaxy xcover7","pt","br","10","-"
4672,"Celular Samsung","Amazon","Ordem alfabética","x","celular samsung galaxy xcover 7","pt","br","10","0.08"
4673,"Celular Samsung","Amazon","Ordem alfabética","x","celular samsung x8 plus","pt","br","0","-"
4674,"Celular Samsung","Amazon","Ordem alfabética","x","celular samsung galaxy xcover 7 pro","pt","br","0","-"
4675,"Celular Samsung","Amazon","Ordem alfabética","x","carregador celular 168w turbo para xiaomi samsung tipo-c usb branco","pt","br","0","-"
4676,"Celular Samsung","Amazon","Ordem alfabética","x","celular xiaomi redmi note 13 pro 5g poco x5 celular samsung","pt","br","0","-"
4677,"Celular Samsung","Amazon","Ordem alfabética","x","celular samsung lançamento poco x8 pro","pt","br","0","-"
4678,"Celular Samsung","Amazon","Ordem alfabética","z","celular samsung z flip","pt","br","1.3K","0.15"
4679,"Celular Samsung","Amazon","Ordem alfabética","z","celular samsung zflip","pt","br","1.3K","0.15"
4680,"Celular Samsung","Amazon","Ordem alfabética","z","celular samsung z fold 7","pt","br","480","0.28"
4681,"Celular Samsung","Amazon","Ordem alfabética","z","celular samsung z flip 7","pt","br","0","-"
4682,"Celular Samsung","Amazon","Ordem alfabética","z","celular samsung z fold 6","pt","br","0","-"
4683,"Celular Samsung","Amazon","Ordem alfabética","z","celular samsung z","pt","br","0","-"
4684,"Celular Samsung","Amazon","Ordem alfabética","z","celular samsung z flip 6","pt","br","0","-"
4685,"Celular Samsung","Amazon","Ordem alfabética","z","celular samsung z flip 5","pt","br","0","-"
4686,"Celular Samsung","Amazon","Ordem alfabética","z","celular samsung z flip 4","pt","br","0","-"
4687,"Celular Samsung","Amazon","Ordem alfabética","z","celular samsung z flip 7 512gb","pt","br","0","-"
4688,"Celular Samsung","Amazon","Comparações","e","celular bom e barato da samsung","pt","br","8.1K","0.08"
4689,"Celular Samsung","Amazon","Comparações","e","celular samsung bom e barato","pt","br","8.1K","0.29"
4690,"Celular Samsung","Amazon","Comparações","e","celular que abre e fecha samsung","pt","br","0","-"
4691,"Celular Samsung","Amazon","Comparações","e","celular de abrir e fechar samsung","pt","br","0","-"
4692,"Celular Samsung","Amazon","Comparações","e","celular e relogio samsung","pt","br","0","-"
4693,"Celular Samsung","Amazon","Comparações","e","celular samsung simples e barato","pt","br","0","-"
4694,"Celular Samsung","Amazon","Comparações","e","celular samsung e iphone","pt","br","0","-"
4695,"Celular Samsung","Amazon","Comparações","e","celular samsung e motorola","pt","br","0","-"
4696,"Celular Samsung","Amazon","Comparações","e","celular samsung abre e flecha","pt","br","0","-"
4697,"Celular Samsung","Amazon","Comparações","e","celular de samsung que abre e fecha","pt","br","0","-"
4698,"Celular Samsung","Amazon","Comparações","ou","celular samsung galaxy s25 + prata, cinza ou azul claro","pt","br","0","-"
4699,"Celular Samsung","Amazon","Comparações","versus","celular samsung s25 fe versus s23fe","pt","br","0","-"
4700,"Celular Samsung","Amazon","Números","0","celular samsung 06","pt","br","14.8K","0.16"
4701,"Celular Samsung","Amazon","Números","0","celular samsung 05","pt","br","6.6K","0.12"
4702,"Celular Samsung","Amazon","Números","0","celular samsung 03 core","pt","br","590","0.09"
4703,"Celular Samsung","Amazon","Números","0","celular samsung 07","pt","br","0","-"
4704,"Celular Samsung","Amazon","Números","0","celular samsung 015","pt","br","0","-"
4705,"Celular Samsung","Amazon","Números","0","celular samsung 04","pt","br","0","-"
4706,"Celular Samsung","Amazon","Números","0","celular samsung 04e","pt","br","0","-"
4707,"Celular Samsung","Amazon","Números","0","celular samsung 07 256gb","pt","br","0","-"
4708,"Celular Samsung","Amazon","Números","0","celular samsung 07 64g","pt","br","0","-"
4709,"Celular Samsung","Amazon","Números","0","celular samsung 07 5g","pt","br","0","-"
4710,"Celular Samsung","Amazon","Números","1","celular samsung 128gb","pt","br","5.4K","0.57"
4711,"Celular Samsung","Amazon","Números","1","celular samsung 12 gb ram","pt","br","260","0.13"
4712,"Celular Samsung","Amazon","Números","1","celular samsung 16gb ram","pt","br","260","0.38"
4713,"Celular Samsung","Amazon","Números","1","celular samsung 128","pt","br","0","-"
4714,"Celular Samsung","Amazon","Números","1","celular samsung 128gb 6gb ram","pt","br","0","-"
4715,"Celular Samsung","Amazon","Números","1","celular samsung 128gb promoção","pt","br","0","-"
4716,"Celular Samsung","Amazon","Números","1","celular samsung 17 5g","pt","br","0","-"
4717,"Celular Samsung","Amazon","Números","1","celular samsung 17 de 256 gb 5g","pt","br","0","-"
4718,"Celular Samsung","Amazon","Números","1","celular samsung 128 gb 8 de ram","pt","br","0","-"
4719,"Celular Samsung","Amazon","Números","1","celular samsung 12gb ram 512gb 5g","pt","br","0","-"
4720,"Celular Samsung","Amazon","Números","2","celular samsung 256gb","pt","br","33.1K","0.56"
4721,"Celular Samsung","Amazon","Números","2","celular samsung 2026","pt","br","2.9K","0.23"
4722,"Celular Samsung","Amazon","Números","2","celular samsung 256gb 8gb ram","pt","br","2.9K","0.47"
4723,"Celular Samsung","Amazon","Números","2","celular samsung 256gb 5g","pt","br","0","-"
4724,"Celular Samsung","Amazon","Números","2","celular samsung 256gb promoção","pt","br","0","-"
4725,"Celular Samsung","Amazon","Números","2","celular samsung 256","pt","br","0","-"
4726,"Celular Samsung","Amazon","Números","2","celular samsung 256g","pt","br","0","-"
4727,"Celular Samsung","Amazon","Números","2","celular samsung 24","pt","br","0","-"
4728,"Celular Samsung","Amazon","Números","2","celular samsung 23","pt","br","0","-"
4729,"Celular Samsung","Amazon","Números","2","celular samsung 26 ultra","pt","br","0","-"
4730,"Celular Samsung","Amazon","Números","3","celular samsung a 36 256gb","pt","br","2.9K","0.27"
4731,"Celular Samsung","Amazon","Números","3","celular samsung 3 cameras","pt","br","880","0.19"
4732,"Celular Samsung","Amazon","Números","3","celular samsung 35","pt","br","320","0.16"
4733,"Celular Samsung","Amazon","Números","3","celular samsung 36","pt","br","0","-"
4734,"Celular Samsung","Amazon","Números","3","celular samsung 32 gb","pt","br","0","-"
4735,"Celular Samsung","Amazon","Números","3","celular samsung 37","pt","br","0","-"
4736,"Celular Samsung","Amazon","Números","3","celular samsung 300","pt","br","0","-"
4737,"Celular Samsung","Amazon","Números","3","celular samsung a 37 256gb","pt","br","0","-"
4738,"Celular Samsung","Amazon","Números","3","celular samsung 36 256gb 8gb 5g","pt","br","0","-"
4739,"Celular Samsung","Amazon","Números","3","celular samsung a 36 128gb","pt","br","0","-"
4740,"Celular Samsung","Amazon","Números","4","celular samsung 4 cameras","pt","br","590","0.05"
4741,"Celular Samsung","Amazon","Números","4","celular samsung 4g","pt","br","170","0.18"
4742,"Celular Samsung","Amazon","Números","4","celular samsung 4k","pt","br","50","0.12"
4743,"Celular Samsung","Amazon","Números","4","celular samsung galaxy a07 128gb 4gb ram preto","pt","br","0","-"
4744,"Celular Samsung","Amazon","Números","4","celular samsung 4g a 17 128gb","pt","br","0","-"
4745,"Celular Samsung","Amazon","Números","4","celular samsung galaxy a07 128gb, 4gb","pt","br","0","-"
4746,"Celular Samsung","Amazon","Números","4","celular samsung galaxy a17 5g, 128gb, 4gb, 50mp tela 6.7","pt","br","0","-"
4747,"Celular Samsung","Amazon","Números","4","celular samsung galaxy a07 128gb, 4gb, câm. 50mp, tela 6.7""- violeta","pt","br","0","-"
4748,"Celular Samsung","Amazon","Números","4","celular samsung galaxy a06 5g 128gb, 4gb, ip54, tela 6.7"" - preto","pt","br","0","-"
4749,"Celular Samsung","Amazon","Números","4","celular samsung galaxy a17, 128gb, 4gb, 50mp tela 6.7"", ip54 - cinza","pt","br","0","-"
4750,"Celular Samsung","Amazon","Números","5","celular samsung 5g","pt","br","5.4K","0.43"
4751,"Celular Samsung","Amazon","Números","5","celular samsung 512gb","pt","br","2.4K","0.37"
4752,"Celular Samsung","Amazon","Números","5","celular samsung 5g 256gb","pt","br","1.9K","0.41"
4753,"Celular Samsung","Amazon","Números","5","celular samsung 56","pt","br","0","-"
4754,"Celular Samsung","Amazon","Números","5","celular samsung 500gb","pt","br","0","-"
4755,"Celular Samsung","Amazon","Números","5","celular samsung 512gb promoção","pt","br","0","-"
4756,"Celular Samsung","Amazon","Números","5","celular samsung 512","pt","br","0","-"
4757,"Celular Samsung","Amazon","Números","5","celular samsung 5g na promoção","pt","br","0","-"
4758,"Celular Samsung","Amazon","Números","5","celular samsung 512gb s25","pt","br","0","-"
4759,"Celular Samsung","Amazon","Números","5","celular samsung 512 gb 16 ram","pt","br","0","-"
4760,"Celular Samsung","Amazon","Números","6","celular samsung 64gb","pt","br","590","0.34"
4761,"Celular Samsung","Amazon","Números","6","celular samsung 6gb ram","pt","br","480","0.51"
4762,"Celular Samsung","Amazon","Números","6","celular samsung flip 6","pt","br","170","0.27"
4763,"Celular Samsung","Amazon","Números","6","celular samsung z flip 6","pt","br","0","-"
4764,"Celular Samsung","Amazon","Números","6","celular samsung 6 polegadas","pt","br","0","-"
4765,"Celular Samsung","Amazon","Números","6","celular samsung 6gb","pt","br","0","-"
4766,"Celular Samsung","Amazon","Números","6","celular samsung 6.1 polegadas","pt","br","0","-"
4767,"Celular Samsung","Amazon","Números","6","celular samsung 64gb em promoção","pt","br","0","-"
4768,"Celular Samsung","Amazon","Números","6","celular samsung 6.2","pt","br","0","-"
4769,"Celular Samsung","Amazon","Números","6","celular samsung a05s 128gb 6gb","pt","br","0","-"
4770,"Celular Samsung","Amazon","Números","7","celular samsung a 7","pt","br","2.9K","0.19"
4771,"Celular Samsung","Amazon","Números","7","celular samsung flip 7","pt","br","590","0.23"
4772,"Celular Samsung","Amazon","Números","7","celular samsung z fold 7","pt","br","480","0.28"
4773,"Celular Samsung","Amazon","Números","7","celular samsung z flip 7","pt","br","0","-"
4774,"Celular Samsung","Amazon","Números","7","celular samsung galaxy z flip 7","pt","br","0","-"
4775,"Celular Samsung","Amazon","Números","7","celular samsung z flip 7 512gb","pt","br","0","-"
4776,"Celular Samsung","Amazon","Números","7","celular samsung galaxy a 72","pt","br","0","-"
4777,"Celular Samsung","Amazon","Números","7","celular samsung flip 7 256","pt","br","0","-"
4778,"Celular Samsung","Amazon","Números","7","celular samsung z flip 7 5g 256 de memória","pt","br","0","-"
4779,"Celular Samsung","Amazon","Números","7","samsung capa para celular galaxy z flip 7 fe","pt","br","0","-"
4780,"Celular Samsung","Amazon","Números","8","celular samsung 8gb ram","pt","br","1.0K","0.59"
4781,"Celular Samsung","Amazon","Números","8","celular samsung 8gb ram 256gb","pt","br","390","0.62"
4782,"Celular Samsung","Amazon","Números","8","celular samsung 8 ram","pt","br","210","0.3"
4783,"Celular Samsung","Amazon","Números","8","celular samsung 8gb","pt","br","0","-"
4784,"Celular Samsung","Amazon","Números","8","celular samsung 8g","pt","br","0","-"
4785,"Celular Samsung","Amazon","Números","8","celular samsung 8gb ram 5g","pt","br","0","-"
4786,"Celular Samsung","Amazon","Números","8","celular samsung 800","pt","br","0","-"
4787,"Celular Samsung","Amazon","Números","8","celular samsung 8g de ram 256","pt","br","0","-"
4788,"Celular Samsung","Amazon","Números","8","celular samsung 8 giga de ram","pt","br","0","-"
4789,"Celular Samsung","Amazon","Números","8","celular samsung 8g 256giga","pt","br","0","-"
4790,"Celular Samsung","Amazon","Números","9","celular samsung 900 reais","pt","br","90","0.16"
4791,"Celular Samsung","Amazon","Números","9","celular samsung galaxy a07 tela 6.7"" 128gb 4g 90hz câmera dupla 50mp","pt","br","0","-"
4792,"Celular Samsung","Amazon","Números","9","celular samsung galaxy a07 tela 6.7 256gb 4g 90hz câmera dupla 50mp","pt","br","0","-"
4793,"Celular Samsung","Amazon","Números","9","celular samsung a16 5g 256gb 8gb ram 90hz","pt","br","0","-"
4794,"Celular Samsung","Amazon","Preposições","com","celular samsung com nfc","pt","br","1.9K","0.34"
4795,"Celular Samsung","Amazon","Preposições","com","celular samsung com relógio","pt","br","320","0.28"
4796,"Celular Samsung","Amazon","Preposições","com","celular samsung com flip","pt","br","90","0.18"
4797,"Celular Samsung","Amazon","Preposições","com","celular samsung com indução","pt","br","0","-"
4798,"Celular Samsung","Amazon","Preposições","com","celular samsung com caneta touch","pt","br","0","-"
4799,"Celular Samsung","Amazon","Preposições","com","celular samsung com fone","pt","br","0","-"
4800,"Celular Samsung","Amazon","Preposições","com","celular samsung com 256","pt","br","0","-"
4801,"Celular Samsung","Amazon","Preposições","com","celular samsung com fonte","pt","br","0","-"
4802,"Celular Samsung","Amazon","Preposições","com","celular samsung com nfc 5g","pt","br","0","-"
4803,"Celular Samsung","Amazon","Preposições","com","celular samsung com 512 gb de memoria","pt","br","0","-"
4804,"Celular Samsung","Amazon","Preposições","como","capinha para celular samsung a 17 como carteira","pt","br","0","-"
4805,"Celular Samsung","Amazon","Preposições","para","caneta para celular samsung","pt","br","720","0.09"
4806,"Celular Samsung","Amazon","Preposições","para","celular samsung para idoso","pt","br","390","0.28"
4807,"Celular Samsung","Amazon","Preposições","para","capa para celular samsung a17","pt","br","170","0.11"
4808,"Celular Samsung","Amazon","Preposições","para","capa para celular samsung s25 fe","pt","br","0","-"
4809,"Celular Samsung","Amazon","Preposições","para","capa para celular samsung a36 5g","pt","br","0","-"
4810,"Celular Samsung","Amazon","Preposições","para","capa para celular samsung a57","pt","br","0","-"
4811,"Celular Samsung","Amazon","Preposições","para","capa para celular a36 samsung","pt","br","0","-"
4812,"Celular Samsung","Amazon","Preposições","para","capa para celular samsung s25fe","pt","br","0","-"
4813,"Celular Samsung","Amazon","Preposições","para","celular samsung para idosos 2 chips","pt","br","0","-"
4814,"Celular Samsung","Amazon","Preposições","para","capa para celular samsung galaxy a57","pt","br","0","-"
4815,"Celular Samsung","Amazon","Preposições","sem","carregador de celular sem fio samsung","pt","br","70","0.06"
4816,"Celular Samsung","Amazon","Preposições","sem","microfone sem fio para celular samsung","pt","br","70","0.11"
4817,"Celular Samsung","Amazon","Preposições","sem","fone de ouvido sem fio para celular samsung","pt","br","50","0.08"
4818,"Celular Samsung","Amazon","Preposições","sem","carregador sem fio para celular samsung","pt","br","0","-"
4819,"Celular Samsung","Amazon","Preposições","sem","carregador celular sem fio samsung","pt","br","0","-"
4820,"Celular Samsung","Amazon","Preposições","sem","celular samsung a17 256gb em 18x sem juros","pt","br","0","-"
4821,"Celular Samsung","Amazon","Preposições","sem","fonte de ouvido para celular samsung sem fio","pt","br","0","-"
4822,"Celular Samsung","Amazon","Preposições","tipo","carregador de celular samsung tipo c","pt","br","40","0.05"
4823,"Celular Samsung","Amazon","Preposições","tipo","cabo de celular tipo c samsung original","pt","br","10","0.09"
4824,"Celular Samsung","Amazon","Preposições","tipo","capa tipo carteira celular samsung s25","pt","br","0","-"
4825,"Celular Samsung","Amazon","Preposições","tipo","carregador original da samsung tipo c para celular","pt","br","0","-"
4826,"Celular Samsung","Amazon","Preposições","tipo","cabo de carregador original da samsung tipo c para celular","pt","br","0","-"
4827,"Celular Samsung","Amazon","Preposições","tipo","cabo celular tipo c samsung branco","pt","br","0","-"
4828,"Celular Samsung","Amazon","Preposições","tipo","cabo para celular tipo c samsung","pt","br","0","-"
4829,"Celular Samsung","Amazon","Preposições","tipo","capa tipo carteira celular samsung a35","pt","br","0","-"
4830,"Celular Samsung","Amazon","Preposições","tipo","carregador de celular tipo c samsung original","pt","br","0","-"
4831,"Celular Samsung","Amazon","Perguntas","como","capinha para celular samsung a 17 como carteira","pt","br","0","-"
4832,"Celular Samsung","Amazon","Perguntas","é","qual é o melhor celular de samsung","pt","br","0","-"
4833,"Celular Samsung","Amazon","Perguntas","qual","qual é o melhor celular de samsung","pt","br","0","-"
4834,"Celular Samsung","Amazon","Perguntas","qual","qual e o celular mais melhor da samsung","pt","br","0","-"
4835,"Celular Samsung","Amazon","Perguntas","qual","qual o melhor samsung para comprar celular s 25","pt","br","0","-"
