No,Termo de busca,Plataforma,Tipo de modificador,Modificador,Palavra-chave,Idioma,País,Volume,CPC (US$)
1,"Smartphone","Google","Ordem alfabética","a","smartphone asus","pt","br","1.6K","0.15"
2,"Smartphone","Google","Ordem alfabética","a","smartphone a56","pt","br","1.0K","0.42"
3,"Smartphone","Google","Ordem alfabética","a","smartphone apple","pt","br","720","0.32"
4,"Smartphone","Google","Ordem alfabética","a","smartphone a56 256gb","pt","br","0","-"
5,"Smartphone","Google","Ordem alfabética","a","smartphone até 1000","pt","br","0","-"
6,"Smartphone","Google","Ordem alfabética","a","smartphone a prova d'água","pt","br","0","-"
7,"Smartphone","Google","Ordem alfabética","a","smartphone android","pt","br","0","-"
8,"Smartphone","Google","Ordem alfabética","a","smartphone apple iphone 14 pro 128gb","pt","br","0","-"
9,"Smartphone","Google","Ordem alfabética","a","smartphone a57","pt","br","0","-"
10,"Smartphone","Google","Ordem alfabética","a","smartphone a07","pt","br","0","-"
11,"Smartphone","Google","Ordem alfabética","a","smartphone a17 samsung","pt","br","0","-"
12,"Smartphone","Google","Ordem alfabética","a","smartphone a17","pt","br","0","-"
13,"Smartphone","Google","Ordem alfabética","a","smartphone a36 256gb","pt","br","0","-"
14,"Smartphone","Google","Ordem alfabética","a","smartphone a07 samsung","pt","br","0","-"
15,"Smartphone","Google","Ordem alfabética","a","smartphone a36","pt","br","0","-"
16,"Smartphone","Google","Ordem alfabética","b","smartphone barato","pt","br","6.6K","0.25"
17,"Smartphone","Google","Ordem alfabética","b","smartphone barato e bom","pt","br","2.4K","0.29"
18,"Smartphone","Google","Ordem alfabética","b","smartphone blackview","pt","br","590","0.17"
19,"Smartphone","Google","Ordem alfabética","b","smartphone blu","pt","br","0","-"
20,"Smartphone","Google","Ordem alfabética","b","smartphone bom","pt","br","0","-"
21,"Smartphone","Google","Ordem alfabética","b","smartphone blackberry","pt","br","0","-"
22,"Smartphone","Google","Ordem alfabética","b","smartphone barato novo","pt","br","0","-"
23,"Smartphone","Google","Ordem alfabética","b","smartphone barato com nfc","pt","br","0","-"
24,"Smartphone","Google","Ordem alfabética","b","smartphone bml","pt","br","0","-"
25,"Smartphone","Google","Ordem alfabética","b","smartphone bom para jogos","pt","br","0","-"
26,"Smartphone","Google","Ordem alfabética","b","smartphone bateria 7000mah","pt","br","0","-"
27,"Smartphone","Google","Ordem alfabética","b","smartphone bom custo benefício","pt","br","0","-"
28,"Smartphone","Google","Ordem alfabética","b","smartphone bml é bom","pt","br","0","-"
29,"Smartphone","Google","Ordem alfabética","b","smartphone bom e barato para jogos","pt","br","0","-"
30,"Smartphone","Google","Ordem alfabética","b","smartphone bom e barato 2026","pt","br","0","-"
31,"Smartphone","Google","Ordem alfabética","c","smartphone claro","pt","br","6.6K","0.13"
32,"Smartphone","Google","Ordem alfabética","c","smartphone caterpillar","pt","br","1.9K","0.11"
33,"Smartphone","Google","Ordem alfabética","c","smartphone com nfc","pt","br","1.6K","0.27"
34,"Smartphone","Google","Ordem alfabética","c","smartphone casas bahia","pt","br","0","-"
35,"Smartphone","Google","Ordem alfabética","c","smartphone com melhor camera","pt","br","0","-"
36,"Smartphone","Google","Ordem alfabética","c","smartphone cubot","pt","br","0","-"
37,"Smartphone","Google","Ordem alfabética","c","smartphone com camera boa","pt","br","0","-"
38,"Smartphone","Google","Ordem alfabética","c","smartphone com carregamento por indução","pt","br","0","-"
39,"Smartphone","Google","Ordem alfabética","c","smartphone com nfc barato","pt","br","0","-"
40,"Smartphone","Google","Ordem alfabética","c","smartphone com snapdragon","pt","br","0","-"
41,"Smartphone","Google","Ordem alfabética","c","smartphone com bateria de longa duração","pt","br","0","-"
42,"Smartphone","Google","Ordem alfabética","c","smartphone com 512 gb de memória","pt","br","0","-"
43,"Smartphone","Google","Ordem alfabética","c","smartphone custo benefício 2026","pt","br","0","-"
44,"Smartphone","Google","Ordem alfabética","c","smartphone celular xiaomi redmi note 14","pt","br","0","-"
45,"Smartphone","Google","Ordem alfabética","c","smartphone com melhor custo benefício 2026","pt","br","0","-"
46,"Smartphone","Google","Ordem alfabética","d","smartphone dobrável","pt","br","8.1K","0.16"
47,"Smartphone","Google","Ordem alfabética","d","smartphone doogee","pt","br","720","0.18"
48,"Smartphone","Google","Ordem alfabética","d","smartphone da samsung","pt","br","480","0.24"
49,"Smartphone","Google","Ordem alfabética","d","smartphone da xiaomi","pt","br","0","-"
50,"Smartphone","Google","Ordem alfabética","d","smartphone da tesla","pt","br","0","-"
51,"Smartphone","Google","Ordem alfabética","d","smartphone da google","pt","br","0","-"
52,"Smartphone","Google","Ordem alfabética","d","smartphone da apple","pt","br","0","-"
53,"Smartphone","Google","Ordem alfabética","d","smartphone da motorola","pt","br","0","-"
54,"Smartphone","Google","Ordem alfabética","d","smartphone de entrada","pt","br","0","-"
55,"Smartphone","Google","Ordem alfabética","d","smartphone de 512 gb","pt","br","0","-"
56,"Smartphone","Google","Ordem alfabética","d","smartphone dual chip","pt","br","0","-"
57,"Smartphone","Google","Ordem alfabética","d","smartphone da sony","pt","br","0","-"
58,"Smartphone","Google","Ordem alfabética","d","smartphone dobrável xiaomi","pt","br","0","-"
59,"Smartphone","Google","Ordem alfabética","d","smartphone da polishop","pt","br","0","-"
60,"Smartphone","Google","Ordem alfabética","d","smartphone de entrada 2026","pt","br","0","-"
61,"Smartphone","Google","Ordem alfabética","e","smartphone em promoção","pt","br","8.1K","0.33"
62,"Smartphone","Google","Ordem alfabética","e","smartphone em oferta","pt","br","480","0.35"
63,"Smartphone","Google","Ordem alfabética","e","smartphone em promoção hoje","pt","br","320","0.34"
64,"Smartphone","Google","Ordem alfabética","e","smartphone edge 60","pt","br","0","-"
65,"Smartphone","Google","Ordem alfabética","e","smartphone edge 60 pro","pt","br","0","-"
66,"Smartphone","Google","Ordem alfabética","e","smartphone em promoção 5g","pt","br","0","-"
67,"Smartphone","Google","Ordem alfabética","e","smartphone edge","pt","br","0","-"
68,"Smartphone","Google","Ordem alfabética","e","smartphone edge 60 fusion","pt","br","0","-"
69,"Smartphone","Google","Ordem alfabética","e","smartphone elon musk","pt","br","0","-"
70,"Smartphone","Google","Ordem alfabética","e","smartphone edge 70 fusion","pt","br","0","-"
71,"Smartphone","Google","Ordem alfabética","e","smartphone e celular é a mesma coisa","pt","br","0","-"
72,"Smartphone","Google","Ordem alfabética","e","smartphone edge 70 pro","pt","br","0","-"
73,"Smartphone","Google","Ordem alfabética","e","smartphone edge 70","pt","br","0","-"
74,"Smartphone","Google","Ordem alfabética","e","smartphone edge 60 neo","pt","br","0","-"
75,"Smartphone","Google","Ordem alfabética","e","smartphone edge 70 5g motorola","pt","br","0","-"
76,"Smartphone","Google","Ordem alfabética","f","smartphone flip","pt","br","1.0K","0.14"
77,"Smartphone","Google","Ordem alfabética","f","smartphone flip samsung","pt","br","260","0.23"
78,"Smartphone","Google","Ordem alfabética","f","smartphone fold","pt","br","140","0.14"
79,"Smartphone","Google","Ordem alfabética","f","smartphone flip xiaomi","pt","br","0","-"
80,"Smartphone","Google","Ordem alfabética","f","smartphone flash tool","pt","br","0","-"
81,"Smartphone","Google","Ordem alfabética","f","smartphone flip motorola","pt","br","0","-"
82,"Smartphone","Google","Ordem alfabética","f","smartphone fisher price","pt","br","0","-"
83,"Smartphone","Google","Ordem alfabética","f","smartphone fino","pt","br","0","-"
84,"Smartphone","Google","Ordem alfabética","f","smartphone fabricado pela apple","pt","br","0","-"
85,"Smartphone","Google","Ordem alfabética","f","smartphone fone","pt","br","0","-"
86,"Smartphone","Google","Ordem alfabética","f","smartphone foto","pt","br","0","-"
87,"Smartphone","Google","Ordem alfabética","f","smartphone foi criado em que ano","pt","br","0","-"
88,"Smartphone","Google","Ordem alfabética","f","smartphone flagship","pt","br","0","-"
89,"Smartphone","Google","Ordem alfabética","f","smartphone foi redefinido para a configuração original para usá-lo digite seu padrão anterior","pt","br","0","-"
90,"Smartphone","Google","Ordem alfabética","f","smartphone fossibot","pt","br","0","-"
91,"Smartphone","Google","Ordem alfabética","g","smartphone google","pt","br","1.0K","0.12"
92,"Smartphone","Google","Ordem alfabética","g","smartphone gamer","pt","br","1.0K","0.15"
93,"Smartphone","Google","Ordem alfabética","g","smartphone galaxy","pt","br","880","0.48"
94,"Smartphone","Google","Ordem alfabética","g","smartphone google pixel","pt","br","0","-"
95,"Smartphone","Google","Ordem alfabética","g","smartphone galaxy a56","pt","br","0","-"
96,"Smartphone","Google","Ordem alfabética","g","smartphone galaxy s25","pt","br","0","-"
97,"Smartphone","Google","Ordem alfabética","g","smartphone galaxy a07 128gb samsung","pt","br","0","-"
98,"Smartphone","Google","Ordem alfabética","g","smartphone google pixel 10 pro","pt","br","0","-"
99,"Smartphone","Google","Ordem alfabética","g","smartphone galaxy a17 lte 256gb samsung","pt","br","0","-"
100,"Smartphone","Google","Ordem alfabética","g","smartphone gamer infinix gt30 pro 5g","pt","br","0","-"
101,"Smartphone","Google","Ordem alfabética","g","smartphone galaxy s25 fe 128gb 8gb samsung","pt","br","0","-"
102,"Smartphone","Google","Ordem alfabética","g","smartphone galaxy a07 128gb tela 6.7 verde verde","pt","br","0","-"
103,"Smartphone","Google","Ordem alfabética","g","smartphone galaxy z flip7 fe 5g 128gb 8gb ram 50mp samsung","pt","br","0","-"
104,"Smartphone","Google","Ordem alfabética","g","smartphone galaxy a07 samsung","pt","br","0","-"
105,"Smartphone","Google","Ordem alfabética","g","smartphone galaxy a17","pt","br","0","-"
106,"Smartphone","Google","Ordem alfabética","h","smartphone huawei","pt","br","2.9K","0.17"
107,"Smartphone","Google","Ordem alfabética","h","smartphone honor","pt","br","1.3K","0.11"
108,"Smartphone","Google","Ordem alfabética","h","smartphone honor x7c","pt","br","320","0.11"
109,"Smartphone","Google","Ordem alfabética","h","smartphone honor magic 7 lite","pt","br","0","-"
110,"Smartphone","Google","Ordem alfabética","h","smartphone huawei pura 80 ultra","pt","br","0","-"
111,"Smartphone","Google","Ordem alfabética","h","smartphone havan","pt","br","0","-"
112,"Smartphone","Google","Ordem alfabética","h","smartphone hotwav","pt","br","0","-"
113,"Smartphone","Google","Ordem alfabética","h","smartphone hotwav a17 pro max","pt","br","0","-"
114,"Smartphone","Google","Ordem alfabética","h","smartphone huawei ultimate design mate xt","pt","br","0","-"
115,"Smartphone","Google","Ordem alfabética","h","smartphone huawei mate xt dobrável triplo 1tb 5g 10.2","pt","br","0","-"
116,"Smartphone","Google","Ordem alfabética","h","smartphone huawei ultimate design mate xt 1tb 16gb ram","pt","br","0","-"
117,"Smartphone","Google","Ordem alfabética","h","smartphone huawei mate xt ultimate design celular 16gb+1tb","pt","br","0","-"
118,"Smartphone","Google","Ordem alfabética","h","smartphone huawei ultimate design mate xt 1tb 16gb ram vermelho 6 4 câm tripla + selfie 8mp","pt","br","0","-"
119,"Smartphone","Google","Ordem alfabética","h","smartphone huawei pura80ultra 512gb 16gb ram preto 6 8 câm quádrupla","pt","br","0","-"
120,"Smartphone","Google","Ordem alfabética","h","smartphone honor magic 7 lite 5g + 512gb (12gb ram+12gb turbo) preto","pt","br","0","-"
121,"Smartphone","Google","Ordem alfabética","i","smartphone infinix","pt","br","2.9K","-"
122,"Smartphone","Google","Ordem alfabética","i","smartphone idoso","pt","br","1.9K","0.16"
123,"Smartphone","Google","Ordem alfabética","i","smartphone iphone","pt","br","720","0.21"
124,"Smartphone","Google","Ordem alfabética","i","smartphone indestrutível","pt","br","0","-"
125,"Smartphone","Google","Ordem alfabética","i","smartphone infinix note 40","pt","br","0","-"
126,"Smartphone","Google","Ordem alfabética","i","smartphone infinix hot 50i","pt","br","0","-"
127,"Smartphone","Google","Ordem alfabética","i","smartphone infinix é bom","pt","br","0","-"
128,"Smartphone","Google","Ordem alfabética","i","smartphone infinity","pt","br","0","-"
129,"Smartphone","Google","Ordem alfabética","i","smartphone intermediário","pt","br","0","-"
130,"Smartphone","Google","Ordem alfabética","i","smartphone intermediário 2026","pt","br","0","-"
131,"Smartphone","Google","Ordem alfabética","i","smartphone iphone 15 pro max","pt","br","0","-"
132,"Smartphone","Google","Ordem alfabética","i","smartphone i17 pro max","pt","br","0","-"
133,"Smartphone","Google","Ordem alfabética","i","smartphone infinix note 50x","pt","br","0","-"
134,"Smartphone","Google","Ordem alfabética","i","smartphone infinix smart 10","pt","br","0","-"
135,"Smartphone","Google","Ordem alfabética","i","smartphone infinix note 50x 5g 8gb ram 256gb","pt","br","0","-"
136,"Smartphone","Google","Ordem alfabética","j","smartphone jovi","pt","br","1.9K","0.19"
137,"Smartphone","Google","Ordem alfabética","j","smartphone jovi v50","pt","br","1.6K","0.15"
138,"Smartphone","Google","Ordem alfabética","j","smartphone jovi v50 5g 512gb 12gb ram","pt","br","480","0.2"
139,"Smartphone","Google","Ordem alfabética","j","smartphone jovi y29","pt","br","0","-"
140,"Smartphone","Google","Ordem alfabética","j","smartphone jovi v50 lite 5g 256gb 8gb ram","pt","br","0","-"
141,"Smartphone","Google","Ordem alfabética","j","smartphone jovi é bom","pt","br","0","-"
142,"Smartphone","Google","Ordem alfabética","j","smartphone jovi t1","pt","br","0","-"
143,"Smartphone","Google","Ordem alfabética","j","smartphone jovi y31","pt","br","0","-"
144,"Smartphone","Google","Ordem alfabética","j","smartphone jovi y29 256gb 8+8gb ram turbo","pt","br","0","-"
145,"Smartphone","Google","Ordem alfabética","j","smartphone jovi v70 5g 512gb azul 8gb ram tela 6 83 câm. dupla principal de 200mp","pt","br","0","-"
146,"Smartphone","Google","Ordem alfabética","j","smartphone jovi v70","pt","br","0","-"
147,"Smartphone","Google","Ordem alfabética","j","smartphone jovi (jovi v70 512gb) - 5g","pt","br","0","-"
148,"Smartphone","Google","Ordem alfabética","j","smartphone jovi (jovi y21 256gb) - 5g","pt","br","0","-"
149,"Smartphone","Google","Ordem alfabética","j","smartphone jovi v70 5g tela 6.83 256gb câmera 200mp bateria 7000mah azul safira","pt","br","0","-"
150,"Smartphone","Google","Ordem alfabética","j","smartphone jovi y21","pt","br","0","-"
151,"Smartphone","Google","Ordem alfabética","k","smartphone king kong","pt","br","210","0.14"
152,"Smartphone","Google","Ordem alfabética","k","smartphone keyboard","pt","br","70","-"
153,"Smartphone","Google","Ordem alfabética","k","smartphone king kong 9","pt","br","70","0.12"
154,"Smartphone","Google","Ordem alfabética","k","smartphone kalunga","pt","br","0","-"
155,"Smartphone","Google","Ordem alfabética","k","smartphone kyocera","pt","br","0","-"
156,"Smartphone","Google","Ordem alfabética","k","smartphone king kong 8","pt","br","0","-"
157,"Smartphone","Google","Ordem alfabética","k","smartphone k62","pt","br","0","-"
158,"Smartphone","Google","Ordem alfabética","k","smartphone k41s","pt","br","0","-"
159,"Smartphone","Google","Ordem alfabética","k","smartphone k61","pt","br","0","-"
160,"Smartphone","Google","Ordem alfabética","k","smartphone king kong é bom","pt","br","0","-"
161,"Smartphone","Google","Ordem alfabética","k","smartphone k90 pro max","pt","br","0","-"
162,"Smartphone","Google","Ordem alfabética","k","smartphone k90","pt","br","0","-"
163,"Smartphone","Google","Ordem alfabética","k","smartphone kids","pt","br","0","-"
164,"Smartphone","Google","Ordem alfabética","k","smartphone k touch s5","pt","br","0","-"
165,"Smartphone","Google","Ordem alfabética","k","smartphone k90 lamborghini","pt","br","0","-"
166,"Smartphone","Google","Ordem alfabética","l","smartphone lg","pt","br","1.9K","0.19"
167,"Smartphone","Google","Ordem alfabética","l","smartphone lançamento","pt","br","480","0.18"
168,"Smartphone","Google","Ordem alfabética","l","smartphone lenovo","pt","br","390","0.13"
169,"Smartphone","Google","Ordem alfabética","l","smartphone lojas americanas","pt","br","0","-"
170,"Smartphone","Google","Ordem alfabética","l","smartphone lenovo legion","pt","br","0","-"
171,"Smartphone","Google","Ordem alfabética","l","smartphone lg k62","pt","br","0","-"
172,"Smartphone","Google","Ordem alfabética","l","smartphone lg velvet","pt","br","0","-"
173,"Smartphone","Google","Ordem alfabética","l","smartphone linha s","pt","br","0","-"
174,"Smartphone","Google","Ordem alfabética","l","smartphone lg k61","pt","br","0","-"
175,"Smartphone","Google","Ordem alfabética","l","smartphone lenovo legion phone duel 256gb","pt","br","0","-"
176,"Smartphone","Google","Ordem alfabética","l","smartphone linha s samsung","pt","br","0","-"
177,"Smartphone","Google","Ordem alfabética","l","smartphone legion 256 l79031 - red ve r na","pt","br","0","-"
178,"Smartphone","Google","Ordem alfabética","l","smartphone laranja","pt","br","0","-"
179,"Smartphone","Google","Ordem alfabética","l","smartphone lenovo legion phone duel 256gb - vengeance red 5g 12gb ram 6 65 câm. dupl","pt","br","0","-"
180,"Smartphone","Google","Ordem alfabética","l","smartphone lançamento 2026","pt","br","0","-"
181,"Smartphone","Google","Ordem alfabética","m","smartphone motorola edge 60 pro 5g","pt","br","27.1K","0.35"
182,"Smartphone","Google","Ordem alfabética","m","smartphone motorola edge 60 5g","pt","br","18.1K","0.38"
183,"Smartphone","Google","Ordem alfabética","m","smartphone motorola","pt","br","18.1K","0.41"
184,"Smartphone","Google","Ordem alfabética","m","smartphone motorola edge 60 5g 512 gb","pt","br","0","-"
185,"Smartphone","Google","Ordem alfabética","m","smartphone motorola edge 60 fusion 256gb 5g","pt","br","0","-"
186,"Smartphone","Google","Ordem alfabética","m","smartphone motorola edge 70","pt","br","0","-"
187,"Smartphone","Google","Ordem alfabética","m","smartphone motorola edge 70 512gb 5g","pt","br","0","-"
188,"Smartphone","Google","Ordem alfabética","m","smartphone motorola signature","pt","br","0","-"
189,"Smartphone","Google","Ordem alfabética","m","smartphone motorola edge 60","pt","br","0","-"
190,"Smartphone","Google","Ordem alfabética","m","smartphone motorola moto g06","pt","br","0","-"
191,"Smartphone","Google","Ordem alfabética","m","smartphone motorola moto g86 5g","pt","br","0","-"
192,"Smartphone","Google","Ordem alfabética","m","smartphone motorola moto g86","pt","br","0","-"
193,"Smartphone","Google","Ordem alfabética","m","smartphone motorola edge 70 fusion 5g","pt","br","0","-"
194,"Smartphone","Google","Ordem alfabética","m","smartphone motorola signature 512gb 5g","pt","br","0","-"
195,"Smartphone","Google","Ordem alfabética","m","smartphone motorola edge 70 pro 5g 24gb","pt","br","0","-"
196,"Smartphone","Google","Ordem alfabética","n","smartphone na promoção","pt","br","8.1K","0.26"
197,"Smartphone","Google","Ordem alfabética","n","smartphone na claro","pt","br","6.6K","0.32"
198,"Smartphone","Google","Ordem alfabética","n","smartphone nokia","pt","br","1.9K","0.09"
199,"Smartphone","Google","Ordem alfabética","n","smartphone na casas bahia","pt","br","0","-"
200,"Smartphone","Google","Ordem alfabética","n","smartphone nfc","pt","br","0","-"
201,"Smartphone","Google","Ordem alfabética","n","smartphone novo","pt","br","0","-"
202,"Smartphone","Google","Ordem alfabética","n","smartphone nubia","pt","br","0","-"
203,"Smartphone","Google","Ordem alfabética","n","smartphone novo barato","pt","br","0","-"
204,"Smartphone","Google","Ordem alfabética","n","smartphone no mercadolivre","pt","br","0","-"
205,"Smartphone","Google","Ordem alfabética","n","smartphone note 14","pt","br","0","-"
206,"Smartphone","Google","Ordem alfabética","n","smartphone nfc 5g","pt","br","0","-"
207,"Smartphone","Google","Ordem alfabética","n","smartphone no paraguai","pt","br","0","-"
208,"Smartphone","Google","Ordem alfabética","n","smartphone no boleto","pt","br","0","-"
209,"Smartphone","Google","Ordem alfabética","n","smartphone nvidia","pt","br","0","-"
210,"Smartphone","Google","Ordem alfabética","n","smartphone nokia 2026","pt","br","0","-"
211,"Smartphone","Google","Ordem alfabética","o","smartphone oppo","pt","br","4.4K","0.23"
212,"Smartphone","Google","Ordem alfabética","o","smartphone o que é","pt","br","2.4K","0.21"
213,"Smartphone","Google","Ordem alfabética","o","smartphone oppo é bom","pt","br","720","0.27"
214,"Smartphone","Google","Ordem alfabética","o","smartphone oppo a5","pt","br","0","-"
215,"Smartphone","Google","Ordem alfabética","o","smartphone oppo a60","pt","br","0","-"
216,"Smartphone","Google","Ordem alfabética","o","smartphone oppo reno 14","pt","br","0","-"
217,"Smartphone","Google","Ordem alfabética","o","smartphone oukitel","pt","br","0","-"
218,"Smartphone","Google","Ordem alfabética","o","smartphone oneplus","pt","br","0","-"
219,"Smartphone","Google","Ordem alfabética","o","smartphone oppo find x9 pro 5g 512gb 16gb ram","pt","br","0","-"
220,"Smartphone","Google","Ordem alfabética","o","smartphone oppo a6x","pt","br","0","-"
221,"Smartphone","Google","Ordem alfabética","o","smartphone oppo find x9 pro","pt","br","0","-"
222,"Smartphone","Google","Ordem alfabética","o","smartphone oppo a6","pt","br","0","-"
223,"Smartphone","Google","Ordem alfabética","o","smartphone oppo a6t","pt","br","0","-"
224,"Smartphone","Google","Ordem alfabética","o","smartphone oppo a6 pro","pt","br","0","-"
225,"Smartphone","Google","Ordem alfabética","o","smartphone oppo reno 14f","pt","br","0","-"
226,"Smartphone","Google","Ordem alfabética","p","smartphone promoção","pt","br","4.4K","0.37"
227,"Smartphone","Google","Ordem alfabética","p","smartphone poco","pt","br","2.4K","0.21"
228,"Smartphone","Google","Ordem alfabética","p","smartphone poco x7 pro","pt","br","1.6K","0.27"
229,"Smartphone","Google","Ordem alfabética","p","smartphone para idoso","pt","br","0","-"
230,"Smartphone","Google","Ordem alfabética","p","smartphone png","pt","br","0","-"
231,"Smartphone","Google","Ordem alfabética","p","smartphone pequeno","pt","br","0","-"
232,"Smartphone","Google","Ordem alfabética","p","smartphone positivo","pt","br","0","-"
233,"Smartphone","Google","Ordem alfabética","p","smartphone poco x7 pro 5g dual sim 512gb 12gb ram","pt","br","0","-"
234,"Smartphone","Google","Ordem alfabética","p","smartphone poco x7 pro 5g 512gb 12gb xiaomi","pt","br","0","-"
235,"Smartphone","Google","Ordem alfabética","p","smartphone por menos de r$ 1.000","pt","br","0","-"
236,"Smartphone","Google","Ordem alfabética","p","smartphone poco c85 6+6gb + 128gb preto","pt","br","0","-"
237,"Smartphone","Google","Ordem alfabética","p","smartphone poco x7 pro 5g 512gb 12gb nfc tela amoled 120 hz câmera","pt","br","0","-"
238,"Smartphone","Google","Ordem alfabética","p","smartphone poco x8 pro 5g 512gb 8gb ram branco - xiaomi","pt","br","0","-"
239,"Smartphone","Google","Ordem alfabética","p","smartphone poco c85","pt","br","0","-"
240,"Smartphone","Google","Ordem alfabética","p","smartphone poco x8 pro max","pt","br","0","-"
241,"Smartphone","Google","Ordem alfabética","q","smartphone qual o melhor","pt","br","720","0.06"
242,"Smartphone","Google","Ordem alfabética","q","smartphone quantum","pt","br","210","0.05"
243,"Smartphone","Google","Ordem alfabética","q","smartphone que dobra","pt","br","140","0.13"
244,"Smartphone","Google","Ordem alfabética","q","smartphone qwerty","pt","br","0","-"
245,"Smartphone","Google","Ordem alfabética","q","smartphone quadrado","pt","br","0","-"
246,"Smartphone","Google","Ordem alfabética","q","smartphone que carrega por indução","pt","br","0","-"
247,"Smartphone","Google","Ordem alfabética","q","smartphone que não quebra","pt","br","0","-"
248,"Smartphone","Google","Ordem alfabética","q","smartphone que abre e fecha","pt","br","0","-"
249,"Smartphone","Google","Ordem alfabética","q","smartphone que parece iphone","pt","br","0","-"
250,"Smartphone","Google","Ordem alfabética","q","smartphone que não trava","pt","br","0","-"
251,"Smartphone","Google","Ordem alfabética","q","smartphone que tem nfc","pt","br","0","-"
252,"Smartphone","Google","Ordem alfabética","q","smartphone que dobra no meio","pt","br","0","-"
253,"Smartphone","Google","Ordem alfabética","q","smartphone quando surgiu","pt","br","0","-"
254,"Smartphone","Google","Ordem alfabética","q","smartphone que bate de frente com iphone","pt","br","0","-"
255,"Smartphone","Google","Ordem alfabética","q","smartphone que tira foto da lua","pt","br","0","-"
256,"Smartphone","Google","Ordem alfabética","r","smartphone realme","pt","br","2.4K","0.18"
257,"Smartphone","Google","Ordem alfabética","r","smartphone redmi","pt","br","1.6K","0.23"
258,"Smartphone","Google","Ordem alfabética","r","smartphone realme c75","pt","br","880","0.16"
259,"Smartphone","Google","Ordem alfabética","r","smartphone redmi note 14 pro","pt","br","0","-"
260,"Smartphone","Google","Ordem alfabética","r","smartphone resistente","pt","br","0","-"
261,"Smartphone","Google","Ordem alfabética","r","smartphone rosa","pt","br","0","-"
262,"Smartphone","Google","Ordem alfabética","r","smartphone redmi 15","pt","br","0","-"
263,"Smartphone","Google","Ordem alfabética","r","smartphone redmagic","pt","br","0","-"
264,"Smartphone","Google","Ordem alfabética","r","smartphone realme é bom","pt","br","0","-"
265,"Smartphone","Google","Ordem alfabética","r","smartphone resistente a queda","pt","br","0","-"
266,"Smartphone","Google","Ordem alfabética","r","smartphone redmi 15c","pt","br","0","-"
267,"Smartphone","Google","Ordem alfabética","r","smartphone redmi note 15 pro","pt","br","0","-"
268,"Smartphone","Google","Ordem alfabética","r","smartphone redmi note 15","pt","br","0","-"
269,"Smartphone","Google","Ordem alfabética","r","smartphone realme c85","pt","br","0","-"
270,"Smartphone","Google","Ordem alfabética","r","smartphone redmi note 14","pt","br","0","-"
271,"Smartphone","Google","Ordem alfabética","s","smartphone samsung","pt","br","40.5K","0.52"
272,"Smartphone","Google","Ordem alfabética","s","smartphone samsung galaxy a56 5g","pt","br","12.1K","0.52"
273,"Smartphone","Google","Ordem alfabética","s","smartphone samsung galaxy a36 5g","pt","br","4.4K","0.59"
274,"Smartphone","Google","Ordem alfabética","s","smartphone samsung 256gb","pt","br","0","-"
275,"Smartphone","Google","Ordem alfabética","s","smartphone samsung galaxy","pt","br","0","-"
276,"Smartphone","Google","Ordem alfabética","s","smartphone samsung galaxy s25 ultra 256gb 5g titânio","pt","br","0","-"
277,"Smartphone","Google","Ordem alfabética","s","smartphone samsung a56","pt","br","0","-"
278,"Smartphone","Google","Ordem alfabética","s","smartphone samsung s24","pt","br","0","-"
279,"Smartphone","Google","Ordem alfabética","s","smartphone samsung 5g","pt","br","0","-"
280,"Smartphone","Google","Ordem alfabética","s","smartphone samsung s25","pt","br","0","-"
281,"Smartphone","Google","Ordem alfabética","s","smartphone samsung a36","pt","br","0","-"
282,"Smartphone","Google","Ordem alfabética","s","smartphone samsung a07","pt","br","0","-"
283,"Smartphone","Google","Ordem alfabética","s","smartphone samsung galaxy a17","pt","br","0","-"
284,"Smartphone","Google","Ordem alfabética","s","smartphone samsung galaxy a17 5g","pt","br","0","-"
285,"Smartphone","Google","Ordem alfabética","s","smartphone samsung galaxy s25 fe 5g 8gb ram","pt","br","0","-"
286,"Smartphone","Google","Ordem alfabética","t","smartphone tesla","pt","br","2.9K","0.1"
287,"Smartphone","Google","Ordem alfabética","t","smartphone tcl","pt","br","1.3K","0.12"
288,"Smartphone","Google","Ordem alfabética","t","smartphone tim","pt","br","720","0.88"
289,"Smartphone","Google","Ordem alfabética","t","smartphone tecno","pt","br","0","-"
290,"Smartphone","Google","Ordem alfabética","t","smartphone top de linha","pt","br","0","-"
291,"Smartphone","Google","Ordem alfabética","t","smartphone tela pequena","pt","br","0","-"
292,"Smartphone","Google","Ordem alfabética","t","smartphone tcl 60 nxtpaper","pt","br","0","-"
293,"Smartphone","Google","Ordem alfabética","t","smartphone tcl 605","pt","br","0","-"
294,"Smartphone","Google","Ordem alfabética","t","smartphone tecno spark","pt","br","0","-"
295,"Smartphone","Google","Ordem alfabética","t","smartphone tcl é bom","pt","br","0","-"
296,"Smartphone","Google","Ordem alfabética","t","smartphone top de linha da motorola","pt","br","0","-"
297,"Smartphone","Google","Ordem alfabética","t","smartphone top de linha da xiaomi","pt","br","0","-"
298,"Smartphone","Google","Ordem alfabética","t","smartphone tcl 60 nxtpaper 18gb ram 512gb preto","pt","br","0","-"
299,"Smartphone","Google","Ordem alfabética","t","smartphone tcl 60 nxtpaper t626 é bom","pt","br","0","-"
300,"Smartphone","Google","Ordem alfabética","t","smartphone tcl 60 se 4g 512gb 18gb de ram câmera 50mp t517h preto","pt","br","0","-"
301,"Smartphone","Google","Ordem alfabética","u","smartphone usado","pt","br","880","0.19"
302,"Smartphone","Google","Ordem alfabética","u","smartphone usado barato","pt","br","170","0.12"
303,"Smartphone","Google","Ordem alfabética","u","smartphone umidigi","pt","br","140","0.08"
304,"Smartphone","Google","Ordem alfabética","u","smartphone ultra","pt","br","0","-"
305,"Smartphone","Google","Ordem alfabética","u","smartphone ulefone","pt","br","0","-"
306,"Smartphone","Google","Ordem alfabética","u","smartphone unihertz","pt","br","0","-"
307,"Smartphone","Google","Ordem alfabética","u","smartphone ultra resistente","pt","br","0","-"
308,"Smartphone","Google","Ordem alfabética","u","smartphone ulefone armor","pt","br","0","-"
309,"Smartphone","Google","Ordem alfabética","u","smartphone ultra fino","pt","br","0","-"
310,"Smartphone","Google","Ordem alfabética","u","smartphone usados com garantia","pt","br","0","-"
311,"Smartphone","Google","Ordem alfabética","u","smartphone unihertz titan 2","pt","br","0","-"
312,"Smartphone","Google","Ordem alfabética","u","smartphone uranix","pt","br","0","-"
313,"Smartphone","Google","Ordem alfabética","u","smartphone umidigi é bom","pt","br","0","-"
314,"Smartphone","Google","Ordem alfabética","u","smartphone unihertz titan 2 elite","pt","br","0","-"
315,"Smartphone","Google","Ordem alfabética","u","smartphone umidigi note 90","pt","br","0","-"
316,"Smartphone","Google","Ordem alfabética","v","smartphone vivo","pt","br","1.9K","0.21"
317,"Smartphone","Google","Ordem alfabética","v","smartphone vertu","pt","br","480","0.08"
318,"Smartphone","Google","Ordem alfabética","v","smartphone vivo x200 ultra","pt","br","140","0.14"
319,"Smartphone","Google","Ordem alfabética","v","smartphone via satélite","pt","br","0","-"
320,"Smartphone","Google","Ordem alfabética","v","smartphone vetor","pt","br","0","-"
321,"Smartphone","Google","Ordem alfabética","v","smartphone vermelho","pt","br","0","-"
322,"Smartphone","Google","Ordem alfabética","v","smartphone vivo x200","pt","br","0","-"
323,"Smartphone","Google","Ordem alfabética","v","smartphone virtual","pt","br","0","-"
324,"Smartphone","Google","Ordem alfabética","v","smartphone valor","pt","br","0","-"
325,"Smartphone","Google","Ordem alfabética","v","smartphone vivo x300","pt","br","0","-"
326,"Smartphone","Google","Ordem alfabética","v","smartphone vivo x300 pro","pt","br","0","-"
327,"Smartphone","Google","Ordem alfabética","v","smartphone vivo x300 ultra","pt","br","0","-"
328,"Smartphone","Google","Ordem alfabética","v","smartphone vertus","pt","br","0","-"
329,"Smartphone","Google","Ordem alfabética","v","smartphone virtus","pt","br","0","-"
330,"Smartphone","Google","Ordem alfabética","v","smartphone vivo y31 6gb 5g","pt","br","0","-"
331,"Smartphone","Google","Ordem alfabética","w","smartphone watch","pt","br","49.5K","0.11"
332,"Smartphone","Google","Ordem alfabética","w","smartphone wallpaper 4k","pt","br","390","0.83"
333,"Smartphone","Google","Ordem alfabética","w","smartphone wallpaper","pt","br","320","0.29"
334,"Smartphone","Google","Ordem alfabética","w","smartphone wallpapers","pt","br","0","-"
335,"Smartphone","Google","Ordem alfabética","w","smartphone windows","pt","br","0","-"
336,"Smartphone","Google","Ordem alfabética","w","smartphone wikipedia","pt","br","0","-"
337,"Smartphone","Google","Ordem alfabética","w","smartphone with keyboard","pt","br","0","-"
338,"Smartphone","Google","Ordem alfabética","w","smartphone wifi 7","pt","br","0","-"
339,"Smartphone","Google","Ordem alfabética","w","smartphone wifi 6","pt","br","0","-"
340,"Smartphone","Google","Ordem alfabética","w","smartphone whatsapp","pt","br","0","-"
341,"Smartphone","Google","Ordem alfabética","w","smartphone windows phone","pt","br","0","-"
342,"Smartphone","Google","Ordem alfabética","w","smartphone walkie talkie","pt","br","0","-"
343,"Smartphone","Google","Ordem alfabética","w","smartphone with pen","pt","br","0","-"
344,"Smartphone","Google","Ordem alfabética","w","smartphone with physical keyboard","pt","br","0","-"
345,"Smartphone","Google","Ordem alfabética","w","smartphone wa isekai","pt","br","0","-"
346,"Smartphone","Google","Ordem alfabética","x","smartphone xiaomi","pt","br","18.1K","0.21"
347,"Smartphone","Google","Ordem alfabética","x","smartphone xiaomi redmi note 14 pro 5g","pt","br","1.9K","0.33"
348,"Smartphone","Google","Ordem alfabética","x","smartphone xiaomi poco c85 nfc preto 8gb ram 256gb rom","pt","br","140","0.22"
349,"Smartphone","Google","Ordem alfabética","x","smartphone xiaomi poco x8 pro 512gb / 12gb ram","pt","br","0","-"
350,"Smartphone","Google","Ordem alfabética","x","smartphone xiaomi poco m8 pro 5g 512 silver","pt","br","0","-"
351,"Smartphone","Google","Ordem alfabética","x","smartphone xiaomi redmi note 15 preto 8gb ram 256gb rom","pt","br","0","-"
352,"Smartphone","Google","Ordem alfabética","x","smartphone xiaomi redmi note 14 midnight black (preto) 8gb ram 256gb rom","pt","br","0","-"
353,"Smartphone","Google","Ordem alfabética","x","smartphone xiaomi redmi note 15 pro 5g 256gb - 8gb ram","pt","br","0","-"
354,"Smartphone","Google","Ordem alfabética","x","smartphone xiaomi redmi note 15 pro 5g 512gb - 8gb ram","pt","br","0","-"
355,"Smartphone","Google","Ordem alfabética","x","smartphone xiaomi poco x8 pro 512gb / 12gb ram (preto)","pt","br","0","-"
356,"Smartphone","Google","Ordem alfabética","x","smartphone xiaomi redmi note 15 pro 5g 256gb - 8gb ram (titanuim)","pt","br","0","-"
357,"Smartphone","Google","Ordem alfabética","x","smartphone xiaomi redmi note 15 preto 8gb ram 256gb rom (2510dra23l)","pt","br","0","-"
358,"Smartphone","Google","Ordem alfabética","x","smartphone xiaomi redmi note 15 pro 5g 512gb - 8gb ram (preto)","pt","br","0","-"
359,"Smartphone","Google","Ordem alfabética","x","smartphone xiaomi poco x7 pro 5g nfc black (preto) 12gb ram 512gb rom","pt","br","0","-"
360,"Smartphone","Google","Ordem alfabética","x","smartphone xiaomi redmi note 15 5g nfc azul 8gb ram 256gb rom","pt","br","0","-"
361,"Smartphone","Google","Ordem alfabética","y","smartphone y21","pt","br","10","-"
362,"Smartphone","Google","Ordem alfabética","y","smartphone yena","pt","br","10","-"
363,"Smartphone","Google","Ordem alfabética","y","smartphone youtube","pt","br","10","-"
364,"Smartphone","Google","Ordem alfabética","y","smartphone yamaha","pt","br","0","-"
365,"Smartphone","Google","Ordem alfabética","y","smartphone yojana","pt","br","0","-"
366,"Smartphone","Google","Ordem alfabética","y","smartphone y17","pt","br","0","-"
367,"Smartphone","Google","Ordem alfabética","y","smartphone yoigo","pt","br","0","-"
368,"Smartphone","Google","Ordem alfabética","y","smartphone yojana 2026","pt","br","0","-"
369,"Smartphone","Google","Ordem alfabética","y","smartphone year invented","pt","br","0","-"
370,"Smartphone","Google","Ordem alfabética","y","smartphone y71","pt","br","0","-"
371,"Smartphone","Google","Ordem alfabética","y","smartphone y android es lo mismo","pt","br","0","-"
372,"Smartphone","Google","Ordem alfabética","y","smartphone year","pt","br","0","-"
373,"Smartphone","Google","Ordem alfabética","y","smartphone yena lyrics","pt","br","0","-"
374,"Smartphone","Google","Ordem alfabética","y","smartphone y19s","pt","br","0","-"
375,"Smartphone","Google","Ordem alfabética","y","smartphone y8s 64gb huawei","pt","br","0","-"
376,"Smartphone","Google","Ordem alfabética","z","smartphone zoom","pt","br","260","0.09"
377,"Smartphone","Google","Ordem alfabética","z","smartphone zte","pt","br","210","0.06"
378,"Smartphone","Google","Ordem alfabética","z","smartphone z flip","pt","br","140","0.13"
379,"Smartphone","Google","Ordem alfabética","z","smartphone zenfone","pt","br","0","-"
380,"Smartphone","Google","Ordem alfabética","z","smartphone zte blade v50","pt","br","0","-"
381,"Smartphone","Google","Ordem alfabética","z","smartphone z fold","pt","br","0","-"
382,"Smartphone","Google","Ordem alfabética","z","smartphone zebra","pt","br","0","-"
383,"Smartphone","Google","Ordem alfabética","z","smartphone zenfone 10","pt","br","0","-"
384,"Smartphone","Google","Ordem alfabética","z","smartphone zema","pt","br","0","-"
385,"Smartphone","Google","Ordem alfabética","z","smartphone zoom optico","pt","br","0","-"
386,"Smartphone","Google","Ordem alfabética","z","smartphone zenfone 9","pt","br","0","-"
387,"Smartphone","Google","Ordem alfabética","z","smartphone z flip 7","pt","br","0","-"
388,"Smartphone","Google","Ordem alfabética","z","smartphone zoom 200x","pt","br","0","-"
389,"Smartphone","Google","Ordem alfabética","z","smartphone zte nubia neo 3 gt octa core 12 gb ram 256 gb black 6 8","pt","br","0","-"
390,"Smartphone","Google","Ordem alfabética","z","smartphone zte a56 pro","pt","br","0","-"
391,"Smartphone","Google","Comparações","e","smartphone e ink","pt","br","0","-"
392,"Smartphone","Google","Comparações","e","smartphone e iphone diferença","pt","br","0","-"
393,"Smartphone","Google","Comparações","e","smartphone e celular qual a diferença","pt","br","0","-"
394,"Smartphone","Google","Comparações","e","smartphone e iphone é a mesma coisa","pt","br","0","-"
395,"Smartphone","Google","Comparações","e","smartphone e android diferença","pt","br","0","-"
396,"Smartphone","Google","Comparações","e","smartphone e smartwatch","pt","br","0","-"
397,"Smartphone","Google","Comparações","e","smartphone e celular é a mesma coisa","pt","br","0","-"
398,"Smartphone","Google","Comparações","e","smartphone e android é a mesma coisa","pt","br","0","-"
399,"Smartphone","Google","Comparações","e","smartphone e o'que","pt","br","0","-"
400,"Smartphone","Google","Comparações","ou","smartphone ou celular","pt","br","90","-"
401,"Smartphone","Google","Comparações","ou","smartphone ou iphone","pt","br","90","0.08"
402,"Smartphone","Google","Comparações","ou","smartphone ou smartphone","pt","br","50","-"
403,"Smartphone","Google","Comparações","ou","smartphone ou android","pt","br","0","-"
404,"Smartphone","Google","Comparações","ou","smartphone ou tablet","pt","br","0","-"
405,"Smartphone","Google","Comparações","ou","smartphone ou iphone qual a diferença","pt","br","0","-"
406,"Smartphone","Google","Comparações","ou","smartphone ou celular qual a diferença","pt","br","0","-"
407,"Smartphone","Google","Comparações","ou","smartphone ou iphone qual comprar","pt","br","0","-"
408,"Smartphone","Google","Comparações","ou","smartphone ou android différence","pt","br","0","-"
409,"Smartphone","Google","Comparações","ou","smartphone ou telemovel","pt","br","0","-"
410,"Smartphone","Google","Comparações","ou","smartphone ou mobile","pt","br","0","-"
411,"Smartphone","Google","Comparações","ou","smartphone ou cellphone","pt","br","0","-"
412,"Smartphone","Google","Comparações","ou","smartphone ou ios","pt","br","0","-"
413,"Smartphone","Google","Comparações","ou","smartphone ou iphone différence","pt","br","0","-"
414,"Smartphone","Google","Comparações","ou","smartphone ou samsung","pt","br","0","-"
415,"Smartphone","Google","Comparações","versus","smartphone versus","pt","br","20","-"
416,"Smartphone","Google","Comparações","versus","smartphone versus iphone","pt","br","10","-"
417,"Smartphone","Google","Comparações","versus","smartphone versus android","pt","br","10","-"
418,"Smartphone","Google","Comparações","versus","versus smartphone comparison","pt","br","0","-"
419,"Smartphone","Google","Comparações","versus","smartphone versus smart people","pt","br","0","-"
420,"Smartphone","Google","Comparações","versus","versus smartphone ranking","pt","br","0","-"
421,"Smartphone","Google","Comparações","versus","versus smartphone camera","pt","br","0","-"
422,"Smartphone","Google","Comparações","versus","best smartphone versus","pt","br","0","-"
423,"Smartphone","Google","Comparações","versus","versus smartphone cpu","pt","br","0","-"
424,"Smartphone","Google","Comparações","versus","benchmark smartphone versus","pt","br","0","-"
425,"Smartphone","Google","Comparações","versus","versus smartphone vergleich","pt","br","0","-"
426,"Smartphone","Google","Comparações","versus","comparatif smartphone versus","pt","br","0","-"
427,"Smartphone","Google","Comparações","versus","confronto smartphone versus","pt","br","0","-"
428,"Smartphone","Google","Comparações","vs","smartphone vs cell phone","pt","br","10","-"
429,"Smartphone","Google","Comparações","vs","smartphone vs mobile phone","pt","br","10","-"
430,"Smartphone","Google","Comparações","vs","smartphone vs android","pt","br","10","-"
431,"Smartphone","Google","Comparações","vs","smartphone vs dumbphone","pt","br","0","-"
432,"Smartphone","Google","Comparações","vs","smartphone vs tablet","pt","br","0","-"
433,"Smartphone","Google","Comparações","vs","smartphone vs iphone","pt","br","0","-"
434,"Smartphone","Google","Comparações","vs","smartphone vs phone","pt","br","0","-"
435,"Smartphone","Google","Comparações","vs","smartphone vs laptop","pt","br","0","-"
436,"Smartphone","Google","Comparações","vs","smartphone vs camera","pt","br","0","-"
437,"Smartphone","Google","Comparações","vs","smartphone vs flip phone","pt","br","0","-"
438,"Smartphone","Google","Comparações","vs","smartphone vs dslr","pt","br","0","-"
439,"Smartphone","Google","Comparações","vs","smartphone vs mirrorless camera","pt","br","0","-"
440,"Smartphone","Google","Comparações","vs","smartphone vs telephone","pt","br","0","-"
441,"Smartphone","Google","Comparações","vs","smartphone vs smartphone","pt","br","0","-"
442,"Smartphone","Google","Comparações","vs","smartphone vs feature phone","pt","br","0","-"
443,"Smartphone","Google","Números","0","smartphone 07","pt","br","10","0.09"
444,"Smartphone","Google","Números","1","smartphone 128gb","pt","br","1.9K","0.48"
445,"Smartphone","Google","Números","1","smartphone 12gb ram","pt","br","880","0.23"
446,"Smartphone","Google","Números","1","smartphone 16gb ram","pt","br","590","0.33"
447,"Smartphone","Google","Números","1","smartphone 1tb","pt","br","0","-"
448,"Smartphone","Google","Números","1","smartphone 128gb 8gb ram","pt","br","0","-"
449,"Smartphone","Google","Números","1","smartphone 15","pt","br","0","-"
450,"Smartphone","Google","Números","1","smartphone 16","pt","br","0","-"
451,"Smartphone","Google","Números","1","smartphone 14","pt","br","0","-"
452,"Smartphone","Google","Números","1","smartphone 15 pro max","pt","br","0","-"
453,"Smartphone","Google","Números","1","smartphone 13","pt","br","0","-"
454,"Smartphone","Google","Números","1","smartphone 11","pt","br","0","-"
455,"Smartphone","Google","Números","1","smartphone 1 tera","pt","br","0","-"
456,"Smartphone","Google","Números","1","smartphone 12gb ram 512gb","pt","br","0","-"
457,"Smartphone","Google","Números","1","smartphone 17","pt","br","0","-"
458,"Smartphone","Google","Números","1","smartphone 17 pro max","pt","br","0","-"
459,"Smartphone","Google","Números","2","smartphone 256gb","pt","br","6.6K","0.43"
460,"Smartphone","Google","Números","2","smartphone 256gb 8gb ram menor preço","pt","br","1.3K","0.3"
461,"Smartphone","Google","Números","2","smartphone 256gb 8gb ram","pt","br","1.3K","0.44"
462,"Smartphone","Google","Números","2","smartphone 256gb 8gb ram 5g","pt","br","0","-"
463,"Smartphone","Google","Números","2","smartphone 256gb 8gb ram 5g menor preço","pt","br","0","-"
464,"Smartphone","Google","Números","2","smartphone 256gb 5g","pt","br","0","-"
465,"Smartphone","Google","Números","2","smartphone 256gb samsung","pt","br","0","-"
466,"Smartphone","Google","Números","2","smartphone 2026","pt","br","0","-"
467,"Smartphone","Google","Números","2","smartphone 256gb 12gb ram","pt","br","0","-"
468,"Smartphone","Google","Números","2","smartphone 256gb em promoção","pt","br","0","-"
469,"Smartphone","Google","Números","2","smartphone 256gb xiaomi","pt","br","0","-"
470,"Smartphone","Google","Números","2","smartphone 256g","pt","br","0","-"
471,"Smartphone","Google","Números","2","smartphone 256gb 16gb ram","pt","br","0","-"
472,"Smartphone","Google","Números","2","smartphone 256gb motorola","pt","br","0","-"
473,"Smartphone","Google","Números","2","smartphone 256gb com nfc","pt","br","0","-"
474,"Smartphone","Google","Números","3","smartphone 32gb","pt","br","170","0.25"
475,"Smartphone","Google","Números","3","smartphone 300 reais","pt","br","90","0.11"
476,"Smartphone","Google","Números","3","smartphone 32gb ram","pt","br","90","0.18"
477,"Smartphone","Google","Números","3","smartphone 3d","pt","br","0","-"
478,"Smartphone","Google","Números","3","smartphone 3 chips","pt","br","0","-"
479,"Smartphone","Google","Números","3","smartphone 32gb promoção","pt","br","0","-"
480,"Smartphone","Google","Números","3","smartphone 3 camera","pt","br","0","-"
481,"Smartphone","Google","Números","3","smartphone 3d model","pt","br","0","-"
482,"Smartphone","Google","Números","3","smartphone 3g","pt","br","0","-"
483,"Smartphone","Google","Números","3","smartphone 33000mah","pt","br","0","-"
484,"Smartphone","Google","Números","3","smartphone 300","pt","br","0","-"
485,"Smartphone","Google","Números","3","smartphone 3d model free","pt","br","0","-"
486,"Smartphone","Google","Números","3","smartphone 35","pt","br","0","-"
487,"Smartphone","Google","Números","3","smartphone 360","pt","br","0","-"
488,"Smartphone","Google","Números","4","smartphone 4g","pt","br","140","0.19"
489,"Smartphone","Google","Números","4","smartphone 4gb ram","pt","br","140","0.42"
490,"Smartphone","Google","Números","4","smartphone 4k","pt","br","110","0.09"
491,"Smartphone","Google","Números","4","smartphone 400 reais","pt","br","0","-"
492,"Smartphone","Google","Números","4","smartphone 4 polegadas","pt","br","0","-"
493,"Smartphone","Google","Números","4","smartphone 4gb ram 128gb","pt","br","0","-"
494,"Smartphone","Google","Números","4","smartphone 4 cameras","pt","br","0","-"
495,"Smartphone","Google","Números","4","smartphone 4g ou 5g","pt","br","0","-"
496,"Smartphone","Google","Números","4","smartphone 4 chips","pt","br","0","-"
497,"Smartphone","Google","Números","4","smartphone 4k wallpaper","pt","br","0","-"
498,"Smartphone","Google","Números","4","smartphone 400","pt","br","0","-"
499,"Smartphone","Google","Números","4","smartphone 4k 60fps","pt","br","0","-"
500,"Smartphone","Google","Números","4","smartphone 4g é bom","pt","br","0","-"
501,"Smartphone","Google","Números","4","smartphone 4g ainda vale a pena","pt","br","0","-"
502,"Smartphone","Google","Números","4","smartphone 4g vai parar de funcionar","pt","br","0","-"
503,"Smartphone","Google","Números","5","smartphone 5g","pt","br","5.4K","0.32"
504,"Smartphone","Google","Números","5","smartphone 512gb","pt","br","3.6K","0.29"
505,"Smartphone","Google","Números","5","smartphone 5g 256gb","pt","br","1.3K","0.31"
506,"Smartphone","Google","Números","5","smartphone 512gb 12gb ram","pt","br","0","-"
507,"Smartphone","Google","Números","5","smartphone 5g em promoção","pt","br","0","-"
508,"Smartphone","Google","Números","5","smartphone 5g mais barato","pt","br","0","-"
509,"Smartphone","Google","Números","5","smartphone 5g 256gb 8gb ram","pt","br","0","-"
510,"Smartphone","Google","Números","5","smartphone 5g samsung","pt","br","0","-"
511,"Smartphone","Google","Números","5","smartphone 5g nfc","pt","br","0","-"
512,"Smartphone","Google","Números","5","smartphone 512gb 16gb ram","pt","br","0","-"
513,"Smartphone","Google","Números","5","smartphone 512gb promoção","pt","br","0","-"
514,"Smartphone","Google","Números","5","smartphone 512gb 5g","pt","br","0","-"
515,"Smartphone","Google","Números","5","smartphone 512","pt","br","0","-"
516,"Smartphone","Google","Números","5","smartphone 512gb 12gb ram 5g","pt","br","0","-"
517,"Smartphone","Google","Números","5","smartphone 512gb samsung","pt","br","0","-"
518,"Smartphone","Google","Números","6","smartphone 6gb ram","pt","br","590","0.39"
519,"Smartphone","Google","Números","6","smartphone 64gb","pt","br","390","0.34"
520,"Smartphone","Google","Números","6","smartphone 600 reais","pt","br","140","0.26"
521,"Smartphone","Google","Números","6","smartphone 6000mah","pt","br","0","-"
522,"Smartphone","Google","Números","6","smartphone 6 polegadas","pt","br","0","-"
523,"Smartphone","Google","Números","6","smartphone 6gb ram 128gb","pt","br","0","-"
524,"Smartphone","Google","Números","6","smartphone 64gb 4gb ram","pt","br","0","-"
525,"Smartphone","Google","Números","6","smartphone 6.1 polegadas","pt","br","0","-"
526,"Smartphone","Google","Números","6","smartphone 6.9 polegadas","pt","br","0","-"
527,"Smartphone","Google","Números","6","smartphone 6gb","pt","br","0","-"
528,"Smartphone","Google","Números","6","smartphone 6gb ram 256gb","pt","br","0","-"
529,"Smartphone","Google","Números","6","smartphone 6g","pt","br","0","-"
530,"Smartphone","Google","Números","6","smartphone 6.2 polegadas","pt","br","0","-"
531,"Smartphone","Google","Números","6","smartphone 6.4 polegadas","pt","br","0","-"
532,"Smartphone","Google","Números","6","smartphone 60x","pt","br","0","-"
533,"Smartphone","Google","Números","7","smartphone 7000mah","pt","br","170","0.15"
534,"Smartphone","Google","Números","7","smartphone 7 polegadas","pt","br","140","0.18"
535,"Smartphone","Google","Números","7","smartphone 700 reais","pt","br","50","0.15"
536,"Smartphone","Google","Números","7","smartphone 7000mah 5g","pt","br","0","-"
537,"Smartphone","Google","Números","7","smartphone 7.5 polegadas","pt","br","0","-"
538,"Smartphone","Google","Números","7","smartphone 70","pt","br","0","-"
539,"Smartphone","Google","Números","7","smartphone 7500 mah","pt","br","0","-"
540,"Smartphone","Google","Números","7","smartphone 7.3","pt","br","0","-"
541,"Smartphone","Google","Números","7","smartphone 7 plus","pt","br","0","-"
542,"Smartphone","Google","Números","7","smartphone 7 pro","pt","br","0","-"
543,"Smartphone","Google","Números","7","smartphone 7 pollici","pt","br","0","-"
544,"Smartphone","Google","Números","7","smartphone 7 inch","pt","br","0","-"
545,"Smartphone","Google","Números","7","smartphone 7000 mah battery","pt","br","0","-"
546,"Smartphone","Google","Números","7","smartphone 7000","pt","br","0","-"
547,"Smartphone","Google","Números","7","smartphone 7000mah xiaomi","pt","br","0","-"
548,"Smartphone","Google","Números","8","smartphone 8gb ram","pt","br","1.6K","0.5"
549,"Smartphone","Google","Números","8","smartphone 8gb ram 256gb","pt","br","720","0.52"
550,"Smartphone","Google","Números","8","smartphone 8gb","pt","br","210","0.58"
551,"Smartphone","Google","Números","8","smartphone 8gb ram 5g","pt","br","0","-"
552,"Smartphone","Google","Números","8","smartphone 8gb ram 256gb 5g","pt","br","0","-"
553,"Smartphone","Google","Números","8","smartphone 8gb ram 128gb","pt","br","0","-"
554,"Smartphone","Google","Números","8","smartphone 8000mah","pt","br","0","-"
555,"Smartphone","Google","Números","8","smartphone 8 ram","pt","br","0","-"
556,"Smartphone","Google","Números","8","smartphone 8gb 256gb","pt","br","0","-"
557,"Smartphone","Google","Números","8","smartphone 800 reais","pt","br","0","-"
558,"Smartphone","Google","Números","8","smartphone 8 polegadas","pt","br","0","-"
559,"Smartphone","Google","Números","8","smartphone 8000mah samsung","pt","br","0","-"
560,"Smartphone","Google","Números","8","smartphone 8000mah xiaomi","pt","br","0","-"
561,"Smartphone","Google","Números","8","smartphone 8500 mah","pt","br","0","-"
562,"Smartphone","Google","Números","8","smartphone 8gb ram 512gb","pt","br","0","-"
563,"Smartphone","Google","Números","9","smartphone 900 reais","pt","br","20","0.05"
564,"Smartphone","Google","Números","9","smartphone 9 infinix","pt","br","10","-"
565,"Smartphone","Google","Números","9","smartphone 9000mah","pt","br","10","-"
566,"Smartphone","Google","Números","9","smartphone 9a","pt","br","0","-"
567,"Smartphone","Google","Números","9","smartphone 99","pt","br","0","-"
568,"Smartphone","Google","Números","9","smartphone 90hz","pt","br","0","-"
569,"Smartphone","Google","Números","9","smartphone 9t","pt","br","0","-"
570,"Smartphone","Google","Números","9","smartphone 9300","pt","br","0","-"
571,"Smartphone","Google","Números","9","smartphone 9 polegadas","pt","br","0","-"
572,"Smartphone","Google","Números","9","smartphone 9 pro","pt","br","0","-"
573,"Smartphone","Google","Números","9","smartphone 9000","pt","br","0","-"
574,"Smartphone","Google","Números","9","smartphone 9 ultra","pt","br","0","-"
575,"Smartphone","Google","Números","9","smartphone 9000 mah battery","pt","br","0","-"
576,"Smartphone","Google","Preposições","com","smartphone com nfc","pt","br","1.6K","0.27"
577,"Smartphone","Google","Preposições","com","smartphone com melhor camera","pt","br","720","0.18"
578,"Smartphone","Google","Preposições","com","smartphone com camera boa","pt","br","390","0.2"
579,"Smartphone","Google","Preposições","com","smartphone com carregamento por indução","pt","br","0","-"
580,"Smartphone","Google","Preposições","com","smartphone com nfc barato","pt","br","0","-"
581,"Smartphone","Google","Preposições","com","smartphone com snapdragon","pt","br","0","-"
582,"Smartphone","Google","Preposições","com","smartphone com snapdragon 8 gen 3","pt","br","0","-"
583,"Smartphone","Google","Preposições","com","smartphone com tela pequena","pt","br","0","-"
584,"Smartphone","Google","Preposições","com","smartphone com bateria de longa duração","pt","br","0","-"
585,"Smartphone","Google","Preposições","com","smartphone com 512 gb de memória","pt","br","0","-"
586,"Smartphone","Google","Preposições","com","smartphone com tela de 7 polegadas","pt","br","0","-"
587,"Smartphone","Google","Preposições","com","smartphone com 1 tera de memória","pt","br","0","-"
588,"Smartphone","Google","Preposições","com","smartphone com snapdragon 8 elite gen 5","pt","br","0","-"
589,"Smartphone","Google","Preposições","com","smartphone com entrada para fone de ouvido","pt","br","0","-"
590,"Smartphone","Google","Preposições","com","smartphone com melhor custo benefício 2026","pt","br","0","-"
591,"Smartphone","Google","Preposições","como","smartphone como escolher","pt","br","0","-"
592,"Smartphone","Google","Preposições","como","smartphone como webcam","pt","br","0","-"
593,"Smartphone","Google","Preposições","como","smartphone como funciona","pt","br","0","-"
594,"Smartphone","Google","Preposições","como","smartphone como","pt","br","0","-"
595,"Smartphone","Google","Preposições","como","usar smartphone como mouse","pt","br","0","-"
596,"Smartphone","Google","Preposições","como","usar smartphone como tv box","pt","br","0","-"
597,"Smartphone","Google","Preposições","como","usar smartphone como repetidor wifi","pt","br","0","-"
598,"Smartphone","Google","Preposições","como","usar smartphone como teclado de pc","pt","br","0","-"
599,"Smartphone","Google","Preposições","como","usar smartphone como pc","pt","br","0","-"
600,"Smartphone","Google","Preposições","como","usar smartphone como controle remoto","pt","br","0","-"
601,"Smartphone","Google","Preposições","como","usar smartphone como camera de segurança","pt","br","0","-"
602,"Smartphone","Google","Preposições","como","smartphone como escreve","pt","br","0","-"
603,"Smartphone","Google","Preposições","como","smartphone como se pronuncia","pt","br","0","-"
604,"Smartphone","Google","Preposições","como","smartphone como se escribe","pt","br","0","-"
605,"Smartphone","Google","Preposições","como","smartphone como se dice","pt","br","0","-"
606,"Smartphone","Google","Preposições","para","smartphone para idoso","pt","br","1.3K","0.19"
607,"Smartphone","Google","Preposições","para","smartphone para jogos","pt","br","320","0.15"
608,"Smartphone","Google","Preposições","para","smartphone para idoso com whatsapp","pt","br","140","0.16"
609,"Smartphone","Google","Preposições","para","smartphone para criança","pt","br","0","-"
610,"Smartphone","Google","Preposições","para","smartphone para jogos pesados","pt","br","0","-"
611,"Smartphone","Google","Preposições","para","smartphone para trabalho","pt","br","0","-"
612,"Smartphone","Google","Preposições","para","smartphone para empresas","pt","br","0","-"
613,"Smartphone","Google","Preposições","para","smartphone para fotos","pt","br","0","-"
614,"Smartphone","Google","Preposições","para","smartphone para deficiente visual","pt","br","0","-"
615,"Smartphone","Google","Preposições","para","smartphone para jogos barato","pt","br","0","-"
616,"Smartphone","Google","Preposições","para","smartphone para idosos 32gb conectividade em suas mãos - multilaser","pt","br","0","-"
617,"Smartphone","Google","Preposições","para","smartphone para jogos i17 pro max 5g 6.7 polegadas tela cheia 16gb 512gb telefone android","pt","br","0","-"
618,"Smartphone","Google","Preposições","para","smartphone para jogos s26 ultra 7.3 polegadas tela grande 16gb 1tb telefone android","pt","br","0","-"
619,"Smartphone","Google","Preposições","para","smartphone para verificação em duas etapas","pt","br","0","-"
620,"Smartphone","Google","Preposições","para","smartphone para comprar em 2026","pt","br","0","-"
621,"Smartphone","Google","Preposições","parecido com","smartphone parecido com iphone","pt","br","140","0.12"
622,"Smartphone","Google","Preposições","parecido com","smartphone mais parecido com iphone","pt","br","10","0.05"
623,"Smartphone","Google","Preposições","parecido com","smartphone parecido com iphone 17","pt","br","0","-"
624,"Smartphone","Google","Preposições","parecido com","smartphone parecido com iphone 17 pro max","pt","br","0","-"
625,"Smartphone","Google","Preposições","parecido com","smartphone parecido com iphone 16","pt","br","0","-"
626,"Smartphone","Google","Preposições","parecido com","smartphone parecido com iphone 15","pt","br","0","-"
627,"Smartphone","Google","Preposições","parecido com","smartphone xiaomi parecido com iphone","pt","br","0","-"
628,"Smartphone","Google","Preposições","parecido com","smartphone samsung parecido com iphone","pt","br","0","-"
629,"Smartphone","Google","Preposições","parecido com","smartphone parecido com s23","pt","br","0","-"
630,"Smartphone","Google","Preposições","parecido com","smartphone parecido com iphone 13","pt","br","0","-"
631,"Smartphone","Google","Preposições","perto","conserto de smartphone perto de mim","pt","br","20","0.36"
632,"Smartphone","Google","Preposições","perto","smartphone perto de mim","pt","br","0","-"
633,"Smartphone","Google","Preposições","perto","smartphone perto","pt","br","0","-"
634,"Smartphone","Google","Preposições","perto","loja de smartphone perto de mim","pt","br","0","-"
635,"Smartphone","Google","Preposições","próximo","smartphone mais próximo do iphone","pt","br","0","-"
636,"Smartphone","Google","Preposições","sem","smartphone sem camera","pt","br","70","0.07"
637,"Smartphone","Google","Preposições","sem","smartphone sem som","pt","br","20","-"
638,"Smartphone","Google","Preposições","sem","smartphone sem chip","pt","br","20","-"
639,"Smartphone","Google","Preposições","sem","smartphone sem camera frontal","pt","br","0","-"
640,"Smartphone","Google","Preposições","sem","smartphone sem borda","pt","br","0","-"
641,"Smartphone","Google","Preposições","sem","smartphone sem redes sociais","pt","br","0","-"
642,"Smartphone","Google","Preposições","sem","smartphone sem tela","pt","br","0","-"
643,"Smartphone","Google","Preposições","sem","smartphone sem android","pt","br","0","-"
644,"Smartphone","Google","Preposições","sem","smartphone sem fundo","pt","br","0","-"
645,"Smartphone","Google","Preposições","sem","smartphone sem juros","pt","br","0","-"
646,"Smartphone","Google","Preposições","sem","smartphone sem internet","pt","br","0","-"
647,"Smartphone","Google","Preposições","sem","smartphone sem som o que fazer","pt","br","0","-"
648,"Smartphone","Google","Preposições","sem","smartphone sem google","pt","br","0","-"
649,"Smartphone","Google","Preposições","sem","smartphone sem entrada","pt","br","0","-"
650,"Smartphone","Google","Preposições","sem","smartphone sem fio","pt","br","0","-"
651,"Smartphone","Google","Preposições","tipo","smartphone tipo blackberry","pt","br","10","-"
652,"Smartphone","Google","Preposições","tipo","smartphone tipo","pt","br","10","-"
653,"Smartphone","Google","Preposições","tipo","smartphone tipo iphone","pt","br","10","-"
654,"Smartphone","Google","Preposições","tipo","smartphone tipo concha","pt","br","0","-"
655,"Smartphone","Google","Preposições","tipo","smartphone tipo c","pt","br","0","-"
656,"Smartphone","Google","Preposições","tipo","smartphone tipo tablet","pt","br","0","-"
657,"Smartphone","Google","Preposições","tipo","smartphone tipo caterpillar","pt","br","0","-"
658,"Smartphone","Google","Preposições","tipo","smartphone tipo kindle","pt","br","0","-"
659,"Smartphone","Google","Preposições","tipo","smartphone tipo flip","pt","br","0","-"
660,"Smartphone","Google","Preposições","tipo","smartphone tipo fold","pt","br","0","-"
661,"Smartphone","Google","Preposições","tipo","smartphone tipo z fold","pt","br","0","-"
662,"Smartphone","Google","Preposições","tipo","smartphone tipo militar","pt","br","0","-"
663,"Smartphone","Google","Preposições","tipo","smartphone tipo almeja","pt","br","0","-"
664,"Smartphone","Google","Preposições","tipo","smartphone tipo libro","pt","br","0","-"
665,"Smartphone","Google","Preposições","tipo","smartphone tipo startac","pt","br","0","-"
666,"Smartphone","Google","Perguntas","como","como desbloquear smartphone","pt","br","70","-"
667,"Smartphone","Google","Perguntas","como","como formatar smartphone","pt","br","70","0.02"
668,"Smartphone","Google","Perguntas","como","como rastrear smartphone","pt","br","50","0.18"
669,"Smartphone","Google","Perguntas","como","smartphone como escolher","pt","br","0","-"
670,"Smartphone","Google","Perguntas","como","como desligar smartphone","pt","br","0","-"
671,"Smartphone","Google","Perguntas","como","como desligar smartphone samsung","pt","br","0","-"
672,"Smartphone","Google","Perguntas","como","como espelhar smartphone na tv","pt","br","0","-"
673,"Smartphone","Google","Perguntas","como","como resetar smartphone","pt","br","0","-"
674,"Smartphone","Google","Perguntas","como","como reiniciar smartphone samsung","pt","br","0","-"
675,"Smartphone","Google","Perguntas","como","como encontrar smartphone","pt","br","0","-"
676,"Smartphone","Google","Perguntas","como","como resetar smartphone samsung","pt","br","0","-"
677,"Smartphone","Google","Perguntas","como","como smartphone","pt","br","0","-"
678,"Smartphone","Google","Perguntas","como","smartphone como webcam","pt","br","0","-"
679,"Smartphone","Google","Perguntas","como","smartphone como funciona","pt","br","0","-"
680,"Smartphone","Google","Perguntas","como","smartphone como escreve","pt","br","0","-"
681,"Smartphone","Google","Perguntas","é","smartphone é iphone","pt","br","390","0.08"
682,"Smartphone","Google","Perguntas","é","smartphone é bom","pt","br","320","0.28"
683,"Smartphone","Google","Perguntas","é","smartphone é celular","pt","br","40","-"
684,"Smartphone","Google","Perguntas","é","smartphone é android","pt","br","0","-"
685,"Smartphone","Google","Perguntas","é","smartphone é o melhor amigo de 49 dos adolescentes","pt","br","0","-"
686,"Smartphone","Google","Perguntas","é","é smartphone","pt","br","0","-"
687,"Smartphone","Google","Perguntas","é","smartphone é o mesmo que celular","pt","br","0","-"
688,"Smartphone","Google","Perguntas","é","smartphone é a mesma coisa que iphone","pt","br","0","-"
689,"Smartphone","Google","Perguntas","é","smartphone é confiável","pt","br","0","-"
690,"Smartphone","Google","Perguntas","é","smartphone é o mesmo que iphone","pt","br","0","-"
691,"Smartphone","Google","Perguntas","é","smartphone é android ou ios","pt","br","0","-"
692,"Smartphone","Google","Perguntas","é","smartphone é uma marca","pt","br","0","-"
693,"Smartphone","Google","Perguntas","é","smartphone é uma palavra em inglês","pt","br","0","-"
694,"Smartphone","Google","Perguntas","é","smartphone é bivolt","pt","br","0","-"
695,"Smartphone","Google","Perguntas","é","smartphone é de que ano","pt","br","0","-"
696,"Smartphone","Google","Perguntas","o que","o que significa smartphone","pt","br","390","-"
697,"Smartphone","Google","Perguntas","o que","o que é smartphone e iphone","pt","br","110","-"
698,"Smartphone","Google","Perguntas","o que","o que smartphone celular","pt","br","90","-"
699,"Smartphone","Google","Perguntas","o que","o que significa smartphone em português","pt","br","0","-"
700,"Smartphone","Google","Perguntas","o que","o que smartphone","pt","br","0","-"
701,"Smartphone","Google","Perguntas","o que","o que é smartphone android","pt","br","0","-"
702,"Smartphone","Google","Perguntas","o que","o que é smartphone recondicionado","pt","br","0","-"
703,"Smartphone","Google","Perguntas","o que","o que é smartphone de entrada","pt","br","0","-"
704,"Smartphone","Google","Perguntas","o que","o que é smartphone versão global","pt","br","0","-"
705,"Smartphone","Google","Perguntas","o que","o que significa smartphone em inglês","pt","br","0","-"
706,"Smartphone","Google","Perguntas","o que","o que é smartphone com nfc","pt","br","0","-"
707,"Smartphone","Google","Perguntas","o que","o que é smartphone pixel","pt","br","0","-"
708,"Smartphone","Google","Perguntas","o que","o que significa smartphone global","pt","br","0","-"
709,"Smartphone","Google","Perguntas","o que","o que é smartphone ocioso","pt","br","0","-"
710,"Smartphone","Google","Perguntas","o que","o que é smartphone intermediário","pt","br","0","-"
711,"Smartphone","Google","Perguntas","onde","smartphone onde comprar","pt","br","720","0.51"
712,"Smartphone","Google","Perguntas","onde","onde comprar smartphone barato","pt","br","70","0.13"
713,"Smartphone","Google","Perguntas","onde","onde comprar smartphone mais barato","pt","br","20","0.23"
714,"Smartphone","Google","Perguntas","onde","onde comprar smartphone xiaomi original","pt","br","0","-"
715,"Smartphone","Google","Perguntas","onde","onde vender smartphone usado","pt","br","0","-"
716,"Smartphone","Google","Perguntas","onde","onde comprar smartphone samsung","pt","br","0","-"
717,"Smartphone","Google","Perguntas","onde","onde comprar smartphone xiaomi","pt","br","0","-"
718,"Smartphone","Google","Perguntas","onde","onde comprar smartphone usado","pt","br","0","-"
719,"Smartphone","Google","Perguntas","onde","onde comprar smartphone huawei","pt","br","0","-"
720,"Smartphone","Google","Perguntas","onde","smartphone onde esta","pt","br","0","-"
721,"Smartphone","Google","Perguntas","onde","onde comprar smartphone para revender","pt","br","0","-"
722,"Smartphone","Google","Perguntas","onde","onde encontrar smartphone","pt","br","0","-"
723,"Smartphone","Google","Perguntas","onde","onde comprar smartphone no paraguai","pt","br","0","-"
724,"Smartphone","Google","Perguntas","onde","onde comprar smartphone tesla","pt","br","0","-"
725,"Smartphone","Google","Perguntas","onde","onde comprar smartphone samsung barato","pt","br","0","-"
726,"Smartphone","Google","Perguntas","por que","por que o smartphone esquenta","pt","br","0","-"
727,"Smartphone","Google","Perguntas","por que","por que o smartphone fica travando","pt","br","0","-"
728,"Smartphone","Google","Perguntas","por que","por que o smartphone trava","pt","br","0","-"
729,"Smartphone","Google","Perguntas","por que","por que tantas pessoas usam smartphone no brasil","pt","br","0","-"
730,"Smartphone","Google","Perguntas","porque","porque smartphone","pt","br","20","-"
731,"Smartphone","Google","Perguntas","porque","porque o smartphone esquenta","pt","br","20","-"
732,"Smartphone","Google","Perguntas","porque","porque o smartphone desliga sozinho","pt","br","10","-"
733,"Smartphone","Google","Perguntas","porque","porque meu smartphone nao conecta wifi","pt","br","0","-"
734,"Smartphone","Google","Perguntas","porque","porque o smartphone trava","pt","br","0","-"
735,"Smartphone","Google","Perguntas","porque","porque o smartphone fica lento","pt","br","0","-"
736,"Smartphone","Google","Perguntas","porque","porque comprar un smartphone","pt","br","0","-"
737,"Smartphone","Google","Perguntas","porque","porque o smartphone reinicia sozinho","pt","br","0","-"
738,"Smartphone","Google","Perguntas","porque","porque meu smartphone","pt","br","0","-"
739,"Smartphone","Google","Perguntas","porque","porque meu smartphone descarrega rapido","pt","br","0","-"
740,"Smartphone","Google","Perguntas","porque","porque o smartphone demora para carregar","pt","br","0","-"
741,"Smartphone","Google","Perguntas","porque","porque o smartphone fica travando","pt","br","0","-"
742,"Smartphone","Google","Perguntas","porque","porque se chama smartphone","pt","br","0","-"
743,"Smartphone","Google","Perguntas","porque","porque mi smartphone no se conecta a wifi","pt","br","0","-"
744,"Smartphone","Google","Perguntas","porque","porque mi smartphone se calienta mucho","pt","br","0","-"
745,"Smartphone","Google","Perguntas","qual","qual smartphone é melhor","pt","br","1.6K","0.13"
746,"Smartphone","Google","Perguntas","qual","qual smartphone samsung é melhor","pt","br","1.0K","0.19"
747,"Smartphone","Google","Perguntas","qual","qual smartphone tem a melhor câmera","pt","br","390","0.16"
748,"Smartphone","Google","Perguntas","qual","qual smartphone mais barato","pt","br","0","-"
749,"Smartphone","Google","Perguntas","qual","qual smartphone comprar","pt","br","0","-"
750,"Smartphone","Google","Perguntas","qual","qual smartphone é melhor samsung ou motorola","pt","br","0","-"
751,"Smartphone","Google","Perguntas","qual","qual smartphone tem a melhor bateria","pt","br","0","-"
752,"Smartphone","Google","Perguntas","qual","qual smartphone mais vendido no brasil","pt","br","0","-"
753,"Smartphone","Google","Perguntas","qual","qual smartphone tem a maior tela","pt","br","0","-"
754,"Smartphone","Google","Perguntas","qual","qual smartphone mais caro do mundo","pt","br","0","-"
755,"Smartphone","Google","Perguntas","qual","qual smartphone comprar em 2026","pt","br","0","-"
756,"Smartphone","Google","Perguntas","qual","qual smartphone tem carregamento por indução","pt","br","0","-"
757,"Smartphone","Google","Perguntas","qual","qual smartphone da xiaomi tem a melhor câmera","pt","br","0","-"
758,"Smartphone","Google","Perguntas","qual","qual smartphone xiaomi tem carregamento por indução","pt","br","0","-"
759,"Smartphone","Google","Perguntas","qual","qual smartphone samsung carrega por indução","pt","br","0","-"
760,"Smartphone","Google","Perguntas","quando","smartphone quando surgiu","pt","br","30","-"
761,"Smartphone","Google","Perguntas","quando","quando smartphone foi criado","pt","br","20","-"
762,"Smartphone","Google","Perguntas","quando","quando smartphone chegou no brasil","pt","br","20","-"
763,"Smartphone","Google","Perguntas","quando","quando o smartphone se popularizou no brasil","pt","br","0","-"
764,"Smartphone","Google","Perguntas","quando","quando smartphone foi inventado","pt","br","0","-"
765,"Smartphone","Google","Perguntas","quando","smartphone quando surgiu no brasil","pt","br","0","-"
766,"Smartphone","Google","Perguntas","quando","smartphone quando foi lançado","pt","br","0","-"
767,"Smartphone","Google","Perguntas","quando","smartphone quando comecou","pt","br","0","-"
768,"Smartphone","Google","Perguntas","quando","quando o smartphone","pt","br","0","-"
769,"Smartphone","Google","Perguntas","quando","quando o smartphone fica reiniciando e não liga","pt","br","0","-"
770,"Smartphone","Google","Perguntas","quando","quando o smartphone foi popularizado","pt","br","0","-"
771,"Smartphone","Google","Perguntas","quando","quando o smartphone está iniciando","pt","br","0","-"
772,"Smartphone","Google","Perguntas","quando","quando popularizou smartphone","pt","br","0","-"
773,"Smartphone","Google","Perguntas","quem","quem vende mais smartphone no mundo","pt","br","10","-"
774,"Smartphone","Google","Perguntas","quem","smartphone quem inventou","pt","br","0","-"
775,"Smartphone","Google","Perguntas","quem","quem fabrica smartphone oppo","pt","br","0","-"
776,"Smartphone","Google","Perguntas","quem","quem fabrica smartphone realme","pt","br","0","-"
777,"Smartphone","Google","Perguntas","quem","quem fabrica smartphone infinix","pt","br","0","-"
778,"Smartphone","Google","Perguntas","quem","quem fabrica smartphone jovi","pt","br","0","-"
779,"Smartphone","Google","Perguntas","quem","quem fabrica smartphone honor","pt","br","0","-"
780,"Smartphone","Google","Perguntas","quem","quem fabrica smartphone","pt","br","0","-"
781,"Smartphone","Google","Perguntas","quem","quem inventou o smartphone moderno","pt","br","0","-"
782,"Smartphone","Google","Perguntas","quem","quem inventou o smartphone e em que ano","pt","br","0","-"
783,"Smartphone","Google","Perguntas","quem","quem fabrica o smartphone oppo no brasil","pt","br","0","-"
784,"Smartphone","Google","Perguntas","quem","quem fabrica o smartphone tcl","pt","br","0","-"
785,"Smartphone","Google","Perguntas","quem","quem fabrica o smartphone poco","pt","br","0","-"
786,"Smartphone","Google","Perguntas","quem","quem lançou o smartphone","pt","br","0","-"
787,"Smartphone","Google","Perguntas","quem","quem inventou o smartphone touch","pt","br","0","-"
788,"Smartphone","Google","Perguntas","são","o'que são smartphone","pt","br","40","-"
789,"Smartphone","Google","Perguntas","são","quais celulares são smartphone","pt","br","0","-"
790,"Smartphone","Google","Perguntas","são","smartphone são luís","pt","br","0","-"
791,"Smartphone","Google","Termos relacionados","-","smartphones smartphone","pt","br","201.0K","0.165"
792,"Smartphone","Google","Termos relacionados","-","smartphone","pt","br","165.0K","0.42"
793,"Smartphone","Google","Termos relacionados","-","best smartphone budget","pt","br","49.5K","0.21"
794,"Smartphone","Google","Termos relacionados","-","smartphone samsung","pt","br","0","-"
795,"Smartphone","Google","Termos relacionados","-","smartphone motorola edge 60 pro 5g","pt","br","0","-"
796,"Smartphone","Google","Termos relacionados","-","smartphone xiaomi","pt","br","0","-"
797,"Smartphone","Google","Termos relacionados","-","smartphone motorola edge 60 5g","pt","br","0","-"
798,"Smartphone","Google","Termos relacionados","-","smartphone motorola","pt","br","0","-"
799,"Smartphone","Google","Termos relacionados","-","encontrar meu smartphone","pt","br","0","-"
800,"Smartphone","Google","Termos relacionados","-","smartphone samsung galaxy s24 256gb","pt","br","0","-"
801,"Smartphone","Google","Termos relacionados","-","promoção do smartphone","pt","br","0","-"
802,"Smartphone","Google","Termos relacionados","-","smartphone samsung galaxy a56 5g","pt","br","0","-"
803,"Smartphone","Google","Termos relacionados","-","smartphone watch samsung","pt","br","0","-"
804,"Smartphone","Google","Termos relacionados","-","zenfone smartphone asus","pt","br","0","-"
805,"Smartphone","Google","Termos relacionados","-","smartphone baratos","pt","br","0","-"
806,"Smartphone","Google","Termos relacionados","-","smartphone samsung galaxy s24 ultra","pt","br","0","-"
807,"Smartphone","Google","Termos relacionados","-","promoção smartphone","pt","br","0","-"
808,"Smartphone","Google","Termos relacionados","-","meu smartphone","pt","br","0","-"
809,"Smartphone","Google","Termos relacionados","-","encontrar seu smartphone","pt","br","0","-"
810,"Smartphone","Google","Termos relacionados","-","smartphone dobrável","pt","br","0","-"
811,"Smartphone","Google","Termos relacionados","-","smartphone claro","pt","br","0","-"
812,"Smartphone","Google","Termos relacionados","-","smartphone samsung a5","pt","br","0","-"
813,"Smartphone","Google","Termos relacionados","-","smartphone barato","pt","br","0","-"
814,"Smartphone","Google","Termos relacionados","-","smartphone 256 gb","pt","br","0","-"
815,"Smartphone","Google","Termos relacionados","-","smartphone dobravel","pt","br","0","-"
816,"Smartphone","Google","Termos relacionados","-","smartphone in samsung","pt","br","0","-"
817,"Smartphone","Google","Termos relacionados","-","samsung smartphone j5","pt","br","0","-"
818,"Smartphone","Google","Termos relacionados","-","smartphone samsung galaxy a56 5g 8gb","pt","br","0","-"
819,"Smartphone","Google","Termos relacionados","-","smartphone watch apple","pt","br","0","-"
820,"Smartphone","Google","Termos relacionados","-","smartphone motorola moto g75 5g 256gb","pt","br","0","-"
821,"Smartphone","Google","Termos relacionados","-","smartphone samsung galaxy a56 5g 8gb ram","pt","br","0","-"
822,"Smartphone","Google","Termos relacionados","-","smartphone samsung galaxy s24 256gb 8gb ram","pt","br","0","-"
823,"Smartphone","Google","Termos relacionados","-","melhor smartphone 2025","pt","br","0","-"
824,"Smartphone","Google","Termos relacionados","-","smartphone motorola moto g35 5g","pt","br","0","-"
825,"Smartphone","Google","Termos relacionados","-","smartphone samsung galaxy a5","pt","br","0","-"
826,"Smartphone","Google","Termos relacionados","-","samsung a smartphone","pt","br","0","-"
827,"Smartphone","Google","Termos relacionados","-","celulares smartphone","pt","br","0","-"
828,"Smartphone","Google","Termos relacionados","-","smartphone 5g","pt","br","0","-"
829,"Smartphone","Google","Termos relacionados","-","smartphone motorola edge 60 fusion 256gb 5g","pt","br","0","-"
830,"Smartphone","Google","Termos relacionados","-","celular smartphone","pt","br","0","-"
831,"Smartphone","Google","Termos relacionados","-","smartphone oppo","pt","br","0","-"
832,"Smartphone","Google","Termos relacionados","-","localizar smartphone","pt","br","0","-"
833,"Smartphone","Google","Termos relacionados","-","smartphone samsung galaxy s24 fe 5g 8gb ram","pt","br","0","-"
834,"Smartphone","Google","Termos relacionados","-","smartphone motorola edge 60 5g 512 gb","pt","br","0","-"
835,"Smartphone","Google","Termos relacionados","-","smartphone samsung galaxy a36 5g","pt","br","0","-"
836,"Smartphone","Google","Termos relacionados","-","smartphone promoção","pt","br","0","-"
837,"Smartphone","Google","Termos relacionados","-","encontre meu smartphone","pt","br","0","-"
838,"Smartphone","Google","Termos relacionados","-","smartphone motorola edge 50 ultra 5g 512gb 24gb ram boost","pt","br","0","-"
839,"Smartphone","Google","Termos relacionados","-","smartphone xiaomi redmi note 14","pt","br","0","-"
840,"Smartphone","Google","Termos relacionados","-","smartphone samsung galaxy s25 5g 256gb 12gb ram","pt","br","0","-"
841,"Smartphone","Google","Termos relacionados","-","smartphone motorola edge 50 5g 256gb 24gb ram boost","pt","br","0","-"
842,"Smartphone","Google","Termos relacionados","-","huawei smartphone","pt","br","0","-"
843,"Smartphone","Google","Termos relacionados","-","localize meu smartphone","pt","br","0","-"
844,"Smartphone","Google","Termos relacionados","-","rastreamento smartphone","pt","br","0","-"
845,"Smartphone","Google","Termos relacionados","-","smartphone samsung galaxy s24 fe 5g 256gb 8gb ram","pt","br","0","-"
846,"Smartphone","Google","Termos relacionados","-","smartphone 512 gb","pt","br","0","-"
847,"Smartphone","Google","Termos relacionados","-","smartphone samsung 256 gb","pt","br","0","-"
848,"Smartphone","Google","Termos relacionados","-","smartphone barato bom","pt","br","0","-"
849,"Smartphone","Google","Termos relacionados","-","smartphone samsung galaxy a16 5g","pt","br","0","-"
850,"Smartphone","Google","Termos relacionados","-","smartphone tesla","pt","br","0","-"
851,"Smartphone","Google","Termos relacionados","-","smartphone infinix","pt","br","0","-"
852,"Smartphone","Google","Termos relacionados","-","localizar meu smartphone","pt","br","0","-"
853,"Smartphone","Google","Termos relacionados","-","smartphone motorola razr 60 5g 256gb","pt","br","0","-"
854,"Smartphone","Google","Termos relacionados","-","smartphone huawei","pt","br","0","-"
855,"Smartphone","Google","Termos relacionados","-","smartphone motorola moto g15 256gb","pt","br","0","-"
856,"Smartphone","Google","Termos relacionados","-","smartphone samsung galaxy z fold6 512gb 5g","pt","br","0","-"
857,"Smartphone","Google","Termos relacionados","-","smartphone poco","pt","br","0","-"
858,"Smartphone","Google","Termos relacionados","-","smartphone realme","pt","br","0","-"
859,"Smartphone","Google","Termos relacionados","-","xiaomi smartphone","pt","br","0","-"
860,"Smartphone","Google","Termos relacionados","-","smartphone para idosos","pt","br","0","-"
861,"Smartphone","Google","Termos relacionados","-","encontra seu smartphone","pt","br","0","-"
862,"Smartphone","Google","Termos relacionados","-","smartphone o que é","pt","br","0","-"
863,"Smartphone","Google","Termos relacionados","-","samsung galaxy s8 smartphone","pt","br","0","-"
864,"Smartphone","Google","Termos relacionados","-","smartphone barato e bom","pt","br","0","-"
865,"Smartphone","Google","Termos relacionados","-","in another world with my smartphone","pt","br","0","-"
866,"Smartphone","Google","Termos relacionados","-","smartphone samsung galaxy j7 prime","pt","br","0","-"
867,"Smartphone","Google","Termos relacionados","-","smartphone motorola edge 60 pro","pt","br","0","-"
868,"Smartphone","Google","Termos relacionados","-","encontrar smartphone","pt","br","0","-"
869,"Smartphone","Google","Termos relacionados","-","smartphone motorola moto e7","pt","br","0","-"
870,"Smartphone","Google","Termos relacionados","-","smartphone samsung galaxy s25 ultra 5g titânio","pt","br","0","-"
871,"Smartphone","Google","Termos relacionados","-","smartphone motorola moto g24 128 gb","pt","br","0","-"
872,"Smartphone","Google","Termos relacionados","-","smartphone motorola edge 70","pt","br","0","-"
873,"Smartphone","Google","Termos relacionados","-","smartphone motorola moto g56 5g 256gb","pt","br","0","-"
874,"Smartphone","Google","Termos relacionados","-","smartphone motorola edge 50 neo 5g 256gb","pt","br","0","-"
875,"Smartphone","Google","Termos relacionados","-","smartphone da casas bahia","pt","br","0","-"
876,"Smartphone","Google","Termos relacionados","-","rastrear meu smartphone","pt","br","0","-"
877,"Smartphone","Google","Termos relacionados","-","smartphone xiaomi redmi note 14 pro 5g","pt","br","0","-"
878,"Smartphone","Google","Termos relacionados","-","smartphone jovi","pt","br","0","-"
879,"Smartphone","Google","Termos relacionados","-","smartphone 128gb","pt","br","0","-"
880,"Smartphone","Google","Termos relacionados","-","smartphone motorola moto g86 256gb 5g","pt","br","0","-"
881,"Smartphone","Google","Termos relacionados","-","smartphone moto g 2","pt","br","0","-"
882,"Smartphone","Google","Termos relacionados","-","vivo smartphone","pt","br","0","-"
883,"Smartphone","Google","Termos relacionados","-","smartphone samsung galaxy","pt","br","0","-"
884,"Smartphone","Google","Termos relacionados","-","comparison smartphone","pt","br","0","-"
885,"Smartphone","Google","Termos relacionados","-","smartphone idoso","pt","br","0","-"
886,"Smartphone","Google","Termos relacionados","-","smartphone em promoção samsung","pt","br","0","-"
887,"Smartphone","Google","Termos relacionados","-","smartphone motorola moto g75 5g 256gb 8gb","pt","br","0","-"
888,"Smartphone","Google","Termos relacionados","-","smartphone xiaomi poco x6 pro 5g","pt","br","0","-"
889,"Smartphone","Google","Termos relacionados","-","smartphone vivo","pt","br","0","-"
890,"Smartphone","Google","Termos relacionados","-","tim smartphone","pt","br","0","-"
891,"Smartphone","Google","Termos relacionados","-","smartphone xiaomi redmi note 14 256gb","pt","br","0","-"
892,"Smartphone","Google","Termos relacionados","-","smartphone lg","pt","br","0","-"
893,"Smartphone","Google","Termos relacionados","-","smartphone caterpillar","pt","br","0","-"
894,"Smartphone","Google","Termos relacionados","-","defina smartphone","pt","br","0","-"
895,"Smartphone","Google","Termos relacionados","-","smartphone samsung galaxy z fold 7 512gb","pt","br","0","-"
896,"Smartphone","Google","Termos relacionados","-","smartphone xiaomi poco x7 pro 5g 12gb 512gb","pt","br","0","-"
897,"Smartphone","Google","Termos relacionados","-","qual é melhor smartphone","pt","br","0","-"
898,"Smartphone","Google","Termos relacionados","-","smartphone samsung galaxy s25 ultra 256gb 5g titânio","pt","br","0","-"
899,"Smartphone","Google","Termos relacionados","-","melhor smartphone custo benefício","pt","br","0","-"
900,"Smartphone","Google","Termos relacionados","-","smartphone nokia","pt","br","0","-"
901,"Smartphone","Google","Termos relacionados","-","smartphone xiaomi poco x7 pro 5g ram","pt","br","0","-"
902,"Smartphone","Google","Termos relacionados","-","jovi smartphone","pt","br","0","-"
903,"Smartphone","Google","Termos relacionados","-","smartphone samsung galaxy a25 5g 256gb","pt","br","0","-"
904,"Smartphone","Google","Termos relacionados","-","smartphone samsung galaxy s24 fe","pt","br","0","-"
905,"Smartphone","Google","Termos relacionados","-","nokia smartphone","pt","br","0","-"
906,"Smartphone","Google","Termos relacionados","-","smartphone xiaomi redmi 13c","pt","br","0","-"
907,"Smartphone","Google","Termos relacionados","-","smartphone samsung galaxy a35 5g","pt","br","0","-"
908,"Smartphone","Google","Termos relacionados","-","smartphone casa bahia","pt","br","0","-"
909,"Smartphone","Google","Termos relacionados","-","smartphone samsung galaxy s23 ultra 5g","pt","br","0","-"
910,"Smartphone","Google","Termos relacionados","-","comparar smartphone","pt","br","0","-"
911,"Smartphone","Google","Termos relacionados","-","smartphone samsung a16","pt","br","0","-"
912,"Smartphone","Google","Termos relacionados","-","smartphone xiaomi poco x7 5g ram","pt","br","0","-"
913,"Smartphone","Google","Termos relacionados","-","smartphone samsung s24","pt","br","0","-"
914,"Smartphone","Google","Termos relacionados","-","qual smartphone melhor","pt","br","0","-"
915,"Smartphone","Google","Termos relacionados","-","smartphone samsung a56","pt","br","0","-"
916,"Smartphone","Google","Termos relacionados","-","smartphone cat","pt","br","0","-"
917,"Smartphone","Google","Termos relacionados","-","smartphone samsung a55 256gb","pt","br","0","-"
918,"Smartphone","Google","Termos relacionados","-","relogios smartphone","pt","br","0","-"
919,"Smartphone","Google","Termos relacionados","-","smartphone jovi v50","pt","br","0","-"
920,"Smartphone","Google","Termos relacionados","-","smartphone of motorola","pt","br","0","-"
921,"Smartphone","Google","Termos relacionados","-","smartphone motorola edge 70 5g 512gb","pt","br","0","-"
922,"Smartphone","Google","Termos relacionados","-","smartphone moto g 24","pt","br","0","-"
923,"Smartphone","Google","Termos relacionados","-","smartphone xiaomi redmi note 14 256 gb","pt","br","0","-"
924,"Smartphone","Google","Termos relacionados","-","smartphone motorola edge 50 ultra 5g 512gb 24gb","pt","br","0","-"
925,"Smartphone","Google","Termos relacionados","-","smartphone motorola edge 60 fusion 5g","pt","br","0","-"
926,"Smartphone","Google","Termos relacionados","-","smartphone samsung galaxy m55 256gb 5g 8gb ram","pt","br","0","-"
927,"Smartphone","Google","Termos relacionados","-","mini smartphone","pt","br","0","-"
928,"Smartphone","Google","Termos relacionados","-","isekai smartphone","pt","br","0","-"
929,"Smartphone","Google","Termos relacionados","-","smartphone poco x7 pro","pt","br","0","-"
930,"Smartphone","Google","Termos relacionados","-","smartphone redmi","pt","br","0","-"
931,"Smartphone","Google","Termos relacionados","-","fala no smartphone","pt","br","0","-"
932,"Smartphone","Google","Termos relacionados","-","smartphone 5g 256 gb","pt","br","0","-"
933,"Smartphone","Google","Termos relacionados","-","smartphone com nfc","pt","br","0","-"
934,"Smartphone","Google","Termos relacionados","-","smartphone custo benefício 2025","pt","br","0","-"
935,"Smartphone","Google","Termos relacionados","-","casa bahia smartphone","pt","br","0","-"
936,"Smartphone","Google","Termos relacionados","-","smartphone 8 gb ram","pt","br","0","-"
937,"Smartphone","Google","Termos relacionados","-","smartphone samsung galaxy s25 ultra 256gb 12gb ram 5g","pt","br","0","-"
938,"Smartphone","Google","Termos relacionados","-","smartphone samsung 5g","pt","br","0","-"
939,"Smartphone","Google","Termos relacionados","-","smartphone samsung galaxy s24","pt","br","0","-"
940,"Smartphone","Google","Termos relacionados","-","smartphone 5g 256gb","pt","br","0","-"
941,"Smartphone","Google","Termos relacionados","-","xiaomi smartphone poco x8 pro max 5g 12gb preto","pt","br","0","-"
942,"Smartphone","Google","Termos relacionados","-","smartphone motorola moto g86 5g 256gb","pt","br","0","-"
943,"Smartphone","Google","Termos relacionados","-","smartphone motorola edge 60 pro 5g 512gb","pt","br","0","-"
944,"Smartphone","Google","Termos relacionados","-","smartphone para idoso","pt","br","0","-"
945,"Smartphone","Google","Termos relacionados","-","samsung smartphone promoção","pt","br","0","-"
946,"Smartphone","Google","Termos relacionados","-","smartphone samsung 06","pt","br","0","-"
947,"Smartphone","Google","Termos relacionados","-","smartphone 256gb 8gb ram","pt","br","0","-"
948,"Smartphone","Google","Termos relacionados","-","smartphone tcl","pt","br","0","-"
949,"Smartphone","Google","Termos relacionados","-","smartphone custo beneficio 2025","pt","br","0","-"
950,"Smartphone","Google","Termos relacionados","-","smartphone motorola edge 50 pro 5g","pt","br","0","-"
951,"Smartphone","Google","Termos relacionados","-","melhor smartphone custo benefício 2025","pt","br","0","-"
952,"Smartphone","Google","Termos relacionados","-","smartphone motorola moto g75 5g 256gb 16gb ram boost","pt","br","0","-"
953,"Smartphone","Google","Termos relacionados","-","smartphone another world","pt","br","0","-"
954,"Smartphone","Google","Termos relacionados","-","smartphone honor","pt","br","0","-"
955,"Smartphone","Google","Termos relacionados","-","smartphone motorola edge 70 512gb 5g","pt","br","0","-"
956,"Smartphone","Google","Termos relacionados","-","achar meu smartphone","pt","br","0","-"
957,"Smartphone","Google","Termos relacionados","-","smartphone magazine luiza","pt","br","0","-"
958,"Smartphone","Google","Termos relacionados","-","smartphone sony","pt","br","0","-"
959,"Smartphone","Google","Termos relacionados","-","smartphone 256gb 8gb ram menor preço","pt","br","0","-"
960,"Smartphone","Google","Termos relacionados","-","smartphone 512gb 12gb ram","pt","br","0","-"
961,"Smartphone","Google","Termos relacionados","-","smartphone motorola moto g05 128gb","pt","br","0","-"
962,"Smartphone","Google","Termos relacionados","-","oficina do smartphone","pt","br","0","-"
963,"Smartphone","Google","Termos relacionados","-","motorola smartphone watch","pt","br","0","-"
964,"Smartphone","Google","Termos relacionados","-","smartphone samsung galaxy a06","pt","br","0","-"
965,"Smartphone","Google","Termos relacionados","-","smartphone motorola signature","pt","br","0","-"
966,"Smartphone","Google","Termos relacionados","-","relógios smartphone","pt","br","0","-"
967,"Smartphone","Google","Termos relacionados","-","smartphone xiaomi poco x7 pro","pt","br","0","-"
968,"Smartphone","Google","Termos relacionados","-","smartphone samsung galaxy s24 fe 256gb 5g 8gb ram","pt","br","0","-"
969,"Smartphone","Google","Termos relacionados","-","smartphone motorola razr 50 ultra 5g 512gb 24gb ram boost","pt","br","0","-"
970,"Smartphone","Google","Termos relacionados","-","samsung galaxy s24 ultra smartphone","pt","br","0","-"
971,"Smartphone","Google","Termos relacionados","-","smartphone motorola edge 60","pt","br","0","-"
972,"Smartphone","Google","Termos relacionados","-","smartphone motorola edge 50 5g","pt","br","0","-"
973,"Smartphone","Google","Termos relacionados","-","smartphone mais barato","pt","br","0","-"
974,"Smartphone","Google","Termos relacionados","-","primeiro smartphone","pt","br","0","-"
975,"Smartphone","Google","Termos relacionados","-","smartphone multilaser","pt","br","0","-"
976,"Smartphone","Google","Termos relacionados","-","smartphone flip","pt","br","0","-"
977,"Smartphone","Google","Termos relacionados","-","smartphone moto g75 5g 256gb","pt","br","0","-"
978,"Smartphone","Google","Termos relacionados","-","smartphone compra","pt","br","0","-"
979,"Smartphone","Google","Termos relacionados","-","qual smartphone samsung é melhor","pt","br","0","-"
980,"Smartphone","Google","Termos relacionados","-","celular smartphone samsung j5","pt","br","0","-"
981,"Smartphone","Google","Termos relacionados","-","wallpapers smartphone","pt","br","0","-"
982,"Smartphone","Google","Termos relacionados","-","ibm simon smartphone","pt","br","0","-"
983,"Smartphone","Google","Termos relacionados","-","smartphone samsung galaxy a16","pt","br","0","-"
984,"Smartphone","Google","Termos relacionados","-","smartphone motorola moto g56 5g","pt","br","0","-"
985,"Smartphone","Google","Termos relacionados","-","smartphone lg l5","pt","br","0","-"
986,"Smartphone","Google","Termos relacionados","-","melhores smartphone","pt","br","0","-"
987,"Smartphone","Google","Termos relacionados","-","smartphone motorola moto g05","pt","br","0","-"
988,"Smartphone","Google","Termos relacionados","-","magazine luiza smartphone","pt","br","0","-"
989,"Smartphone","Google","Termos relacionados","-","sony smartphone z1","pt","br","0","-"
990,"Smartphone","Google","Termos relacionados","-","smartphone 256gb 8gb ram 5g","pt","br","0","-"
991,"Smartphone","Google","Termos relacionados","-","smartphone samsung galaxy s25 fe 256gb 5g 8gb ram","pt","br","0","-"
992,"Smartphone","Google","Termos relacionados","-","smartphone gamer","pt","br","0","-"
993,"Smartphone","Google","Termos relacionados","-","png smartphone","pt","br","0","-"
994,"Smartphone","Google","Termos relacionados","-","melhor smartphone 2026","pt","br","0","-"
995,"Smartphone","Google","Termos relacionados","-","smartphone motorola edge 50 pro 5g 256gb","pt","br","0","-"
996,"Smartphone","Google","Termos relacionados","-","smartphone samsung galaxy s24 fe 128gb 5g 8gb ram","pt","br","0","-"
997,"Smartphone","Google","Termos relacionados","-","preço smartphone","pt","br","0","-"
998,"Smartphone","Google","Termos relacionados","-","smartphone 8 gb ram 256 gb","pt","br","0","-"
999,"Smartphone","Google","Termos relacionados","-","teclado smartphone","pt","br","0","-"
1000,"Smartphone","Google","Termos relacionados","-","smartphone motorola g","pt","br","0","-"
1001,"Smartphone","Google","Termos relacionados","-","smartphone google","pt","br","0","-"
1002,"Smartphone","Google","Termos relacionados","-","smartphone motorola moto g24 128gb","pt","br","0","-"
1003,"Smartphone","Google","Termos relacionados","-","smartphone samsung a15","pt","br","0","-"
1004,"Smartphone","Google","Termos relacionados","-","smartphone samsung galaxy s24 fe 5g","pt","br","0","-"
1005,"Smartphone","Google","Termos relacionados","-","smartphone da positivo","pt","br","0","-"
1006,"Smartphone","Google","Termos relacionados","-","smartphone a56","pt","br","0","-"
1007,"Smartphone","Google","Termos relacionados","-","relógio smartphone","pt","br","0","-"
1008,"Smartphone","Google","Termos relacionados","-","smartphone samsung galaxy a55 5g 8gb","pt","br","0","-"
1009,"Smartphone","Google","Termos relacionados","-","smartphone samsung galaxy s25 fe","pt","br","0","-"
1010,"Smartphone","Google","Termos relacionados","-","smartphone samsung s25","pt","br","0","-"
1011,"Smartphone","Google","Termos relacionados","-","onde está meu smartphone","pt","br","0","-"
1012,"Smartphone","Google","Termos relacionados","-","smartphone realme c75","pt","br","0","-"
1013,"Smartphone","Google","Termos relacionados","-","smartphone motorola moto g84 5g 256gb 8gb ram","pt","br","0","-"
1014,"Smartphone","Google","Termos relacionados","-","smartphone xiaomi redmi note 14 5g 256gb","pt","br","0","-"
1015,"Smartphone","Google","Termos relacionados","-","smartphone motorola moto g15","pt","br","0","-"
1016,"Smartphone","Google","Termos relacionados","-","comprar um smartphone","pt","br","0","-"
1017,"Smartphone","Google","Termos relacionados","-","smartphone pequeno","pt","br","0","-"
1018,"Smartphone","Google","Termos relacionados","-","qual melhor smartphone samsung","pt","br","0","-"
1019,"Smartphone","Google","Termos relacionados","-","smartphone mockup","pt","br","0","-"
1020,"Smartphone","Google","Termos relacionados","-","smartphone xiaomi poco x7 pro 5g 512gb 12gb ram","pt","br","0","-"
1021,"Smartphone","Google","Termos relacionados","-","smartphone motorola moto g06","pt","br","0","-"
1022,"Smartphone","Google","Termos relacionados","-","smartphone samsung 256gb 8gb ram menor preço","pt","br","0","-"
1023,"Smartphone","Google","Termos relacionados","-","smartphone motorola edge 50 fusion 5g 256gb 8gb","pt","br","0","-"
1024,"Smartphone","Google","Termos relacionados","-","5g smartphone","pt","br","0","-"
1025,"Smartphone","Google","Termos relacionados","-","nfc smartphone","pt","br","0","-"
1026,"Smartphone","Google","Termos relacionados","-","smartphone 12gb ram","pt","br","0","-"
1027,"Smartphone","Google","Termos relacionados","-","multilaser smartphone","pt","br","0","-"
1028,"Smartphone","Google","Termos relacionados","-","smartphone positivo","pt","br","0","-"
1029,"Smartphone","Google","Termos relacionados","-","mockup smartphone","pt","br","0","-"
1030,"Smartphone","Google","Termos relacionados","-","melhor smartphone","pt","br","0","-"
1031,"Smartphone","Google","Termos relacionados","-","smartphone samsung galaxy 5","pt","br","0","-"
1032,"Smartphone","Google","Termos relacionados","-","smartphone samsung s23","pt","br","0","-"
1033,"Smartphone","Google","Termos relacionados","-","smartphone s24","pt","br","0","-"
1034,"Smartphone","Google","Termos relacionados","-","smartphone samsung galaxy s23 5g fe","pt","br","0","-"
1035,"Smartphone","Google","Termos relacionados","-","smartphone samsung galaxy a06 128gb 4gb","pt","br","0","-"
1036,"Smartphone","Google","Termos relacionados","-","smartphone samsung a55","pt","br","0","-"
1037,"Smartphone","Google","Termos relacionados","-","smartphone galaxy","pt","br","0","-"
1038,"Smartphone","Google","Termos relacionados","-","celular smartphone baratos","pt","br","0","-"
1039,"Smartphone","Google","Termos relacionados","-","smartphone 6g ram","pt","br","0","-"
1040,"Smartphone","Google","Termos relacionados","-","smartphone a16","pt","br","0","-"
1041,"Smartphone","Google","Termos relacionados","-","smartphone samsung s","pt","br","0","-"
1042,"Smartphone","Google","Termos relacionados","-","smartphone 256 gb 5g","pt","br","0","-"
1043,"Smartphone","Google","Termos relacionados","-","smartphone usado","pt","br","0","-"
1044,"Smartphone","Google","Termos relacionados","-","melhores custo beneficio smartphone","pt","br","0","-"
1045,"Smartphone","Google","Termos relacionados","-","buscar meu smartphone","pt","br","0","-"
1046,"Smartphone","Google","Termos relacionados","-","buscar smartphone","pt","br","0","-"
1047,"Smartphone","Google","Termos relacionados","-","smartphone com melhor câmera","pt","br","0","-"
1048,"Smartphone","Google","Termos relacionados","-","smartphone a06","pt","br","0","-"
1049,"Smartphone","Google","Termos relacionados","-","smartphone motorola edge 50 ultra 5g 512gb","pt","br","0","-"
1050,"Smartphone","Google","Termos relacionados","-","smartphone xiaomi poco x7 pro 5g","pt","br","0","-"
1051,"Smartphone","Google","Termos relacionados","-","smartphone motorola edge 50","pt","br","0","-"
1052,"Smartphone","Google","Termos relacionados","-","smartphone poco x7 5g ram","pt","br","0","-"
1053,"Smartphone","Google","Termos relacionados","-","smartphone xiaomi 14 5g com 512gb","pt","br","0","-"
1054,"Smartphone","Google","Termos relacionados","-","smartphone preço","pt","br","0","-"
1055,"Smartphone","Google","Termos relacionados","-","smartphone motorola g05","pt","br","0","-"
1056,"Smartphone","Google","Termos relacionados","-","melhor custo benefício smartphone","pt","br","0","-"
1057,"Smartphone","Google","Termos relacionados","-","smartphone motorola moto g35 5g 256gb","pt","br","0","-"
1058,"Smartphone","Google","Termos relacionados","-","smartphone motorola g85 xt2427 1 grafite 5g 256gb","pt","br","0","-"
1059,"Smartphone","Google","Termos relacionados","-","smartphone motorola moto e22","pt","br","0","-"
1060,"Smartphone","Google","Termos relacionados","-","vivo smartphone in amazon","pt","br","0","-"
1061,"Smartphone","Google","Termos relacionados","-","smartphone 2025","pt","br","0","-"
1062,"Smartphone","Google","Termos relacionados","-","smartphone s25","pt","br","0","-"
1063,"Smartphone","Google","Termos relacionados","-","smartphone xiaomi redmi 12c 128 gb","pt","br","0","-"
1064,"Smartphone","Google","Termos relacionados","-","smartphone o melhor","pt","br","0","-"
1065,"Smartphone","Google","Termos relacionados","-","smartphone oppo é bom","pt","br","0","-"
1066,"Smartphone","Google","Termos relacionados","-","smartphone samsung galaxy a05s 128gb 6gb","pt","br","0","-"
1067,"Smartphone","Google","Termos relacionados","-","smartphone samsung a26","pt","br","0","-"
1068,"Smartphone","Google","Termos relacionados","-","smartphone samsung galaxy s25","pt","br","0","-"
1069,"Smartphone","Google","Termos relacionados","-","qual melhor smartphone motorola","pt","br","0","-"
1070,"Smartphone","Google","Termos relacionados","-","smartphone xiaomi redmi note 13","pt","br","0","-"
1071,"Smartphone","Google","Termos relacionados","-","smartphone xiaomi redmi 14c 256gb ram","pt","br","0","-"
1072,"Smartphone","Google","Termos relacionados","-","smartphone motorola edge 70 pro","pt","br","0","-"
1073,"Smartphone","Google","Termos relacionados","-","smartphone samsung 128gb","pt","br","0","-"
1074,"Smartphone","Google","Termos relacionados","-","smartphone samsung galaxy a05s","pt","br","0","-"
1075,"Smartphone","Google","Termos relacionados","-","smartphone iphone","pt","br","0","-"
1076,"Smartphone","Google","Termos relacionados","-","smartphone xiaomi redmi note 14 5g","pt","br","0","-"
1077,"Smartphone","Google","Termos relacionados","-","smartphone motorola g15","pt","br","0","-"
1078,"Smartphone","Google","Termos relacionados","-","smartphone samsung galaxy m55 5g 256gb 8gb","pt","br","0","-"
1079,"Smartphone","Google","Termos relacionados","-","smartphone ate 1000","pt","br","0","-"
1080,"Smartphone","Google","Termos relacionados","-","dm assistência técnica especializada em smartphone","pt","br","0","-"
1081,"Smartphone","Google","Termos relacionados","-","qual melhor smartphone 2025","pt","br","0","-"
1082,"Smartphone","Google","Termos relacionados","-","smartphone motorola edge 60 pro 5g 256gb","pt","br","0","-"
1083,"Smartphone","Google","Termos relacionados","-","smartphone barato samsung","pt","br","0","-"
1084,"Smartphone","Google","Termos relacionados","-","smartphone tim","pt","br","0","-"
1085,"Smartphone","Google","Termos relacionados","-","smartphone com melhor camera","pt","br","0","-"
1086,"Smartphone","Google","Termos relacionados","-","smartphone doogee","pt","br","0","-"
1087,"Smartphone","Google","Termos relacionados","-","smartphone xiaomi 256 gb","pt","br","0","-"
1088,"Smartphone","Google","Termos relacionados","-","smartphone motorola 5g","pt","br","0","-"
1089,"Smartphone","Google","Termos relacionados","-","smartphone xiaomi 17 pro max","pt","br","0","-"
1090,"Smartphone","Google","Termos relacionados","-","smartphone lg l3","pt","br","0","-"
1091,"Smartphone","Google","Termos relacionados","-","smartphone motorola moto g84 256gb 5g","pt","br","0","-"
1092,"Smartphone","Google","Termos relacionados","-","smartphone ram 6gb","pt","br","0","-"
1093,"Smartphone","Google","Termos relacionados","-","smartphone 8gb ram 256gb","pt","br","0","-"
1094,"Smartphone","Google","Termos relacionados","-","smartphone xiaomi redmi note 14 pro","pt","br","0","-"
1095,"Smartphone","Google","Termos relacionados","-","smartphone promocao relampago hoje","pt","br","0","-"
1096,"Smartphone","Google","Termos relacionados","-","traduza smartphone do inglês","pt","br","0","-"
1097,"Smartphone","Google","Termos relacionados","-","promoção de smartphone","pt","br","0","-"
1098,"Smartphone","Google","Termos relacionados","-","smartphone samsung galaxy s24 fe 5g 256gb","pt","br","0","-"
1099,"Smartphone","Google","Termos relacionados","-","procurar smartphone","pt","br","0","-"
1100,"Smartphone","Google","Termos relacionados","-","smartphone a15","pt","br","0","-"
1101,"Smartphone","Google","Termos relacionados","-","smartphone motorola edge 50 neo 5g","pt","br","0","-"
1102,"Smartphone","Google","Termos relacionados","-","smartphone apple","pt","br","0","-"
1103,"Smartphone","Google","Termos relacionados","-","smartphone mercado livre","pt","br","0","-"
1104,"Smartphone","Google","Termos relacionados","-","smartphone motorola edge","pt","br","0","-"
1105,"Smartphone","Google","Termos relacionados","-","smartphone 5g em promoção","pt","br","0","-"
1106,"Smartphone","Google","Termos relacionados","-","smartphone xiaomi redmi note 14 pro 5g 12gb 512gb","pt","br","0","-"
1107,"Smartphone","Google","Termos relacionados","-","smartphone samsung 256gb menor preço","pt","br","0","-"
1108,"Smartphone","Google","Termos relacionados","-","smartphone moto g","pt","br","0","-"
1109,"Smartphone","Google","Termos relacionados","-","smartphone motorola 256gb","pt","br","0","-"
1110,"Smartphone","Google","Termos relacionados","-","wallpaper smartphone","pt","br","0","-"
1111,"Smartphone","Google","Termos relacionados","-","comprar smartphone","pt","br","0","-"
1112,"Smartphone","Google","Termos relacionados","-","asus smartphone","pt","br","0","-"
1113,"Smartphone","Google","Termos relacionados","-","localização smartphone","pt","br","0","-"
1114,"Smartphone","Google","Termos relacionados","-","smartphone xiaomi 15t pro 5g ram 512gb","pt","br","0","-"
1115,"Smartphone","Google","Termos relacionados","-","smartphone 6gb ram","pt","br","0","-"
1116,"Smartphone","Google","Termos relacionados","-","smartphone samsung galaxy a07","pt","br","0","-"
1117,"Smartphone","Google","Termos relacionados","-","vivo smartphone on amazon","pt","br","0","-"
1118,"Smartphone","Google","Termos relacionados","-","smartphone indestrutível","pt","br","0","-"
1119,"Smartphone","Google","Termos relacionados","-","smartphone nfc","pt","br","0","-"
1120,"Smartphone","Google","Termos relacionados","-","smartphone motorola moto g75 5g","pt","br","0","-"
1121,"Smartphone","Google","Termos relacionados","-","256gb smartphone","pt","br","0","-"
1122,"Smartphone","Google","Termos relacionados","-","smartphone samsung galaxy a55 256 gb","pt","br","0","-"
1123,"Smartphone","Google","Termos relacionados","-","custo benefício smartphone","pt","br","0","-"
1124,"Smartphone","Google","Termos relacionados","-","assistencia técnica smartphone","pt","br","0","-"
1125,"Smartphone","Google","Termos relacionados","-","smartphone motorola moto g84 5g 256gb","pt","br","0","-"
1126,"Smartphone","Google","Termos relacionados","-","smartphone samsung galaxy s25 ultra","pt","br","0","-"
1127,"Smartphone","Google","Termos relacionados","-","smartphone 256gb 8gb ram 5g menor preço","pt","br","0","-"
1128,"Smartphone","Google","Termos relacionados","-","smartphone 256gb 5g","pt","br","0","-"
1129,"Smartphone","Google","Termos relacionados","-","smartphone cubot","pt","br","0","-"
1130,"Smartphone","Google","Termos relacionados","-","smartphone samsung galaxy a15","pt","br","0","-"
1131,"Smartphone","Google","Termos relacionados","-","smartphone mercadolivre","pt","br","0","-"
1132,"Smartphone","Google","Termos relacionados","-","smartphone motorola edge 60 fusion 5g 256gb 8gb ram","pt","br","0","-"
1133,"Smartphone","Google","Termos relacionados","-","smartphone motorola moto g34 5g","pt","br","0","-"
1134,"Smartphone","Google","Termos relacionados","-","preço de um smartphone","pt","br","0","-"
1135,"Smartphone","Google","Termos relacionados","-","smartphone j5 pro","pt","br","0","-"
1136,"Smartphone","Google","Termos relacionados","-","smartphone motorola moto g34 5g 128gb ram","pt","br","0","-"
1137,"Smartphone","Google","Termos relacionados","-","smartphone infinix note 40","pt","br","0","-"
1138,"Smartphone","Google","Termos relacionados","-","novo smartphone","pt","br","0","-"
1139,"Smartphone","Google","Termos relacionados","-","smartphone motorola edge 50 fusion 5g","pt","br","0","-"
1140,"Smartphone","Google","Termos relacionados","-","smartphone bom e barato 2025","pt","br","0","-"
1141,"Smartphone","Google","Termos relacionados","-","smartphone xiaomi redmi note 14 256gb ram","pt","br","0","-"
1142,"Smartphone","Google","Termos relacionados","-","lg smartphone","pt","br","0","-"
1143,"Smartphone","Google","Termos relacionados","-","celulares smartphone baratos","pt","br","0","-"
1144,"Smartphone","Google","Termos relacionados","-","mercadolivre smartphone","pt","br","0","-"
1145,"Smartphone","Google","Termos relacionados","-","smartphone moto g15","pt","br","0","-"
1146,"Smartphone","Google","Termos relacionados","-","smartphone melhor custo beneficio 2025","pt","br","0","-"
1147,"Smartphone","Google","Termos relacionados","-","smartphone motorola g56","pt","br","0","-"
1148,"Smartphone","Google","Termos relacionados","-","smartphone samsung galaxy a36","pt","br","0","-"
1149,"Smartphone","Google","Termos relacionados","-","smartphone xiaomi 5g","pt","br","0","-"
1150,"Smartphone","Google","Termos relacionados","-","samsung smartphone barato","pt","br","0","-"
1151,"Smartphone","Google","Termos relacionados","-","achar smartphone","pt","br","0","-"
1152,"Smartphone","Google","Termos relacionados","-","smartphone samsung galaxy xcover 7 5g","pt","br","0","-"
1153,"Smartphone","Google","Termos relacionados","-","smartphone poco x7 xiaomi 5g ram","pt","br","0","-"
1154,"Smartphone","Google","Termos relacionados","-","smartphone xiaomi redmi note 13 5g 256gb","pt","br","0","-"
1155,"Smartphone","Google","Termos relacionados","-","smartphone s24 ultra","pt","br","0","-"
1156,"Smartphone","Google","Termos relacionados","-","sony smartphone","pt","br","0","-"
1157,"Smartphone","Google","Termos relacionados","-","smartphone transparente","pt","br","0","-"
1158,"Smartphone","Google","Termos relacionados","-","smartphone motorola moto g 75","pt","br","0","-"
1159,"Smartphone","Google","Termos relacionados","-","smartphone blackview","pt","br","0","-"
1160,"Smartphone","Google","Termos relacionados","-","smartphone até 1000","pt","br","0","-"
1161,"Smartphone","Google","Termos relacionados","-","smartphone xiaomi redmi 14 c","pt","br","0","-"
1162,"Smartphone","Google","Termos relacionados","-","menor preço em smartphone","pt","br","0","-"
1163,"Smartphone","Google","Termos relacionados","-","smartphone samsung galaxy a15 5g","pt","br","0","-"
1164,"Smartphone","Google","Termos relacionados","-","blu smartphone","pt","br","0","-"
1165,"Smartphone","Google","Termos relacionados","-","smartphone xiaomi poco","pt","br","0","-"
1166,"Smartphone","Google","Termos relacionados","-","smartphone motorola edge 50 neo","pt","br","0","-"
1167,"Smartphone","Google","Termos relacionados","-","oppo smartphone","pt","br","0","-"
1168,"Smartphone","Google","Termos relacionados","-","smartphone samsung galaxy a56 5g 256gb","pt","br","0","-"
1169,"Smartphone","Google","Termos relacionados","-","smartphone motorola moto e20 32gb 2gb ram","pt","br","0","-"
1170,"Smartphone","Google","Termos relacionados","-","smartphone custo beneficio 2024","pt","br","0","-"
1171,"Smartphone","Google","Termos relacionados","-","smartphone motorola moto g04 128gb ram 4gb","pt","br","0","-"
1172,"Smartphone","Google","Termos relacionados","-","smartphone lancamento","pt","br","0","-"
1173,"Smartphone","Google","Termos relacionados","-","lançamento smartphone","pt","br","0","-"
1174,"Smartphone","Google","Termos relacionados","-","smartphone motorola moto g84 5g 256gb 8gb","pt","br","0","-"
1175,"Smartphone","Google","Termos relacionados","-","smartphone samsung galaxy pocket neo","pt","br","0","-"
1176,"Smartphone","Google","Termos relacionados","-","menor preço smartphone","pt","br","0","-"
1177,"Smartphone","Google","Termos relacionados","-","smartphone xiaomi redmi","pt","br","0","-"
1178,"Smartphone","Google","Termos relacionados","-","smartphone a prova d água","pt","br","0","-"
1179,"Smartphone","Google","Termos relacionados","-","ncm smartphone","pt","br","0","-"
1180,"Smartphone","Google","Termos relacionados","-","smartphone oppo a5","pt","br","0","-"
1181,"Smartphone","Google","Termos relacionados","-","smartphone samsung a35","pt","br","0","-"
1182,"Smartphone","Google","Termos relacionados","-","smartphone moto g84 256gb 5g motorola","pt","br","0","-"
1183,"Smartphone","Google","Termos relacionados","-","smartphone nokia 2025","pt","br","0","-"
1184,"Smartphone","Google","Termos relacionados","-","smartphone ofertas","pt","br","0","-"
1185,"Smartphone","Google","Termos relacionados","-","smartphone xiaomi poco c75","pt","br","0","-"
1186,"Smartphone","Google","Termos relacionados","-","marcas de smartphone","pt","br","0","-"
1187,"Smartphone","Google","Termos relacionados","-","qual o melhor smartphone da xiaomi","pt","br","0","-"
1188,"Smartphone","Google","Termos relacionados","-","smartphone a55","pt","br","0","-"
1189,"Smartphone","Google","Termos relacionados","-","smartphone custo benefício","pt","br","0","-"
1190,"Smartphone","Google","Termos relacionados","-","smartphone motorola qual o melhor","pt","br","0","-"
1191,"Smartphone","Google","Termos relacionados","-","smartphone motorola moto g54 5g 256gb ram","pt","br","0","-"
1192,"Smartphone","Google","Termos relacionados","-","smartphone motorola moto g35","pt","br","0","-"
1193,"Smartphone","Google","Termos relacionados","-","smartphone xiaomi poco x7","pt","br","0","-"
1194,"Smartphone","Google","Termos relacionados","-","smartphone da samsung","pt","br","0","-"
1195,"Smartphone","Google","Termos relacionados","-","tecno smartphone","pt","br","0","-"
1196,"Smartphone","Google","Termos relacionados","-","smartphone xiaomi redmi 14c","pt","br","0","-"
1197,"Smartphone","Google","Termos relacionados","-","smartphone motorola moto g22 128gb ram 4gb","pt","br","0","-"
1198,"Smartphone","Google","Termos relacionados","-","smartphone samsung galaxy a04e 64gb","pt","br","0","-"
1199,"Smartphone","Google","Termos relacionados","-","smartphone samsung galaxy s23 ultra","pt","br","0","-"
1200,"Smartphone","Google","Termos relacionados","-","smartphone jovi v50 5g 512gb 12gb ram","pt","br","0","-"
1201,"Smartphone","Google","Termos relacionados","-","primeiro smartphone do mundo","pt","br","0","-"
1202,"Smartphone","Google","Termos relacionados","-","smartphone motorola edge 50 5g 512gb","pt","br","0","-"
1203,"Smartphone","Google","Termos relacionados","-","smartphone samsung barato","pt","br","0","-"
1204,"Smartphone","Google","Termos relacionados","-","smartphone samsung galaxy a55 5g 8gb ram","pt","br","0","-"
1205,"Smartphone","Google","Termos relacionados","-","smartphone samsung galaxy 256gb","pt","br","0","-"
1206,"Smartphone","Google","Termos relacionados","-","smartphone motorola g35","pt","br","0","-"
1207,"Smartphone","Google","Termos relacionados","-","casas bahia smartphone samsung","pt","br","0","-"
1208,"Smartphone","Google","Termos relacionados","-","smartphone xperia","pt","br","0","-"
1209,"Smartphone","Google","Termos relacionados","-","smartphone 256gb samsung","pt","br","0","-"
1210,"Smartphone","Google","Termos relacionados","-","smartphone motorola moto g53 5g 128gb 4gb ram","pt","br","0","-"
1211,"Smartphone","Google","Termos relacionados","-","smartphone samsung galaxy s25 edge 512gb 5g","pt","br","0","-"
1212,"Smartphone","Google","Termos relacionados","-","6g ram smartphone","pt","br","0","-"
1213,"Smartphone","Google","Termos relacionados","-","oferta em smartphone","pt","br","0","-"
1214,"Smartphone","Google","Termos relacionados","-","melhor smartphone samsung","pt","br","0","-"
1215,"Smartphone","Google","Termos relacionados","-","smartphone moto g35","pt","br","0","-"
1216,"Smartphone","Google","Termos relacionados","-","assistência técnica smartphone","pt","br","0","-"
1217,"Smartphone","Google","Termos relacionados","-","smartphone xiaomi 14 5g leica","pt","br","0","-"
1218,"Smartphone","Google","Termos relacionados","-","smartphone samsung galaxy a16 128gb","pt","br","0","-"
1219,"Smartphone","Google","Termos relacionados","-","smartphone diamond crypto","pt","br","0","-"
1220,"Smartphone","Google","Termos relacionados","-","smartphone moto g54 256gb 5g 8gb ram motorola","pt","br","0","-"
1221,"Smartphone","Google","Termos relacionados","-","smartphone zenfone asus","pt","br","0","-"
1222,"Smartphone","Google","Termos relacionados","-","smartphone 256","pt","br","0","-"
1223,"Smartphone","Google","Termos relacionados","-","vertu smartphone","pt","br","0","-"
1224,"Smartphone","Google","Termos relacionados","-","smartphone xiaomi 15t 5g 12 12gb ram 512gb","pt","br","0","-"
1225,"Smartphone","Google","Termos relacionados","-","smartphone motorola edge 50 fusion","pt","br","0","-"
1226,"Smartphone","Google","Termos relacionados","-","mindinho de smartphone","pt","br","0","-"
1227,"Smartphone","Google","Termos relacionados","-","smartphone xiaomi redmi note 15 pro","pt","br","0","-"
1228,"Smartphone","Google","Termos relacionados","-","smartphone moto e22 motorola","pt","br","0","-"
1229,"Smartphone","Google","Termos relacionados","-","smartphone xiaomi redmi 14c ram","pt","br","0","-"
1230,"Smartphone","Google","Termos relacionados","-","smartphone moto g75","pt","br","0","-"
1231,"Smartphone","Google","Termos relacionados","-","smartphone motorola edge 50 ultra 5g","pt","br","0","-"
1232,"Smartphone","Google","Termos relacionados","-","smartphone nubia","pt","br","0","-"
1233,"Smartphone","Google","Termos relacionados","-","smartphone android","pt","br","0","-"
1234,"Smartphone","Google","Termos relacionados","-","smartphone samsung s24 ultra","pt","br","0","-"
1235,"Smartphone","Google","Termos relacionados","-","smartphone lançamento 2025","pt","br","0","-"
1236,"Smartphone","Google","Termos relacionados","-","loja tim smartphone","pt","br","0","-"
1237,"Smartphone","Google","Termos relacionados","-","smartphone 128 gb 8 gb ram","pt","br","0","-"
1238,"Smartphone","Google","Termos relacionados","-","smartphone samsung galaxy a06 5g 128gb 4gb ram","pt","br","0","-"
1239,"Smartphone","Google","Termos relacionados","-","preço de smartphone","pt","br","0","-"
1240,"Smartphone","Google","Termos relacionados","-","smartphone 1tb","pt","br","0","-"
1241,"Smartphone","Google","Termos relacionados","-","smartphone samsung galaxy s24 plus 256gb 5g","pt","br","0","-"
1242,"Smartphone","Google","Termos relacionados","-","smartphone motorola moto g24","pt","br","0","-"
1243,"Smartphone","Google","Termos relacionados","-","smartphone motorola g75","pt","br","0","-"
1244,"Smartphone","Google","Termos relacionados","-","smartphone xiaomi poco x7 pro 5g 512gb","pt","br","0","-"
1245,"Smartphone","Google","Termos relacionados","-","smartphone black friday","pt","br","0","-"
1246,"Smartphone","Google","Termos relacionados","-","celular smartphone barato","pt","br","0","-"
1247,"Smartphone","Google","Termos relacionados","-","smartphone motorola moto e13 64gb","pt","br","0","-"
1248,"Smartphone","Google","Termos relacionados","-","smartphone poco x7","pt","br","0","-"
1249,"Smartphone","Google","Termos relacionados","-","smartphone from amazon","pt","br","0","-"
1250,"Smartphone","Google","Termos relacionados","-","smartphone s23","pt","br","0","-"
1251,"Smartphone","Google","Termos relacionados","-","tv smartphone","pt","br","0","-"
1252,"Smartphone","Google","Termos relacionados","-","smartphone infinix smart 8 pro 256gb","pt","br","0","-"
1253,"Smartphone","Google","Termos relacionados","-","smartphone xiaomi redmi 15 dual sim ram 6.9","pt","br","0","-"
1254,"Smartphone","Google","Termos relacionados","-","smartphone poco x7 pro 5g dual sim 512gb 12gb ram","pt","br","0","-"
1255,"Smartphone","Google","Termos relacionados","-","4k wallpaper smartphone","pt","br","0","-"
1256,"Smartphone","Google","Termos relacionados","-","o smartphone","pt","br","0","-"
1257,"Smartphone","Google","Termos relacionados","-","smartphone galaxy a55 5g 8gb ram samsung","pt","br","0","-"
1258,"Smartphone","Google","Termos relacionados","-","smartphone motorola edge 40 neo 5g 256gb 8gb ram","pt","br","0","-"
1259,"Smartphone","Google","Termos relacionados","-","smartphone até 2000","pt","br","0","-"
1260,"Smartphone","Google","Termos relacionados","-","smartphone 128gb 8gb ram","pt","br","0","-"
1261,"Smartphone","Google","Termos relacionados","-","smartphone poco x6 pro","pt","br","0","-"
1262,"Smartphone","Google","Termos relacionados","-","smartphone motorola signature 5g 512gb","pt","br","0","-"
1263,"Smartphone","Google","Termos relacionados","-","smartphone anime","pt","br","0","-"
1264,"Smartphone","Google","Termos relacionados","-","smartphone icon","pt","br","0","-"
1265,"Smartphone","Google","Termos relacionados","-","smartphone oppo reno 13","pt","br","0","-"
1266,"Smartphone","Google","Termos relacionados","-","smartphone samsung galaxy s24 8gb ram","pt","br","0","-"
1267,"Smartphone","Google","Termos relacionados","-","smartphone loja tim","pt","br","0","-"
1268,"Smartphone","Google","Termos relacionados","-","lançamento samsung smartphone","pt","br","0","-"
1269,"Smartphone","Google","Termos relacionados","-","smartphone oppo a40","pt","br","0","-"
1270,"Smartphone","Google","Termos relacionados","-","smartphone samsung galaxy s23","pt","br","0","-"
1271,"Smartphone","Google","Termos relacionados","-","smartphone xiaomi redmi a3 128gb","pt","br","0","-"
1272,"Smartphone","Google","Termos relacionados","-","smartphone samsung galaxy a06 128gb","pt","br","0","-"
1273,"Smartphone","Google","Termos relacionados","-","melhores smartphone xiaomi","pt","br","0","-"
1274,"Smartphone","Google","Termos relacionados","-","novidades smartphone","pt","br","0","-"
1275,"Smartphone","Google","Termos relacionados","-","128gb smartphone","pt","br","0","-"
1276,"Smartphone","Google","Termos relacionados","-","xperia smartphone","pt","br","0","-"
1277,"Smartphone","Google","Termos relacionados","-","smartphone s25 ultra","pt","br","0","-"
1278,"Smartphone","Google","Termos relacionados","-","diamond crypto smartphone","pt","br","0","-"
1279,"Smartphone","Google","Termos relacionados","-","celular smartphone samsung","pt","br","0","-"
1280,"Smartphone","Google","Termos relacionados","-","iphone é um smartphone","pt","br","0","-"
1281,"Smartphone","Google","Termos relacionados","-","smartphone xiaomi redmi note 14 pro 5g 256gb","pt","br","0","-"
1282,"Smartphone","Google","Termos relacionados","-","smartphone xiaomi poco x6 pro 5g 12gb 512gb","pt","br","0","-"
1283,"Smartphone","Google","Termos relacionados","-","como encontrar meu smartphone","pt","br","0","-"
1284,"Smartphone","Google","Termos relacionados","-","honor smartphone","pt","br","0","-"
1285,"Smartphone","Google","Termos relacionados","-","tcl smartphone","pt","br","0","-"
1286,"Smartphone","Google","Termos relacionados","-","oferta smartphone","pt","br","0","-"
1287,"Smartphone","Google","Termos relacionados","-","smartphone motorola moto g85 5g","pt","br","0","-"
1288,"Smartphone","Google","Termos relacionados","-","smartphone samsung melhor custo benefício","pt","br","0","-"
1289,"Smartphone","Google","Termos relacionados","-","motorola smartphone 2012","pt","br","0","-"
1290,"Smartphone","Google","Termos relacionados","-","hospital do smartphone","pt","br","0","-"
1291,"Smartphone","Google","Termos relacionados","-","papel de parede smartphone","pt","br","0","-"
1292,"Smartphone","Google","Termos relacionados","-","smartphone google pixel","pt","br","0","-"
1293,"Smartphone","Google","Termos relacionados","-","smartphone motorola moto g55 5g 256gb","pt","br","0","-"
1294,"Smartphone","Google","Termos relacionados","-","smartphone xiaomi redmi note 13 pro 5g 8gb 256gb","pt","br","0","-"
1295,"Smartphone","Google","Termos relacionados","-","smartphone samsung 512gb","pt","br","0","-"
1296,"Smartphone","Google","Termos relacionados","-","smartphone top de linha","pt","br","0","-"
1297,"Smartphone","Google","Termos relacionados","-","smartphone motorola moto g85 5g 256gb 8gb ram","pt","br","0","-"
1298,"Smartphone","Google","Termos relacionados","-","smartphone infinix note 40 5g","pt","br","0","-"
1299,"Smartphone","Google","Termos relacionados","-","smartphone poco c75","pt","br","0","-"
1300,"Smartphone","Google","Termos relacionados","-","smartphone samsung a25","pt","br","0","-"
1301,"Smartphone","Google","Termos relacionados","-","google smartphone","pt","br","0","-"
1302,"Smartphone","Google","Termos relacionados","-","smartphone com carregamento por indução","pt","br","0","-"
1303,"Smartphone","Google","Termos relacionados","-","smartphone com nfc barato","pt","br","0","-"
1304,"Smartphone","Google","Termos relacionados","-","smartphone lenovo","pt","br","0","-"
1305,"Smartphone","Google","Termos relacionados","-","smartphone relogio","pt","br","0","-"
1306,"Smartphone","Google","Termos relacionados","-","smartphone carrefour","pt","br","0","-"
1307,"Smartphone","Google","Termos relacionados","-","realme smartphone","pt","br","0","-"
1308,"Smartphone","Google","Termos relacionados","-","smartphone samsung m55","pt","br","0","-"
1309,"Smartphone","Google","Termos relacionados","-","smartphone poco f7","pt","br","0","-"
1310,"Smartphone","Google","Termos relacionados","-","suporte smartphone","pt","br","0","-"
1311,"Smartphone","Google","Termos relacionados","-","smartphone redmi note 14 pro","pt","br","0","-"
1312,"Smartphone","Google","Termos relacionados","-","loja de smartphone","pt","br","0","-"
1313,"Smartphone","Google","Termos relacionados","-","smartphone xiaomi redmi note 12 128 gb","pt","br","0","-"
1314,"Smartphone","Google","Termos relacionados","-","smartphone oppo a60","pt","br","0","-"
1315,"Smartphone","Google","Termos relacionados","-","smartphone motorola edge 60 5g 512gb 24gb","pt","br","0","-"
1316,"Smartphone","Google","Termos relacionados","-","o que significa smartphone","pt","br","0","-"
1317,"Smartphone","Google","Termos relacionados","-","smartphone reembalados","pt","br","0","-"
1318,"Smartphone","Google","Termos relacionados","-","smartphone para jogo","pt","br","0","-"
1319,"Smartphone","Google","Termos relacionados","-","smartphone nas lojas americanas","pt","br","0","-"
1320,"Smartphone","Google","Termos relacionados","-","galaxy samsung smartphone","pt","br","0","-"
1321,"Smartphone","Google","Termos relacionados","-","smartphone com camera boa","pt","br","0","-"
1322,"Smartphone","Google","Termos relacionados","-","telefone smartphone","pt","br","0","-"
1323,"Smartphone","Google","Termos relacionados","-","smartphone intermediário 2025","pt","br","0","-"
1324,"Smartphone","Google","Termos relacionados","-","smartphone redmi 14c","pt","br","0","-"
1325,"Smartphone","Google","Termos relacionados","-","smartphone 5g mais barato","pt","br","0","-"
1326,"Smartphone","Google","Termos relacionados","-","smartphone apple iphone 15 pro max 256gb","pt","br","0","-"
1327,"Smartphone","Google","Termos relacionados","-","amazon smartphone","pt","br","0","-"
1328,"Smartphone","Google","Termos relacionados","-","smartphone infinix hot 50i","pt","br","0","-"
1329,"Smartphone","Google","Termos relacionados","-","smartphone realme c61","pt","br","0","-"
1330,"Smartphone","Google","Termos relacionados","-","smartphone xiaomi poco x7 pro 5g dual sim ram","pt","br","0","-"
1331,"Smartphone","Google","Termos relacionados","-","smartphone 64gb","pt","br","0","-"
1332,"Smartphone","Google","Termos relacionados","-","smartphone a35","pt","br","0","-"
1333,"Smartphone","Google","Termos relacionados","-","promoção smartphone motorola","pt","br","0","-"
1334,"Smartphone","Google","Termos relacionados","-","caterpillar smartphone","pt","br","0","-"
1335,"Smartphone","Google","Termos relacionados","-","smartphone motorola moto e6s 32gb","pt","br","0","-"
1336,"Smartphone","Google","Termos relacionados","-","smartphone xiaomi redmi note 12 5g 128gb","pt","br","0","-"
1337,"Smartphone","Google","Termos relacionados","-","smartphone samsung galaxy s25 ultra 256gb 5g","pt","br","0","-"
1338,"Smartphone","Google","Termos relacionados","-","smartphone samsung galaxy a05 128gb","pt","br","0","-"
1339,"Smartphone","Google","Termos relacionados","-","smartphone 2026","pt","br","0","-"
1340,"Smartphone","Google","Termos relacionados","-","melhor smartphone xiaomi 2025","pt","br","0","-"
1341,"Smartphone","Google","Termos relacionados","-","smartphone honor x7c","pt","br","0","-"
1342,"Smartphone","Google","Termos relacionados","-","melhor smartphone até 1500","pt","br","0","-"
1343,"Smartphone","Google","Termos relacionados","-","lojas americanas smartphone","pt","br","0","-"
1344,"Smartphone","Google","Termos relacionados","-","smartphone xiaomi redmi note 13 pro 5g 256gb","pt","br","0","-"
1345,"Smartphone","Google","Termos relacionados","-","smartphone samsung galaxy z fold7 512gb","pt","br","0","-"
1346,"Smartphone","Google","Termos relacionados","-","smartphone samsung preço","pt","br","0","-"
1347,"Smartphone","Google","Termos relacionados","-","smartphone motorola edge 40 neo 5g 256gb","pt","br","0","-"
1348,"Smartphone","Google","Termos relacionados","-","smartphone ate 2000","pt","br","0","-"
1349,"Smartphone","Google","Termos relacionados","-","smartphone xiaomi 14","pt","br","0","-"
1350,"Smartphone","Google","Termos relacionados","-","smartphone tela grande","pt","br","0","-"
1351,"Smartphone","Google","Termos relacionados","-","black friday smartphone","pt","br","0","-"
1352,"Smartphone","Google","Termos relacionados","-","qual o melhor smartphone no momento","pt","br","0","-"
1353,"Smartphone","Google","Termos relacionados","-","smartphone xiaomi redmi note 14 256gb 8gb ram","pt","br","0","-"
1354,"Smartphone","Google","Termos relacionados","-","smartphone sony 2025","pt","br","0","-"
1355,"Smartphone","Google","Termos relacionados","-","smartphone para jogos","pt","br","0","-"
1356,"Smartphone","Google","Termos relacionados","-","smartphone samsung a05s","pt","br","0","-"
1357,"Smartphone","Google","Termos relacionados","-","smartphone motorola moto edge 40 5g 256gb 8gb de ram","pt","br","0","-"
1358,"Smartphone","Google","Termos relacionados","-","aluguel de smartphone","pt","br","0","-"
1359,"Smartphone","Google","Termos relacionados","-","smartphone da tesla","pt","br","0","-"
1360,"Smartphone","Google","Termos relacionados","-","smartphone bom e barato samsung","pt","br","0","-"
1361,"Smartphone","Google","Termos relacionados","-","smartphone xiaomi poco x6 5g 256gb","pt","br","0","-"
1362,"Smartphone","Google","Termos relacionados","-","smartphone motorola moto g24 power 128gb","pt","br","0","-"
1363,"Smartphone","Google","Termos relacionados","-","smartphone tesla preço","pt","br","0","-"
1364,"Smartphone","Google","Termos relacionados","-","smartphone 5g 256gb 8gb ram","pt","br","0","-"
1365,"Smartphone","Google","Termos relacionados","-","smartphone motorola moto g52 128gb","pt","br","0","-"
1366,"Smartphone","Google","Termos relacionados","-","smartphone em promoção hoje","pt","br","0","-"
1367,"Smartphone","Google","Termos relacionados","-","foto de um smartphone","pt","br","0","-"
1368,"Smartphone","Google","Termos relacionados","-","smartphone a26","pt","br","0","-"
1369,"Smartphone","Google","Termos relacionados","-","smartphone samsung 2017","pt","br","0","-"
1370,"Smartphone","Google","Termos relacionados","-","smartphone 5g samsung","pt","br","0","-"
1371,"Smartphone","Google","Termos relacionados","-","smartphone asus zenfone 5","pt","br","0","-"
1372,"Smartphone","Google","Termos relacionados","-","smartphone motorola moto g23 128gb ram 4gb","pt","br","0","-"
1373,"Smartphone","Google","Termos relacionados","-","celular smartphone motorola moto g35 5g","pt","br","0","-"
1374,"Smartphone","Google","Termos relacionados","-","wallpaper for smartphone","pt","br","0","-"
1375,"Smartphone","Google","Termos relacionados","-","motorola moto g22 smartphone","pt","br","0","-"
1376,"Smartphone","Google","Termos relacionados","-","smartphone xiaomi redmi note 14 5g 256gb 8gb","pt","br","0","-"
1377,"Smartphone","Google","Termos relacionados","-","smartphone da xiaomi","pt","br","0","-"
1378,"Smartphone","Google","Termos relacionados","-","americanas smartphone","pt","br","0","-"
1379,"Smartphone","Google","Termos relacionados","-","smartphone motorola moto g34 5g 128gb 4gb ram","pt","br","0","-"
1380,"Smartphone","Google","Termos relacionados","-","smartphone tablet","pt","br","0","-"
1381,"Smartphone","Google","Termos relacionados","-","smartphone relógio","pt","br","0","-"
1382,"Smartphone","Google","Termos relacionados","-","smartphone samsung a17","pt","br","0","-"
1383,"Smartphone","Google","Termos relacionados","-","dicas e procedimentos de segurança para smartphone","pt","br","0","-"
1384,"Smartphone","Google","Termos relacionados","-","bom smartphone","pt","br","0","-"
1385,"Smartphone","Google","Termos relacionados","-","smartphone asus zenfone selfie","pt","br","0","-"
1386,"Smartphone","Google","Termos relacionados","-","smartphone samsung galaxy z fold5","pt","br","0","-"
1387,"Smartphone","Google","Termos relacionados","-","smartphone pixel","pt","br","0","-"
1388,"Smartphone","Google","Termos relacionados","-","quanto custa o smartphone","pt","br","0","-"
1389,"Smartphone","Google","Termos relacionados","-","smartphone samsung galaxy s22 5g 128gb","pt","br","0","-"
1390,"Smartphone","Google","Termos relacionados","-","smartphone motorola moto g55 5g","pt","br","0","-"
1391,"Smartphone","Google","Termos relacionados","-","smartphone rosa","pt","br","0","-"
1392,"Smartphone","Google","Termos relacionados","-","smartphone samsung linha s","pt","br","0","-"
1393,"Smartphone","Google","Termos relacionados","-","smartphone bom","pt","br","0","-"
1394,"Smartphone","Google","Termos relacionados","-","smartphone xiaomi poco x7 pro 5g 12gb ram dual sim","pt","br","0","-"
1395,"Smartphone","Google","Termos relacionados","-","smartphone oppo reno 14","pt","br","0","-"
1396,"Smartphone","Google","Termos relacionados","-","snapdragon smartphone","pt","br","0","-"
1397,"Smartphone","Google","Termos relacionados","-","smartphone compactos","pt","br","0","-"
1398,"Smartphone","Google","Termos relacionados","-","smartphone samsung galaxy s23 256gb","pt","br","0","-"
1399,"Smartphone","Google","Termos relacionados","-","smartphone blackberry","pt","br","0","-"
1400,"Smartphone","Google","Termos relacionados","-","perdi meu smartphone","pt","br","0","-"
1401,"Smartphone","Google","Termos relacionados","-","smartphone samsung casas bahia","pt","br","0","-"
1402,"Smartphone","Google","Termos relacionados","-","smartphone motorola 2012","pt","br","0","-"
1403,"Smartphone","Google","Termos relacionados","-","qual melhor smartphone do momento","pt","br","0","-"
1404,"Smartphone","Google","Termos relacionados","-","smartphone samsung a15 256gb","pt","br","0","-"
1405,"Smartphone","Google","Termos relacionados","-","smartphone samsung galaxy a36 5g 256gb 8gb ram","pt","br","0","-"
1406,"Smartphone","Google","Termos relacionados","-","smartphone galaxy a05s 128gb 6gb samsung","pt","br","0","-"
1407,"Smartphone","Google","Termos relacionados","-","melhor smartphone custo benefício 2024","pt","br","0","-"
1408,"Smartphone","Google","Termos relacionados","-","smartphone infinix smart 8 pro","pt","br","0","-"
1409,"Smartphone","Google","Termos relacionados","-","primeiro smartphone touch","pt","br","0","-"
1410,"Smartphone","Google","Termos relacionados","-","smartphone samsung s24 fe","pt","br","0","-"
1411,"Smartphone","Google","Termos relacionados","-","smartphone xiaomi redmi 12c 128gb","pt","br","0","-"
1412,"Smartphone","Google","Termos relacionados","-","smartphone c75","pt","br","0","-"
1413,"Smartphone","Google","Termos relacionados","-","qual é o smartphone mais barato","pt","br","0","-"
1414,"Smartphone","Google","Termos relacionados","-","detalhes de smartphone xiaomi redmi 14c 256gb ram","pt","br","0","-"
1415,"Smartphone","Google","Termos relacionados","-","smartphone resistente","pt","br","0","-"
1416,"Smartphone","Google","Termos relacionados","-","smartphone samsung galaxy a36 5g ram","pt","br","0","-"
1417,"Smartphone","Google","Termos relacionados","-","oferta de smartphone","pt","br","0","-"
1418,"Smartphone","Google","Termos relacionados","-","smartphone xiaomi redmi note 13 8 256g","pt","br","0","-"
1419,"Smartphone","Google","Termos relacionados","-","smartphone motorola edge 50 fusion 256gb 5g azul","pt","br","0","-"
1420,"Smartphone","Google","Termos relacionados","-","smartphone samsung galaxy a56 256gb","pt","br","0","-"
1421,"Smartphone","Google","Termos relacionados","-","smartphone samsung galaxy a55 5g","pt","br","0","-"
1422,"Smartphone","Google","Termos relacionados","-","smartphone samsung flip","pt","br","0","-"
1423,"Smartphone","Google","Termos relacionados","-","quando surgiu o smartphone no brasil","pt","br","0","-"
1424,"Smartphone","Google","Termos relacionados","-","localizar smartphone google","pt","br","0","-"
1425,"Smartphone","Google","Termos relacionados","-","os desafios do uso do smartphone na educação brasileira","pt","br","0","-"
1426,"Smartphone","Google","Termos relacionados","-","smartphone motorola moto g84","pt","br","0","-"
1427,"Smartphone","Google","Termos relacionados","-","smartphone redmi note 13","pt","br","0","-"
1428,"Smartphone","Google","Termos relacionados","-","smartphone tela pequena","pt","br","0","-"
1429,"Smartphone","Google","Termos relacionados","-","smartphone samsung a","pt","br","0","-"
1430,"Smartphone","Google","Termos relacionados","-","smartphone motorola moto g05 128gb 12gb","pt","br","0","-"
1431,"Smartphone","Google","Termos relacionados","-","smartphone motorola edge 50 pro","pt","br","0","-"
1432,"Smartphone","Google","Termos relacionados","-","xiaomi poco x7 5g smartphone","pt","br","0","-"
1433,"Smartphone","Google","Termos relacionados","-","smartphone 256gb em promoção","pt","br","0","-"
1434,"Smartphone","Google","Termos relacionados","-","smartphone qual comprar","pt","br","0","-"
1435,"Smartphone","Google","Termos relacionados","-","detalhes de smartphone xiaomi redmi note 12","pt","br","0","-"
1436,"Smartphone","Google","Termos relacionados","-","smartphone best camera","pt","br","0","-"
1437,"Smartphone","Google","Termos relacionados","-","smartphone samsung galaxy s21 ultra 5g","pt","br","0","-"
1438,"Smartphone","Google","Termos relacionados","-","loja do smartphone","pt","br","0","-"
1439,"Smartphone","Google","Termos relacionados","-","smartphone samsung a9 pro","pt","br","0","-"
1440,"Smartphone","Google","Termos relacionados","-","smartphone samsung galaxy a55 5g 256gb","pt","br","0","-"
1441,"Smartphone","Google","Termos relacionados","-","smartphone flip samsung","pt","br","0","-"
1442,"Smartphone","Google","Termos relacionados","-","smartphone benchmark","pt","br","0","-"
1443,"Smartphone","Google","Termos relacionados","-","smartphone melhor custo beneficio 2024","pt","br","0","-"
1444,"Smartphone","Google","Termos relacionados","-","smartphone mini","pt","br","0","-"
1445,"Smartphone","Google","Termos relacionados","-","smartphone motorola 128gb","pt","br","0","-"
1446,"Smartphone","Google","Termos relacionados","-","smartphone edge 60","pt","br","0","-"
1447,"Smartphone","Google","Termos relacionados","-","smartphone samsung galaxy a15 256 gb","pt","br","0","-"
1448,"Smartphone","Google","Termos relacionados","-","smartphone motorola moto g8 power lite 64gb","pt","br","0","-"
1449,"Smartphone","Google","Termos relacionados","-","os melhores smartphone 2025","pt","br","0","-"
1450,"Smartphone","Google","Termos relacionados","-","smartphone samsung 5g 256gb","pt","br","0","-"
1451,"Smartphone","Google","Termos relacionados","-","smartphone antigo","pt","br","0","-"
1452,"Smartphone","Google","Termos relacionados","-","smartphone xiaomi poco x7 5g","pt","br","0","-"
1453,"Smartphone","Google","Termos relacionados","-","casas bahia smartphone promoção","pt","br","0","-"
1454,"Smartphone","Google","Termos relacionados","-","smartphone barato novo","pt","br","0","-"
1455,"Smartphone","Google","Termos relacionados","-","32gb smartphone","pt","br","0","-"
1456,"Smartphone","Google","Termos relacionados","-","smartphone 8 gb","pt","br","0","-"
1457,"Smartphone","Google","Termos relacionados","-","smartphone samsung galaxy a05s 128gb","pt","br","0","-"
1458,"Smartphone","Google","Termos relacionados","-","smartphone motorola moto g34 5g 128gb","pt","br","0","-"
1459,"Smartphone","Google","Termos relacionados","-","poco smartphone","pt","br","0","-"
1460,"Smartphone","Google","Termos relacionados","-","smartphone motorola moto g14 128gb ram 4gb","pt","br","0","-"
1461,"Smartphone","Google","Termos relacionados","-","motorola smartphone motorola edge 60 pro 5g 256gb","pt","br","0","-"
1462,"Smartphone","Google","Termos relacionados","-","tablets smartphone","pt","br","0","-"
1463,"Smartphone","Google","Termos relacionados","-","smartphone game","pt","br","0","-"
1464,"Smartphone","Google","Termos relacionados","-","smartphone samsung galaxy a04s 64gb","pt","br","0","-"
1465,"Smartphone","Google","Termos relacionados","-","smartphone em promoção 5g","pt","br","0","-"
1466,"Smartphone","Google","Termos relacionados","-","smartphone americanas","pt","br","0","-"
1467,"Smartphone","Google","Termos relacionados","-","smartphone motorola moto g86 5g 512gb","pt","br","0","-"
1468,"Smartphone","Google","Termos relacionados","-","smartphone infinity","pt","br","0","-"
1469,"Smartphone","Google","Termos relacionados","-","samsung galaxy s23 fe 5g smartphone android 128gb grafite","pt","br","0","-"
1470,"Smartphone","Google","Termos relacionados","-","qual smartphone comprar em 2025","pt","br","0","-"
1471,"Smartphone","Google","Termos relacionados","-","realme note 50 ram smartphone","pt","br","0","-"
1472,"Smartphone","Google","Termos relacionados","-","primeiro smartphone da samsung","pt","br","0","-"
1473,"Smartphone","Google","Termos relacionados","-","smartphone samsung galaxy a35 5g azul escuro","pt","br","0","-"
1474,"Smartphone","Google","Termos relacionados","-","smartphone jovi v50 lite 5g 256gb 8gb ram","pt","br","0","-"
1475,"Smartphone","Google","Termos relacionados","-","smartphone infantil","pt","br","0","-"
1476,"Smartphone","Google","Termos relacionados","-","smartphone custo benefício 2024","pt","br","0","-"
1477,"Smartphone","Google","Termos relacionados","-","xiaomi poco x4 pro 5g smartphone","pt","br","0","-"
1478,"Smartphone","Google","Termos relacionados","-","melhor câmera smartphone","pt","br","0","-"
1479,"Smartphone","Google","Termos relacionados","-","smartphone simples","pt","br","0","-"
1480,"Smartphone","Google","Termos relacionados","-","smartphone redmi 15","pt","br","0","-"
1481,"Smartphone","Google","Termos relacionados","-","samsung smartphone top","pt","br","0","-"
1482,"Smartphone","Google","Termos relacionados","-","smartphone motorola moto e32 64gb","pt","br","0","-"
1483,"Smartphone","Google","Termos relacionados","-","e ink smartphone","pt","br","0","-"
1484,"Smartphone","Google","Termos relacionados","-","smartphone galinha pintadinha dailymotion","pt","br","0","-"
1485,"Smartphone","Google","Termos relacionados","-","smartphone motorola moto g15 256gb 12gb","pt","br","0","-"
1486,"Smartphone","Google","Termos relacionados","-","smartphone galaxy j2 pro","pt","br","0","-"
1487,"Smartphone","Google","Termos relacionados","-","smartphone tcl 40 se","pt","br","0","-"
1488,"Smartphone","Google","Termos relacionados","-","smartphone motorola moto g56","pt","br","0","-"
1489,"Smartphone","Google","Termos relacionados","-","promoção smartphone hoje","pt","br","0","-"
1490,"Smartphone","Google","Termos relacionados","-","smartphone samsung galaxy s23 ultra 512gb","pt","br","0","-"
1491,"Smartphone","Google","Termos relacionados","-","conserto de smartphone","pt","br","0","-"
1492,"Smartphone","Google","Termos relacionados","-","smartphone xiaomi note 14","pt","br","0","-"
1493,"Smartphone","Google","Termos relacionados","-","qual a diferença entre um smartphone e um celular","pt","br","0","-"
1494,"Smartphone","Google","Termos relacionados","-","controle smartphone","pt","br","0","-"
1495,"Smartphone","Google","Termos relacionados","-","smartphone service","pt","br","0","-"
1496,"Smartphone","Google","Termos relacionados","-","smartphone sony xperia z","pt","br","0","-"
1497,"Smartphone","Google","Termos relacionados","-","smartphone xiaomi 512 gb","pt","br","0","-"
1498,"Smartphone","Google","Termos relacionados","-","smartphone samsung s22","pt","br","0","-"
1499,"Smartphone","Google","Termos relacionados","-","smartphone samsung galaxy s24 fe 256gb","pt","br","0","-"
1500,"Smartphone","Google","Termos relacionados","-","smartphone motorola 512gb","pt","br","0","-"
1501,"Smartphone","Google","Termos relacionados","-","smartphone motorola moto g10 64gb","pt","br","0","-"
1502,"Smartphone","Google","Termos relacionados","-","smartphone xiaomi redmi note 15","pt","br","0","-"
1503,"Smartphone","Google","Termos relacionados","-","5g smartphone samsung","pt","br","0","-"
1504,"Smartphone","Google","Termos relacionados","-","smartphone samsung 2025","pt","br","0","-"
1505,"Smartphone","Google","Termos relacionados","-","smartphone vivo x200 pro","pt","br","0","-"
1506,"Smartphone","Google","Termos relacionados","-","smartphone moto g84","pt","br","0","-"
1507,"Smartphone","Google","Termos relacionados","-","smartphone zoom","pt","br","0","-"
1508,"Smartphone","Google","Termos relacionados","-","smartphone xiaomi redmi note 13 256gb 8gb ram","pt","br","0","-"
1509,"Smartphone","Google","Termos relacionados","-","smartphone moto g55","pt","br","0","-"
1510,"Smartphone","Google","Termos relacionados","-","smartphone infinix hot 50 pro","pt","br","0","-"
1511,"Smartphone","Google","Termos relacionados","-","tablet smartphone","pt","br","0","-"
1512,"Smartphone","Google","Termos relacionados","-","smartphone lg k41s 32gb 3gb ram octa core","pt","br","0","-"
1513,"Smartphone","Google","Termos relacionados","-","smartphone xiaomi 15 ultra","pt","br","0","-"
1514,"Smartphone","Google","Termos relacionados","-","smartphone samsung barato e bom","pt","br","0","-"
1515,"Smartphone","Google","Termos relacionados","-","smartphone motorola moto g06 128gb","pt","br","0","-"
1516,"Smartphone","Google","Termos relacionados","-","smartphone lg k61 128gb","pt","br","0","-"
1517,"Smartphone","Google","Termos relacionados","-","smartphone xiaomi 14t 12gb 512gb","pt","br","0","-"
1518,"Smartphone","Google","Termos relacionados","-","smartphone infinix smart 8 pro 256gb 4gb ram","pt","br","0","-"
1519,"Smartphone","Google","Termos relacionados","-","detalhes de smartphone xiaomi poco x6 5g 256gb","pt","br","0","-"
1520,"Smartphone","Google","Termos relacionados","-","smartphone samsung galaxy m55","pt","br","0","-"
1521,"Smartphone","Google","Termos relacionados","-","samsung galaxy y duos smartphone","pt","br","0","-"
1522,"Smartphone","Google","Termos relacionados","-","smartphone motorola edge 50 pro preto 5g 256gb","pt","br","0","-"
1523,"Smartphone","Google","Termos relacionados","-","smartphone motorola razr 60 ultra 1tb 5g","pt","br","0","-"
1524,"Smartphone","Google","Termos relacionados","-","smartphone motorola g35 5g","pt","br","0","-"
1525,"Smartphone","Google","Termos relacionados","-","qual smartphone mais barato","pt","br","0","-"
1526,"Smartphone","Google","Termos relacionados","-","wallpaper 4k smartphone","pt","br","0","-"
1527,"Smartphone","Google","Termos relacionados","-","smartphone samsung galaxy a56 5g 256gb 8gb ram","pt","br","0","-"
1528,"Smartphone","Google","Termos relacionados","-","smartphone samsung a16 256gb","pt","br","0","-"
1529,"Smartphone","Google","Termos relacionados","-","smartphone xiaomi poco c65 8gb 256gb","pt","br","0","-"
1530,"Smartphone","Google","Termos relacionados","-","quanto custa smartphone","pt","br","0","-"
1531,"Smartphone","Google","Termos relacionados","-","smartphone philco","pt","br","0","-"
1532,"Smartphone","Google","Termos relacionados","-","smartphone huawei p10","pt","br","0","-"
1533,"Smartphone","Google","Termos relacionados","-","smartphone note 2","pt","br","0","-"
1534,"Smartphone","Google","Termos relacionados","-","smartphone samsung galaxy beam","pt","br","0","-"
1535,"Smartphone","Google","Termos relacionados","-","smartphone poco c65","pt","br","0","-"
1536,"Smartphone","Google","Termos relacionados","-","smartphone motorola moto g32 128gb","pt","br","0","-"
1537,"Smartphone","Google","Termos relacionados","-","smartphone galaxy a06","pt","br","0","-"
1538,"Smartphone","Google","Termos relacionados","-","smartphone z10","pt","br","0","-"
1539,"Smartphone","Google","Termos relacionados","-","smartphone compacto","pt","br","0","-"
1540,"Smartphone","Google","Termos relacionados","-","melhores smartphone até 1500","pt","br","0","-"
1541,"Smartphone","Google","Termos relacionados","-","smartphone galaxy a25 256gb 5g samsung","pt","br","0","-"
1542,"Smartphone","Google","Termos relacionados","-","smartphone bom e barato 2024","pt","br","0","-"
1543,"Smartphone","Google","Termos relacionados","-","smartphone motorola edge 50 neo 256gb 5g 16gb ram","pt","br","0","-"
1544,"Smartphone","Google","Termos relacionados","-","ok google configurar meu smartphone","pt","br","0","-"
1545,"Smartphone","Google","Termos relacionados","-","smartphone a05s","pt","br","0","-"
1546,"Smartphone","Google","Termos relacionados","-","smartphone oukitel","pt","br","0","-"
1547,"Smartphone","Google","Termos relacionados","-","smartphone oneplus","pt","br","0","-"
1548,"Smartphone","Google","Termos relacionados","-","smartphone samsung melhor","pt","br","0","-"
1549,"Smartphone","Google","Termos relacionados","-","smartphone edge 60 pro","pt","br","0","-"
1550,"Smartphone","Google","Termos relacionados","-","para onde vai o smartphone depois do seu descarte","pt","br","0","-"
1551,"Smartphone","Google","Termos relacionados","-","smartphone samsung galaxy s25 ultra 5g","pt","br","0","-"
1552,"Smartphone","Google","Termos relacionados","-","smartphone red magic","pt","br","0","-"
1553,"Smartphone","Google","Termos relacionados","-","smartphone lojas americanas","pt","br","0","-"
1554,"Smartphone","Google","Termos relacionados","-","melhor smartphone intermediário 2025","pt","br","0","-"
1555,"Smartphone","Google","Termos relacionados","-","gil smartphone","pt","br","0","-"
1556,"Smartphone","Google","Termos relacionados","-","smartphone samsung galaxy s23 fe 5g","pt","br","0","-"
1557,"Smartphone","Google","Termos relacionados","-","detalhes de smartphone samsung galaxy a35 5g","pt","br","0","-"
1558,"Smartphone","Google","Termos relacionados","-","smartphone motorola edge 60 fusion","pt","br","0","-"
1559,"Smartphone","Google","Termos relacionados","-","smartphone samsung galaxy a56 256 gb","pt","br","0","-"
1560,"Smartphone","Google","Termos relacionados","-","carregador smartphone","pt","br","0","-"
1561,"Smartphone","Google","Termos relacionados","-","cupom mercado livre smartphone","pt","br","0","-"
1562,"Smartphone","Google","Termos relacionados","-","casa do smartphone","pt","br","0","-"
1563,"Smartphone","Google","Termos relacionados","-","smartphone samsung on7","pt","br","0","-"
1564,"Smartphone","Google","Termos relacionados","-","smartphone 128 gb 5g","pt","br","0","-"
1565,"Smartphone","Google","Termos relacionados","-","smartphone xiaomi redmi a3 4gb ram 128gb","pt","br","0","-"
1566,"Smartphone","Google","Termos relacionados","-","smartphone moto g54","pt","br","0","-"
1567,"Smartphone","Google","Termos relacionados","-","significado smartphone","pt","br","0","-"
1568,"Smartphone","Google","Termos relacionados","-","smartphone asus zenfone 3 max","pt","br","0","-"
1569,"Smartphone","Google","Termos relacionados","-","smartphone infinix é bom","pt","br","0","-"
1570,"Smartphone","Google","Termos relacionados","-","smartphone 256gb 12gb ram","pt","br","0","-"
1571,"Smartphone","Google","Termos relacionados","-","smartphone xiaomi redmi note 14 5g nfc","pt","br","0","-"
1572,"Smartphone","Google","Termos relacionados","-","império do smartphone","pt","br","0","-"
1573,"Smartphone","Google","Termos relacionados","-","smartphone samsung galaxy a06 128gb 4gb ram","pt","br","0","-"
1574,"Smartphone","Google","Termos relacionados","-","smartphone nokia antigo","pt","br","0","-"
1575,"Smartphone","Google","Termos relacionados","-","avaliações sobre smartphone galaxy a25 256gb 5g samsung","pt","br","0","-"
1576,"Smartphone","Google","Termos relacionados","-","smartphone samsung galaxy a26","pt","br","0","-"
1577,"Smartphone","Google","Termos relacionados","-","smartphone a15 5g","pt","br","0","-"
1578,"Smartphone","Google","Termos relacionados","-","smartphone intermediário","pt","br","0","-"
1579,"Smartphone","Google","Termos relacionados","-","smartphone até 600 reais","pt","br","0","-"
1580,"Smartphone","Google","Termos relacionados","-","smartphone samsung 2024","pt","br","0","-"
1581,"Smartphone","Google","Termos relacionados","-","smartphone xiaomi redmi note 12","pt","br","0","-"
1582,"Smartphone","Google","Termos relacionados","-","smartphone motorola edge 50 fusion 5g 256gb 16gb ram","pt","br","0","-"
1583,"Smartphone","Google","Termos relacionados","-","best smartphone 2024","pt","br","0","-"
1584,"Smartphone","Google","Termos relacionados","-","smartphone motorola g85 5g","pt","br","0","-"
1585,"Smartphone","Google","Termos relacionados","-","smartphone samsung mais barato","pt","br","0","-"
1586,"Smartphone","Google","Termos relacionados","-","smartphone samsung galaxy a16 5g 128gb","pt","br","0","-"
1587,"Smartphone","Google","Termos relacionados","-","qual a diferença entre smartphone e iphone","pt","br","0","-"
1588,"Smartphone","Google","Termos relacionados","-","o smartphone está iniciando e não sai disso","pt","br","0","-"
1589,"Smartphone","Google","Termos relacionados","-","oficina do smartphone centro","pt","br","0","-"
1590,"Smartphone","Google","Termos relacionados","-","smartphone poco f8 pro 5g 512gb 12gb preto","pt","br","0","-"
1591,"Smartphone","Google","Termos relacionados","-","smartphone mais barato 2024","pt","br","0","-"
1592,"Smartphone","Google","Termos relacionados","-","smartphone lg k41s 32gb","pt","br","0","-"
1593,"Smartphone","Google","Termos relacionados","-","smartphone motorola g86","pt","br","0","-"
1594,"Smartphone","Google","Termos relacionados","-","smartphone motorola moto g","pt","br","0","-"
1595,"Smartphone","Google","Termos relacionados","-","smartphone motorola moto","pt","br","0","-"
1596,"Smartphone","Google","Termos relacionados","-","câmera de smartphone","pt","br","0","-"
1597,"Smartphone","Google","Termos relacionados","-","comparativo smartphone","pt","br","0","-"
1598,"Smartphone","Google","Termos relacionados","-","melhor marca de smartphone","pt","br","0","-"
1599,"Smartphone","Google","Termos relacionados","-","smartphone pequeno 2025","pt","br","0","-"
1600,"Smartphone","Google","Termos relacionados","-","smartphone xiaomi redmi 12","pt","br","0","-"
1601,"Smartphone","Google","Termos relacionados","-","smartphone motorola moto g84 5g 256gb ram","pt","br","0","-"
1602,"Smartphone","Google","Termos relacionados","-","smartphone a15 256gb","pt","br","0","-"
1603,"Smartphone","Google","Termos relacionados","-","avaliações sobre smartphone motorola moto g84 256gb 5g","pt","br","0","-"
1604,"Smartphone","Google","Termos relacionados","-","smartphone 6000 mah","pt","br","0","-"
1605,"Smartphone","Google","Termos relacionados","-","smartphone motorola moto g55","pt","br","0","-"
1606,"Smartphone","Google","Termos relacionados","-","smartphone samsung s23 ultra","pt","br","0","-"
1607,"Smartphone","Google","Termos relacionados","-","melhor smartphone 2024","pt","br","0","-"
1608,"Smartphone","Google","Termos relacionados","-","celular smartphone motorola","pt","br","0","-"
1609,"Smartphone","Google","Termos relacionados","-","smartphone xiaomi redmi note 14 midnight black","pt","br","0","-"
1610,"Smartphone","Google","Termos relacionados","-","localize seu smartphone","pt","br","0","-"
1611,"Smartphone","Google","Termos relacionados","-","qual foi o primeiro smartphone","pt","br","0","-"
1612,"Smartphone","Google","Termos relacionados","-","smartphone 5g xiaomi","pt","br","0","-"
1613,"Smartphone","Google","Termos relacionados","-","smartphone xiaomi redmi note 15 pro 5g","pt","br","0","-"
1614,"Smartphone","Google","Termos relacionados","-","smartphone ip68","pt","br","0","-"
1615,"Smartphone","Google","Termos relacionados","-","smartphone samsung galaxy a32 128 gb","pt","br","0","-"
1616,"Smartphone","Google","Termos relacionados","-","smartphone galaxy a55","pt","br","0","-"
1617,"Smartphone","Google","Termos relacionados","-","smartphone celulares","pt","br","0","-"
1618,"Smartphone","Google","Termos relacionados","-","king kong smartphone","pt","br","0","-"
1619,"Smartphone","Google","Termos relacionados","-","smartphone 256gb xiaomi","pt","br","0","-"
1620,"Smartphone","Google","Termos relacionados","-","smartphone quantum","pt","br","0","-"
1621,"Smartphone","Google","Termos relacionados","-","smartphone zte","pt","br","0","-"
1622,"Smartphone","Google","Termos relacionados","-","best smartphone 2025","pt","br","0","-"
1623,"Smartphone","Google","Termos relacionados","-","samsung smartphone 256gb","pt","br","0","-"
1624,"Smartphone","Google","Termos relacionados","-","smartphone xiaomi redmi note 14 8gb ram 256gb","pt","br","0","-"
1625,"Smartphone","Google","Termos relacionados","-","smartphone 3d mockup","pt","br","0","-"
1626,"Smartphone","Google","Termos relacionados","-","quem criou o smartphone","pt","br","0","-"
1627,"Smartphone","Google","Termos relacionados","-","smartphone motorola moto e22 ram","pt","br","0","-"
1628,"Smartphone","Google","Termos relacionados","-","detalhes de smartphone galaxy a25 256gb 5g samsung","pt","br","0","-"
1629,"Smartphone","Google","Termos relacionados","-","detalhes de smartphone samsung galaxy s23 ultra 5g","pt","br","0","-"
1630,"Smartphone","Google","Termos relacionados","-","smartphone motorola moto e7 power 32gb","pt","br","0","-"
1631,"Smartphone","Google","Termos relacionados","-","smartphone 5g 128 gb","pt","br","0","-"
1632,"Smartphone","Google","Termos relacionados","-","smartphone hot 40 pro","pt","br","0","-"
1633,"Smartphone","Google","Termos relacionados","-","smartphone motorola moto g54","pt","br","0","-"
1634,"Smartphone","Google","Termos relacionados","-","detalhes de smartphone motorola moto g84 256gb 5g","pt","br","0","-"
1635,"Smartphone","Google","Termos relacionados","-","qual o melhor smartphone custo benefício","pt","br","0","-"
1636,"Smartphone","Google","Termos relacionados","-","smartphone navcity","pt","br","0","-"
1637,"Smartphone","Google","Termos relacionados","-","smartphone samsung m","pt","br","0","-"
1638,"Smartphone","Google","Termos relacionados","-","smartphone samsung 256gb 5g","pt","br","0","-"
1639,"Smartphone","Google","Termos relacionados","-","smartphone asus zenfone 10","pt","br","0","-"
1640,"Smartphone","Google","Termos relacionados","-","smartphone samsung 8gb ram","pt","br","0","-"
1641,"Smartphone","Google","Termos relacionados","-","smartphone poco c71","pt","br","0","-"
1642,"Smartphone","Google","Termos relacionados","-","smartphone s23 ultra","pt","br","0","-"
1643,"Smartphone","Google","Termos relacionados","-","smartphone motorola g24","pt","br","0","-"
1644,"Smartphone","Google","Termos relacionados","-","smartphone motorola moto g85 5g 256gb","pt","br","0","-"
1645,"Smartphone","Google","Termos relacionados","-","smartphone motorola edge 60 fusion 5g 256gb 16gb","pt","br","0","-"
1646,"Smartphone","Google","Termos relacionados","-","smartphone motorola g84","pt","br","0","-"
1647,"Smartphone","Google","Termos relacionados","-","smartphone xiaomi redmi 14c 256gb 8gb ram","pt","br","0","-"
1648,"Smartphone","Google","Termos relacionados","-","smartphone xiaomi poco c65 8gb 256gb azul","pt","br","0","-"
1649,"Smartphone","Google","Termos relacionados","-","smartphone bons e baratos","pt","br","0","-"
1650,"Smartphone","Google","Termos relacionados","-","smartphone da motorola","pt","br","0","-"
1651,"Smartphone","Google","Termos relacionados","-","smartphone xiaomi redmi 15","pt","br","0","-"
1652,"Smartphone","Google","Termos relacionados","-","smartphone samsung a16 5g 256gb","pt","br","0","-"
1653,"Smartphone","Google","Termos relacionados","-","smartphone ponto frio","pt","br","0","-"
1654,"Smartphone","Google","Termos relacionados","-","smartphone com caneta","pt","br","0","-"
1655,"Smartphone","Google","Termos relacionados","-","smartphone xiaomi redmi note","pt","br","0","-"
1656,"Smartphone","Google","Termos relacionados","-","smartphone da apple","pt","br","0","-"
1657,"Smartphone","Google","Termos relacionados","-","smartphone 5g barato","pt","br","0","-"
1658,"Smartphone","Google","Termos relacionados","-","smartphone motorola edge 70 5g","pt","br","0","-"
1659,"Smartphone","Google","Termos relacionados","-","encontrar seu smartphone google account","pt","br","0","-"
1660,"Smartphone","Google","Termos relacionados","-","smartphone xiaomi redmi note 13 4g 8 256 gb preto","pt","br","0","-"
1661,"Smartphone","Google","Termos relacionados","-","melhor smartphone 2024 custo benefício","pt","br","0","-"
1662,"Smartphone","Google","Termos relacionados","-","poco x6 pro 5g smartphone","pt","br","0","-"
1663,"Smartphone","Google","Termos relacionados","-","isekai wa smartphone to tomo ni season 3","pt","br","0","-"
1664,"Smartphone","Google","Termos relacionados","-","melhor smartphone custo benefício 2026","pt","br","0","-"
1665,"Smartphone","Google","Termos relacionados","-","smartphone xiaomi redmi note 13 pro","pt","br","0","-"
1666,"Smartphone","Google","Termos relacionados","-","smartphone samsung galaxy s","pt","br","0","-"
1667,"Smartphone","Google","Termos relacionados","-","smartphone galaxy s24","pt","br","0","-"
1668,"Smartphone","Google","Termos relacionados","-","in another world with my smartphone season 3","pt","br","0","-"
1669,"Smartphone","Google","Termos relacionados","-","smartphone lg optimus g","pt","br","0","-"
1670,"Smartphone","Google","Termos relacionados","-","blackberry smartphone","pt","br","0","-"
1671,"Smartphone","Google","Termos relacionados","-","smartphone for game","pt","br","0","-"
1672,"Smartphone","Google","Termos relacionados","-","smartphone galaxy s25","pt","br","0","-"
1673,"Smartphone","Google","Termos relacionados","-","smartphone de oferta","pt","br","0","-"
1674,"Smartphone","Google","Termos relacionados","-","smartphone motorola edge 30 neo 5g 256gb","pt","br","0","-"
1675,"Smartphone","Google","Termos relacionados","-","smartphone motorola moto g24 256 gb","pt","br","0","-"
1676,"Smartphone","Google","Termos relacionados","-","smartphone motorola razr 40 ultra 5g","pt","br","0","-"
1677,"Smartphone","Google","Termos relacionados","-","primeiro smartphone no brasil","pt","br","0","-"
1678,"Smartphone","Google","Termos relacionados","-","smartphone shop","pt","br","0","-"
1679,"Smartphone","Google","Termos relacionados","-","melhores smartphone samsung 2025","pt","br","0","-"
1680,"Smartphone","Google","Termos relacionados","-","smartphone infinix 5g","pt","br","0","-"
1681,"Smartphone","Google","Termos relacionados","-","smartphone motorola g54 256gb","pt","br","0","-"
1682,"Smartphone","Google","Termos relacionados","-","smartphone galaxy a16","pt","br","0","-"
1683,"Smartphone","Google","Termos relacionados","-","smartphone mais barato do mercado","pt","br","0","-"
1684,"Smartphone","Google","Termos relacionados","-","smartphone motorola edge 30 pro 256gb","pt","br","0","-"
1685,"Smartphone","Google","Termos relacionados","-","smartphone galaxy a06 128gb samsung","pt","br","0","-"
1686,"Smartphone","Google","Termos relacionados","-","smartphone motorola moto g35 5g 256gb 12gb","pt","br","0","-"
1687,"Smartphone","Google","Termos relacionados","-","smartphone edge","pt","br","0","-"
1688,"Smartphone","Google","Termos relacionados","-","smartphone motorola moto g15 128gb","pt","br","0","-"
1689,"Smartphone","Google","Termos relacionados","-","avaliações sobre smartphone samsung galaxy s23 ultra 5g","pt","br","0","-"
1690,"Smartphone","Google","Termos relacionados","-","smartphone samsung galaxy s21 128gb","pt","br","0","-"
1691,"Smartphone","Google","Termos relacionados","-","detalhes de smartphone samsung galaxy a25 5g 256gb","pt","br","0","-"
1692,"Smartphone","Google","Termos relacionados","-","smartphone moto g04s","pt","br","0","-"
1693,"Smartphone","Google","Termos relacionados","-","smartphone motorola moto g24 power","pt","br","0","-"
1694,"Smartphone","Google","Termos relacionados","-","smartphone amazon","pt","br","0","-"
1695,"Smartphone","Google","Termos relacionados","-","smartphone camera boa","pt","br","0","-"
1696,"Smartphone","Google","Termos relacionados","-","smartphone tecno spark","pt","br","0","-"
1697,"Smartphone","Google","Termos relacionados","-","smartphone samsung m34","pt","br","0","-"
1698,"Smartphone","Google","Termos relacionados","-","smartphone samsung s24 plus","pt","br","0","-"
1699,"Smartphone","Google","Termos relacionados","-","qual o melhor smartphone 2024","pt","br","0","-"
1700,"Smartphone","Google","Termos relacionados","-","smartphone microsoft","pt","br","0","-"
1701,"Smartphone","Google","Termos relacionados","-","smartphone samsung s23 fe","pt","br","0","-"
1702,"Smartphone","Google","Termos relacionados","-","samsung galaxy s23 fe 5g smartphone android 128gb","pt","br","0","-"
1703,"Smartphone","Google","Termos relacionados","-","smartphone carregamento por indução","pt","br","0","-"
1704,"Smartphone","Google","Termos relacionados","-","smartphone celular","pt","br","0","-"
1705,"Smartphone","Google","Termos relacionados","-","smartphone edge 50","pt","br","0","-"
1706,"Smartphone","Google","Termos relacionados","-","smartphone a25","pt","br","0","-"
1707,"Smartphone","Google","Termos relacionados","-","smartphone motorola edge 50 fusion azul 5g 256gb","pt","br","0","-"
1708,"Smartphone","Google","Termos relacionados","-","smartphone xiaomi redmi 4","pt","br","0","-"
1709,"Smartphone","Google","Termos relacionados","-","smartphone watch bands","pt","br","0","-"
1710,"Smartphone","Google","Termos relacionados","-","celular smartphone xiaomi","pt","br","0","-"
1711,"Smartphone","Google","Termos relacionados","-","smartphone 512gb promoção","pt","br","0","-"
1712,"Smartphone","Google","Termos relacionados","-","smartphone motorola moto g24 128gb 4gb","pt","br","0","-"
1713,"Smartphone","Google","Termos relacionados","-","smartphone xiaomi redmi 12c","pt","br","0","-"
1714,"Smartphone","Google","Termos relacionados","-","smartphone realme é bom","pt","br","0","-"
1715,"Smartphone","Google","Termos relacionados","-","smartphone infinix hot 40i","pt","br","0","-"
1716,"Smartphone","Google","Termos relacionados","-","quando foi lançado o primeiro smartphone","pt","br","0","-"
1717,"Smartphone","Google","Termos relacionados","-","smartphone sony xperia xz1","pt","br","0","-"
1718,"Smartphone","Google","Termos relacionados","-","melhor smartphone xiaomi 2024","pt","br","0","-"
1719,"Smartphone","Google","Termos relacionados","-","smartphone samsung a35 256gb","pt","br","0","-"
1720,"Smartphone","Google","Termos relacionados","-","smartphone com teclado","pt","br","0","-"
1721,"Smartphone","Google","Termos relacionados","-","smartphone samsung galaxy z flip7 fe 5g","pt","br","0","-"
1722,"Smartphone","Google","Termos relacionados","-","ponto do smartphone","pt","br","0","-"
1723,"Smartphone","Google","Termos relacionados","-","smartphone infinix hot 11","pt","br","0","-"
1724,"Smartphone","Google","Termos relacionados","-","smartphone c61","pt","br","0","-"
1725,"Smartphone","Google","Termos relacionados","-","smartphone xiaomi com nfc","pt","br","0","-"
1726,"Smartphone","Google","Termos relacionados","-","smartphone xiaomi poco m6 pro","pt","br","0","-"
1727,"Smartphone","Google","Termos relacionados","-","infinity smartphone","pt","br","0","-"
1728,"Smartphone","Google","Termos relacionados","-","infinix smartphone","pt","br","0","-"
1729,"Smartphone","Google","Termos relacionados","-","size comparison smartphone","pt","br","0","-"
1730,"Smartphone","Google","Termos relacionados","-","smartphone motorola razr 60","pt","br","0","-"
1731,"Smartphone","Google","Termos relacionados","-","smartphone tcl 605","pt","br","0","-"
1732,"Smartphone","Google","Termos relacionados","-","motorola smartphone moto g35 5g","pt","br","0","-"
1733,"Smartphone","Google","Termos relacionados","-","lojas claro smartphone","pt","br","0","-"
1734,"Smartphone","Google","Termos relacionados","-","smartphone samsung galaxy s24 ultra 512gb","pt","br","0","-"
1735,"Smartphone","Google","Termos relacionados","-","smartphone xiaomi redmi note 14 pro 5g 12 12gb 512gb","pt","br","0","-"
1736,"Smartphone","Google","Termos relacionados","-","smartphone samsung s21","pt","br","0","-"
1737,"Smartphone","Google","Termos relacionados","-","smartphone nokia 925","pt","br","0","-"
1738,"Smartphone","Google","Termos relacionados","-","smartphone samsung galaxy s21 fe 5g 128gb 6gb ram","pt","br","0","-"
1739,"Smartphone","Google","Termos relacionados","-","smartphone tcl 60 nxtpaper","pt","br","0","-"
1740,"Smartphone","Google","Termos relacionados","-","smartphone 512gb 16gb ram","pt","br","0","-"
1741,"Smartphone","Google","Termos relacionados","-","rei do smartphone","pt","br","0","-"
1742,"Smartphone","Google","Termos relacionados","-","smartphone moto g35 5g 256gb","pt","br","0","-"
1743,"Smartphone","Google","Termos relacionados","-","cea smartphone","pt","br","0","-"
1744,"Smartphone","Google","Termos relacionados","-","smartphone lançamento 2024","pt","br","0","-"
1745,"Smartphone","Google","Termos relacionados","-","smartphone samsung galaxy a16 5g ram","pt","br","0","-"
1746,"Smartphone","Google","Termos relacionados","-","smartphone xiaomi redmi note 13 pro plus 5g","pt","br","0","-"
1747,"Smartphone","Google","Termos relacionados","-","smartphone samsung galaxy a55","pt","br","0","-"
1748,"Smartphone","Google","Termos relacionados","-","smartphone motorola edge 70 câmera tripla","pt","br","0","-"
1749,"Smartphone","Google","Termos relacionados","-","smartphone 8gb","pt","br","0","-"
1750,"Smartphone","Google","Termos relacionados","-","smartphone nokia x5","pt","br","0","-"
1751,"Smartphone","Google","Termos relacionados","-","smartphone huawei mate xt","pt","br","0","-"
1752,"Smartphone","Google","Termos relacionados","-","smartphone até 1000 reais","pt","br","0","-"
1753,"Smartphone","Google","Termos relacionados","-","smartphone da google","pt","br","0","-"
1754,"Smartphone","Google","Termos relacionados","-","smartphone galaxy a15 samsung","pt","br","0","-"
1755,"Smartphone","Google","Termos relacionados","-","mad smartphone tycoon","pt","br","0","-"
1756,"Smartphone","Google","Termos relacionados","-","smartphone edge 40","pt","br","0","-"
1757,"Smartphone","Google","Termos relacionados","-","melhor smartphone intermediário 2024","pt","br","0","-"
1758,"Smartphone","Google","Termos relacionados","-","nokia smartphone 2024","pt","br","0","-"
1759,"Smartphone","Google","Termos relacionados","-","smartphone motorola moto g9 plus 128gb","pt","br","0","-"
1760,"Smartphone","Google","Termos relacionados","-","smartphone samsung a54","pt","br","0","-"
1761,"Smartphone","Google","Termos relacionados","-","smartphone robusto","pt","br","0","-"
1762,"Smartphone","Google","Termos relacionados","-","smartphone com snapdragon","pt","br","0","-"
1763,"Smartphone","Google","Termos relacionados","-","smartphone motorola razr 60 5g","pt","br","0","-"
1764,"Smartphone","Google","Termos relacionados","-","smartphone xiaomi redmi note 10 4gb ram","pt","br","0","-"
1765,"Smartphone","Google","Termos relacionados","-","smartphone intermediário 2024","pt","br","0","-"
1766,"Smartphone","Google","Termos relacionados","-","detalhes de smartphone motorola moto g24 128gb","pt","br","0","-"
1767,"Smartphone","Google","Termos relacionados","-","smartphone xiaomi redmi note 4","pt","br","0","-"
1768,"Smartphone","Google","Termos relacionados","-","smartphone com melhores baterias","pt","br","0","-"
1769,"Smartphone","Google","Termos relacionados","-","smartphone motorola moto g9 power 128gb","pt","br","0","-"
1770,"Smartphone","Google","Termos relacionados","-","rastrear seu smartphone","pt","br","0","-"
1771,"Smartphone","Google","Termos relacionados","-","mercado livre smartphone","pt","br","0","-"
1772,"Smartphone","Google","Termos relacionados","-","smartphone xiaomi 14t 512gb","pt","br","0","-"
1773,"Smartphone","Google","Termos relacionados","-","smartphone de até r$ 600","pt","br","0","-"
1774,"Smartphone","Google","Termos relacionados","-","como encontrar seu smartphone","pt","br","0","-"
1775,"Smartphone","Google","Termos relacionados","-","smartphone edge 50 fusion","pt","br","0","-"
1776,"Smartphone","Google","Termos relacionados","-","smartphone moto g75 5g","pt","br","0","-"
1777,"Smartphone","Google","Termos relacionados","-","ponto frio smartphone","pt","br","0","-"
1778,"Smartphone","Google","Termos relacionados","-","smartphone motorola g15 256gb","pt","br","0","-"
1779,"Smartphone","Google","Termos relacionados","-","in another world with my smartphone dublado","pt","br","0","-"
1780,"Smartphone","Google","Termos relacionados","-","detalhes de smartphone motorola moto g75 5g 256gb","pt","br","0","-"
1781,"Smartphone","Google","Termos relacionados","-","melhor smartphone fotos","pt","br","0","-"
1782,"Smartphone","Google","Termos relacionados","-","smartphone promoções","pt","br","0","-"
1783,"Smartphone","Google","Termos relacionados","-","smartphone motorola moto g8 play 32gb","pt","br","0","-"
1784,"Smartphone","Google","Termos relacionados","-","celular em promoção smartphone","pt","br","0","-"
1785,"Smartphone","Google","Termos relacionados","-","smartphone samsung galaxy a55 256gb","pt","br","0","-"
1786,"Smartphone","Google","Termos relacionados","-","smartphone poco x7 pro 5g 512gb 12gb xiaomi","pt","br","0","-"
1787,"Smartphone","Google","Termos relacionados","-","smartphone motorola moto g04s","pt","br","0","-"
1788,"Smartphone","Google","Termos relacionados","-","smartphone samsung novo","pt","br","0","-"
1789,"Smartphone","Google","Termos relacionados","-","mini album smartphone","pt","br","0","-"
1790,"Smartphone","Google","Termos relacionados","-","smartphone infinix note 10 pro","pt","br","0","-"
1791,"Smartphone","Google","Termos relacionados","-","celular smartphone note 13 dual sim 8gb 256gb black preto","pt","br","0","-"
1792,"Smartphone","Google","Termos relacionados","-","melhor smartphone jogos","pt","br","0","-"
1793,"Smartphone","Google","Termos relacionados","-","smartphone philco hit p8","pt","br","0","-"
1794,"Smartphone","Google","Termos relacionados","-","smartphone 256gb 8gb ram 5g samsung","pt","br","0","-"
1795,"Smartphone","Google","Termos relacionados","-","smartphone samsung galaxy a15 4g","pt","br","0","-"
1796,"Smartphone","Google","Termos relacionados","-","preço de smartphone samsung galaxy s24 ultra","pt","br","0","-"
1797,"Smartphone","Google","Termos relacionados","-","buscape smartphone","pt","br","0","-"
1798,"Smartphone","Google","Termos relacionados","-","smartphone lg k40s 32gb","pt","br","0","-"
1799,"Smartphone","Google","Termos relacionados","-","manutenção de smartphone","pt","br","0","-"
1800,"Smartphone","Google","Termos relacionados","-","havan smartphone","pt","br","0","-"
1801,"Smartphone","Google","Termos relacionados","-","redmi smartphone","pt","br","0","-"
1802,"Smartphone","Google","Termos relacionados","-","smartphone realme c75 8gb ram 256gb dual sim","pt","br","0","-"
1803,"Smartphone","Google","Termos relacionados","-","melhores smartphone da xiaomi","pt","br","0","-"
1804,"Smartphone","Google","Termos relacionados","-","qual smartphone melhor custo beneficio","pt","br","0","-"
1805,"Smartphone","Google","Termos relacionados","-","smartphone xiaomi redmi 14c 4gb ram","pt","br","0","-"
1806,"Smartphone","Google","Termos relacionados","-","smartphone apple iphone 14 pro 128gb","pt","br","0","-"
1807,"Smartphone","Google","Termos relacionados","-","qual o melhor smartphone da atualidade","pt","br","0","-"
1808,"Smartphone","Google","Termos relacionados","-","7000mah smartphone","pt","br","0","-"
1809,"Smartphone","Google","Termos relacionados","-","smartphone top de linha 2025","pt","br","0","-"
1810,"Smartphone","Google","Termos relacionados","-","smartphone mais fino","pt","br","0","-"
1811,"Smartphone","Google","Termos relacionados","-","smartphone moto g84 5g 256gb 8gb ram azul vegan leather","pt","br","0","-"
1812,"Smartphone","Google","Termos relacionados","-","smartphone motorola razr 50 ultra 5g","pt","br","0","-"
1813,"Smartphone","Google","Termos relacionados","-","smartphone motorola edge 40 neo 256gb 8gb ram black beauty","pt","br","0","-"
1814,"Smartphone","Google","Termos relacionados","-","smartphone samsung galaxy a14","pt","br","0","-"
1815,"Smartphone","Google","Termos relacionados","-","assistência smartphone","pt","br","0","-"
1816,"Smartphone","Google","Termos relacionados","-","smartphone motorola nas casas bahia","pt","br","0","-"
1817,"Smartphone","Google","Termos relacionados","-","smartphone edge 40 neo","pt","br","0","-"
1818,"Smartphone","Google","Termos relacionados","-","cupom casas bahia smartphone","pt","br","0","-"
1819,"Smartphone","Google","Termos relacionados","-","smartphone xiaomi poco x6 5g","pt","br","0","-"
1820,"Smartphone","Google","Termos relacionados","-","smartphone com melhor bateria","pt","br","0","-"
1821,"Smartphone","Google","Termos relacionados","-","smartphone usado barato","pt","br","0","-"
1822,"Smartphone","Google","Termos relacionados","-","lenovo smartphone","pt","br","0","-"
1823,"Smartphone","Google","Termos relacionados","-","smartphone sony xperia u","pt","br","0","-"
1824,"Smartphone","Google","Termos relacionados","-","smartphone xiaomi 14t 512gb 12gb ram 5g","pt","br","0","-"
1825,"Smartphone","Google","Termos relacionados","-","poco smartphone xiaomi","pt","br","0","-"
1826,"Smartphone","Google","Termos relacionados","-","smartphone galaxy a05s 128gb samsung","pt","br","0","-"
1827,"Smartphone","Google","Termos relacionados","-","smartphone samsung modelo","pt","br","0","-"
1828,"Smartphone","Google","Termos relacionados","-","detalhes de smartphone motorola moto g04s 128gb","pt","br","0","-"
1829,"Smartphone","Google","Termos relacionados","-","smartphone vivo v50","pt","br","0","-"
1830,"Smartphone","Google","Termos relacionados","-","smartphone top de linha 2024","pt","br","0","-"
1831,"Smartphone","Google","Termos relacionados","-","smartphone samsung galaxy a15 4g 256gb","pt","br","0","-"
1832,"Smartphone","Google","Termos relacionados","-","smartphone samsung 128gb 5g","pt","br","0","-"
1833,"Smartphone","Google","Termos relacionados","-","smartphone ate 1500","pt","br","0","-"
1834,"Smartphone","Google","Termos relacionados","-","comprar smartphone samsung","pt","br","0","-"
1835,"Smartphone","Google","Termos relacionados","-","smartphone note 50","pt","br","0","-"
1836,"Smartphone","Google","Termos relacionados","-","smartphone redmi 13c","pt","br","0","-"
1837,"Smartphone","Google","Termos relacionados","-","smartphone samsung americanas","pt","br","0","-"
1838,"Smartphone","Google","Termos relacionados","-","preço de smartphone motorola moto g34 5g 128gb","pt","br","0","-"
1839,"Smartphone","Google","Termos relacionados","-","smartphone xiaomi redmi note 12 128gb","pt","br","0","-"
1840,"Smartphone","Google","Termos relacionados","-","doogee smartphone","pt","br","0","-"
1841,"Smartphone","Google","Termos relacionados","-","qual melhor smartphone da xiaomi","pt","br","0","-"
1842,"Smartphone","Google","Termos relacionados","-","smartphone motorola 2025","pt","br","0","-"
1843,"Smartphone","Google","Termos relacionados","-","smartphone xiaomi redmi a5","pt","br","0","-"
1844,"Smartphone","Google","Termos relacionados","-","smartphone mais vendido","pt","br","0","-"
1845,"Smartphone","Google","Termos relacionados","-","smartphone case","pt","br","0","-"
1846,"Smartphone","Google","Termos relacionados","-","microfone para smartphone","pt","br","0","-"
1847,"Smartphone","Google","Termos relacionados","-","meu smartphone google","pt","br","0","-"
1848,"Smartphone","Google","Termos relacionados","-","smartphone moto g54 5g","pt","br","0","-"
1849,"Smartphone","Google","Termos relacionados","-","teclados para smartphone","pt","br","0","-"
1850,"Smartphone","Google","Termos relacionados","-","smartphone diferentes","pt","br","0","-"
1851,"Smartphone","Google","Termos relacionados","-","store smartphone","pt","br","0","-"
1852,"Smartphone","Google","Termos relacionados","-","smartphone motorola razr 50 5g","pt","br","0","-"
1853,"Smartphone","Google","Termos relacionados","-","smartphone realme c53","pt","br","0","-"
1854,"Smartphone","Google","Termos relacionados","-","smartphone sony 2024","pt","br","0","-"
1855,"Smartphone","Google","Termos relacionados","-","smartphone tela 6.1","pt","br","0","-"
1856,"Smartphone","Google","Termos relacionados","-","android smartphone","pt","br","0","-"
1857,"Smartphone","Google","Termos relacionados","-","smartphone g15","pt","br","0","-"
1858,"Smartphone","Google","Termos relacionados","-","smartphone motorola moto g77 5g 256gb 108mp","pt","br","0","-"
1859,"Smartphone","Google","Termos relacionados","-","smartphone xiaomi 14t 512gb 12gb ram 5g leica","pt","br","0","-"
1860,"Smartphone","Google","Termos relacionados","-","smartphone asus zenfone 11 ultra","pt","br","0","-"
1861,"Smartphone","Google","Termos relacionados","-","smartphone edge 60 fusion","pt","br","0","-"
1862,"Smartphone","Google","Termos relacionados","-","linha smartphone samsung","pt","br","0","-"
1863,"Smartphone","Google","Termos relacionados","-","lenovo legion smartphone","pt","br","0","-"
1864,"Smartphone","Google","Termos relacionados","-","smartphone samsung dobravel","pt","br","0","-"
1865,"Smartphone","Google","Termos relacionados","-","smartphone samsung galaxy m35","pt","br","0","-"
1866,"Smartphone","Google","Termos relacionados","-","smartphone xiaomi poco x5 pro 5g","pt","br","0","-"
1867,"Smartphone","Google","Termos relacionados","-","smartphone motorola moto e40 64gb","pt","br","0","-"
1868,"Smartphone","Google","Termos relacionados","-","smartphone xiaomi note 13","pt","br","0","-"
1869,"Smartphone","Google","Termos relacionados","-","smartphone motorola g04","pt","br","0","-"
1870,"Smartphone","Google","Termos relacionados","-","smartphone realme c67","pt","br","0","-"
1871,"Smartphone","Google","Termos relacionados","-","poco x7 pro smartphone","pt","br","0","-"
1872,"Smartphone","Google","Termos relacionados","-","smartphone motorola edge 50 5g 256gb 24gb","pt","br","0","-"
1873,"Smartphone","Google","Termos relacionados","-","smartphone infinix note 40 5g 12gb ram 512gb","pt","br","0","-"
1874,"Smartphone","Google","Termos relacionados","-","qual foi o primeiro smartphone do mundo","pt","br","0","-"
1875,"Smartphone","Google","Termos relacionados","-","mercado livre smartphone samsung","pt","br","0","-"
1876,"Smartphone","Google","Termos relacionados","-","smartphone honor magic 7 lite","pt","br","0","-"
1877,"Smartphone","Google","Termos relacionados","-","smartphone g35","pt","br","0","-"
1878,"Smartphone","Google","Termos relacionados","-","smartphone motorola edge 50 5g 256gb","pt","br","0","-"
1879,"Smartphone","Google","Termos relacionados","-","top 10 smartphone 2024","pt","br","0","-"
1880,"Smartphone","Google","Termos relacionados","-","smartphone samsung 64gb","pt","br","0","-"
1881,"Smartphone","Google","Termos relacionados","-","preço de smartphone samsung galaxy a55 5g","pt","br","0","-"
1882,"Smartphone","Google","Termos relacionados","-","claro promoção smartphone","pt","br","0","-"
1883,"Smartphone","Google","Termos relacionados","-","leilão de smartphone receita federal","pt","br","0","-"
1884,"Smartphone","Google","Termos relacionados","-","smartphone motorola moto g24 256gb","pt","br","0","-"
1885,"Smartphone","Google","Termos relacionados","-","smartphone xiaomi redmi 15 dual sim ram","pt","br","0","-"
1886,"Smartphone","Google","Termos relacionados","-","smartphone xiaomi redmi a3 128gb ram","pt","br","0","-"
1887,"Smartphone","Google","Termos relacionados","-","smartphone xiaomi 14 ultra","pt","br","0","-"
1888,"Smartphone","Google","Termos relacionados","-","smartphone basico","pt","br","0","-"
1889,"Smartphone","Google","Termos relacionados","-","smartphone motorola razr 50 ultra 512gb 5g 24gb ram","pt","br","0","-"
1890,"Smartphone","Google","Termos relacionados","-","assistencia tecnica samsung smartphone","pt","br","0","-"
1891,"Smartphone","Google","Termos relacionados","-","smartphone moto g5","pt","br","0","-"
1892,"Smartphone","Google","Termos relacionados","-","smartphone motorola one fusion 128 gb","pt","br","0","-"
1893,"Smartphone","Google","Termos relacionados","-","smartphone melhor câmera","pt","br","0","-"
1894,"Smartphone","Google","Termos relacionados","-","loja claro smartphone","pt","br","0","-"
1895,"Smartphone","Google","Termos relacionados","-","melhores smartphone intermediário 2024","pt","br","0","-"
1896,"Smartphone","Google","Termos relacionados","-","avaliações sobre smartphone motorola moto g24 128gb","pt","br","0","-"
1897,"Smartphone","Google","Termos relacionados","-","smartphone tela 7 polegadas","pt","br","0","-"
1898,"Smartphone","Google","Termos relacionados","-","smartphone samsung galaxy a15 5g 256gb 8gb ram","pt","br","0","-"
1899,"Smartphone","Google","Termos relacionados","-","smartphone huawei dobravel","pt","br","0","-"
1900,"Smartphone","Google","Termos relacionados","-","smartphone xiaomi 5g 256gb","pt","br","0","-"
1901,"Smartphone","Google","Termos relacionados","-","smartphone edge 50 pro","pt","br","0","-"
1902,"Smartphone","Google","Termos relacionados","-","preço de smartphone xiaomi poco x6 pro 5g","pt","br","0","-"
1903,"Smartphone","Google","Termos relacionados","-","smartphone motorola g85","pt","br","0","-"
1904,"Smartphone","Google","Termos relacionados","-","smartphone samsung galaxy s24 5g","pt","br","0","-"
1905,"Smartphone","Google","Termos relacionados","-","smartphone m6 pro 512gb 12gb ram","pt","br","0","-"
1906,"Smartphone","Google","Termos relacionados","-","celulares e smartphone","pt","br","0","-"
1907,"Smartphone","Google","Termos relacionados","-","smartphone samsung galaxy s20 fe 5g 128gb","pt","br","0","-"
1908,"Smartphone","Google","Termos relacionados","-","smartphone samsung lançamento 2025","pt","br","0","-"
1909,"Smartphone","Google","Termos relacionados","-","smartphone barato com nfc","pt","br","0","-"
1910,"Smartphone","Google","Termos relacionados","-","smartphone recondicionado","pt","br","0","-"
1911,"Smartphone","Google","Termos relacionados","-","o smartphone está iniciando","pt","br","0","-"
1912,"Smartphone","Google","Termos relacionados","-","smartphone com tv digital","pt","br","0","-"
1913,"Smartphone","Google","Termos relacionados","-","smartphone com snapdragon 8 gen 3","pt","br","0","-"
1914,"Smartphone","Google","Termos relacionados","-","preço de smartphone samsung galaxy a35 5g","pt","br","0","-"
1915,"Smartphone","Google","Termos relacionados","-","smartphone realme c55","pt","br","0","-"
1916,"Smartphone","Google","Termos relacionados","-","smartphone motorola moto g86","pt","br","0","-"
1917,"Smartphone","Google","Termos relacionados","-","smartphone realme c75 256gb 8gb ram","pt","br","0","-"
1918,"Smartphone","Google","Termos relacionados","-","ofertas smartphone americanas","pt","br","0","-"
1919,"Smartphone","Google","Termos relacionados","-","smartphone 512","pt","br","0","-"
1920,"Smartphone","Google","Termos relacionados","-","o que e smartphone","pt","br","0","-"
1921,"Smartphone","Google","Termos relacionados","-","smartphone s22","pt","br","0","-"
1922,"Smartphone","Google","Termos relacionados","-","smartphone lg 256gb","pt","br","0","-"
1923,"Smartphone","Google","Termos relacionados","-","smartphone 5g com nfc","pt","br","0","-"
1924,"Smartphone","Google","Termos relacionados","-","smartphone xiaomi 14t pro","pt","br","0","-"
1925,"Smartphone","Google","Termos relacionados","-","ip69 smartphone","pt","br","0","-"
1926,"Smartphone","Google","Termos relacionados","-","esse recurso foi desativado porque causa lentidão no seu smartphone","pt","br","0","-"
1927,"Smartphone","Google","Termos relacionados","-","kabum smartphone","pt","br","0","-"
1928,"Smartphone","Google","Termos relacionados","-","motorola smartphone razr","pt","br","0","-"
1929,"Smartphone","Google","Termos relacionados","-","smartphone moto g41 128gb xt2167 1 motorola","pt","br","0","-"
1930,"Smartphone","Google","Termos relacionados","-","smartphone ranking","pt","br","0","-"
1931,"Smartphone","Google","Termos relacionados","-","celular samsung smartphone","pt","br","0","-"
1932,"Smartphone","Google","Termos relacionados","-","qual smartphone mais vendido","pt","br","0","-"
1933,"Smartphone","Google","Termos relacionados","-","smartphone a15 5g 256gb","pt","br","0","-"
1934,"Smartphone","Google","Termos relacionados","-","localizar seu smartphone","pt","br","0","-"
1935,"Smartphone","Google","Termos relacionados","-","detalhes de smartphone samsung galaxy s23 5g","pt","br","0","-"
1936,"Smartphone","Google","Termos relacionados","-","smartphone da oppo","pt","br","0","-"
1937,"Smartphone","Google","Termos relacionados","-","smartphone xiaomi 2024","pt","br","0","-"
1938,"Smartphone","Google","Termos relacionados","-","smartphone motorola moto g24 128gb 4gb ram rosa","pt","br","0","-"
1939,"Smartphone","Google","Termos relacionados","-","smartphone motorola g04s","pt","br","0","-"
1940,"Smartphone","Google","Termos relacionados","-","smartphone samsung a07","pt","br","0","-"
1941,"Smartphone","Google","Termos relacionados","-","smartphone simples barato","pt","br","0","-"
1942,"Smartphone","Google","Termos relacionados","-","smartphone alcatel","pt","br","0","-"
1943,"Smartphone","Google","Termos relacionados","-","smartphone realme note 50","pt","br","0","-"
1944,"Smartphone","Google","Termos relacionados","-","smartphone starlink","pt","br","0","-"
1945,"Smartphone","Google","Termos relacionados","-","smartphone desenho","pt","br","0","-"
1946,"Smartphone","Google","Termos relacionados","-","smartphone magalu","pt","br","0","-"
1947,"Smartphone","Google","Termos relacionados","-","smartphone de promoção","pt","br","0","-"
1948,"Smartphone","Google","Termos relacionados","-","xiaomi mi 4 smartphone","pt","br","0","-"
1949,"Smartphone","Google","Termos relacionados","-","acessórios para smartphone","pt","br","0","-"
1950,"Smartphone","Google","Termos relacionados","-","smartphone motorola moto g04s 128gb","pt","br","0","-"
1951,"Smartphone","Google","Termos relacionados","-","positivo smartphone","pt","br","0","-"
1952,"Smartphone","Google","Termos relacionados","-","smartphone motorola g24 128gb","pt","br","0","-"
1953,"Smartphone","Google","Termos relacionados","-","avaliações sobre smartphone motorola moto g35 5g","pt","br","0","-"
1954,"Smartphone","Google","Termos relacionados","-","smartphone samsung galaxy a15 6 5 256gb","pt","br","0","-"
1955,"Smartphone","Google","Termos relacionados","-","smartphone moto e","pt","br","0","-"
1956,"Smartphone","Google","Termos relacionados","-","smartphone no mercado livre","pt","br","0","-"
1957,"Smartphone","Google","Termos relacionados","-","smartphone motorola 128gb 6gb ram menor preço","pt","br","0","-"
1958,"Smartphone","Google","Termos relacionados","-","qual smartphone comprar","pt","br","0","-"
1959,"Smartphone","Google","Termos relacionados","-","smartphone samsung a56 5g 256gb","pt","br","0","-"
1960,"Smartphone","Google","Termos relacionados","-","smartphone nokia 128gb","pt","br","0","-"
1961,"Smartphone","Google","Termos relacionados","-","smartphone xiaomi 13 pro","pt","br","0","-"
1962,"Smartphone","Google","Termos relacionados","-","quando surgiu o smartphone","pt","br","0","-"
1963,"Smartphone","Google","Termos relacionados","-","smartphone 128gb 5g","pt","br","0","-"
1964,"Smartphone","Google","Termos relacionados","-","leilão de smartphone","pt","br","0","-"
1965,"Smartphone","Google","Termos relacionados","-","avaliações sobre smartphone samsung galaxy a16 5g","pt","br","0","-"
1966,"Smartphone","Google","Termos relacionados","-","preço de smartphone galaxy a15 samsung","pt","br","0","-"
1967,"Smartphone","Google","Termos relacionados","-","smartphone poco x6 pro 5g 12gb ram 512gb","pt","br","0","-"
1968,"Smartphone","Google","Termos relacionados","-","smartphone a34","pt","br","0","-"
1969,"Smartphone","Google","Termos relacionados","-","smartphone samsung m35 5g","pt","br","0","-"
1970,"Smartphone","Google","Termos relacionados","-","smartphone samsung galaxy s23 fe","pt","br","0","-"
1971,"Smartphone","Google","Termos relacionados","-","smartphone motorola moto g86 5g","pt","br","0","-"
1972,"Smartphone","Google","Termos relacionados","-","consertar smartphone","pt","br","0","-"
1973,"Smartphone","Google","Termos relacionados","-","smartphone até 700 reais","pt","br","0","-"
1974,"Smartphone","Google","Termos relacionados","-","detalhes de smartphone motorola moto g35 5g","pt","br","0","-"
1975,"Smartphone","Google","Termos relacionados","-","em que ano foi lançado o primeiro smartphone","pt","br","0","-"
1976,"Smartphone","Google","Termos relacionados","-","smartphone motorola razr 60 ultra 1tb","pt","br","0","-"
1977,"Smartphone","Google","Termos relacionados","-","smartphone xiaomi redmi a1 32gb 2gb ram dual sim","pt","br","0","-"
1978,"Smartphone","Google","Termos relacionados","-","smartphone infinix note 30 5g","pt","br","0","-"
1979,"Smartphone","Google","Termos relacionados","-","samsung galaxy s23 fe 5g smartphone android 128gb creme","pt","br","0","-"
1980,"Smartphone","Google","Termos relacionados","-","detalhes de smartphone motorola edge 40 neo 5g 256gb","pt","br","0","-"
1981,"Smartphone","Google","Termos relacionados","-","smartphone promoção relampago hoje","pt","br","0","-"
1982,"Smartphone","Google","Termos relacionados","-","smartphone motorola moto g73 5g 128gb ram 8gb","pt","br","0","-"
1983,"Smartphone","Google","Termos relacionados","-","smartphone galaxy a15","pt","br","0","-"
1984,"Smartphone","Google","Termos relacionados","-","celular smartphone motorola edge 40 pro 256gb 12gb 5g","pt","br","0","-"
1985,"Smartphone","Google","Termos relacionados","-","smartphone xiaomi poco f6pro 512gb","pt","br","0","-"
1986,"Smartphone","Google","Termos relacionados","-","smartphone galaxy a07 128gb samsung","pt","br","0","-"
1987,"Smartphone","Google","Termos relacionados","-","smartphone poco c85 8gb ram 256gb","pt","br","0","-"
1988,"Smartphone","Google","Termos relacionados","-","smartphone 5g 512gb","pt","br","0","-"
1989,"Smartphone","Google","Termos relacionados","-","celular smartphone motorola moto g15 4g 256gb 4gb ram grafite","pt","br","0","-"
1990,"Smartphone","Google","Termos relacionados","-","smartphone jovi é bom","pt","br","0","-"
1991,"Smartphone","Google","Termos relacionados","-","smartphone moto g14","pt","br","0","-"
1992,"Smartphone","Google","Termos relacionados","-","smartphone xiaomi redmi note 13 6gb 128gb","pt","br","0","-"
1993,"Smartphone","Google","Termos relacionados","-","smartphone moto g34 5g 128gb motorola","pt","br","0","-"
1994,"Smartphone","Google","Termos relacionados","-","smartphone samsung lançamento 2024","pt","br","0","-"
1995,"Smartphone","Google","Termos relacionados","-","detalhes de smartphone galaxy a15 samsung","pt","br","0","-"
1996,"Smartphone","Google","Termos relacionados","-","smartphone xiaomi poco x6 pro 5g 512gb","pt","br","0","-"
1997,"Smartphone","Google","Termos relacionados","-","top 10 smartphone 2025","pt","br","0","-"
1998,"Smartphone","Google","Termos relacionados","-","smartphone g54","pt","br","0","-"
1999,"Smartphone","Google","Termos relacionados","-","smartphone motorola moto g34 5g 256gb 16gb","pt","br","0","-"
2000,"Smartphone","Google","Termos relacionados","-","smartphone motorola moto g7 power 64gb","pt","br","0","-"
2001,"Smartphone","Google","Termos relacionados","-","smartphone 128","pt","br","0","-"
2002,"Smartphone","Google","Termos relacionados","-","melhor smartphone até 1000","pt","br","0","-"
2003,"Smartphone","Google","Termos relacionados","-","motorola smartphone motorola edge 50 pro 5g","pt","br","0","-"
2004,"Smartphone","Google","Termos relacionados","-","smartphone xiaomi poco x7 pro 5g 12gb 512gb preto","pt","br","0","-"
2005,"Smartphone","Google","Termos relacionados","-","smartphone 500 reais","pt","br","0","-"
2006,"Smartphone","Google","Termos relacionados","-","mundo do smartphone","pt","br","0","-"
2007,"Smartphone","Google","Termos relacionados","-","oficina do smartphone aracaju","pt","br","0","-"
2008,"Smartphone","Google","Termos relacionados","-","nokia smartphone 2025","pt","br","0","-"
2009,"Smartphone","Google","Termos relacionados","-","smartphone samsung galaxy z flip5 512gb 5g","pt","br","0","-"
2010,"Smartphone","Google","Termos relacionados","-","smartphone samsung galaxy a15 128 gb","pt","br","0","-"
2011,"Smartphone","Google","Termos relacionados","-","smartphone xiaomi redmi note 13 256 gb","pt","br","0","-"
2012,"Smartphone","Google","Termos relacionados","-","melhores smartphone 2024 custo benefício","pt","br","0","-"
2013,"Smartphone","Google","Termos relacionados","-","qual melhor smartphone 2024","pt","br","0","-"
2014,"Smartphone","Google","Termos relacionados","-","smartphone intermediarios","pt","br","0","-"
2015,"Smartphone","Google","Termos relacionados","-","temas para smartphone","pt","br","0","-"
2016,"Smartphone","Google","Termos relacionados","-","avaliações sobre smartphone samsung galaxy a35 5g","pt","br","0","-"
2017,"Smartphone","Google","Termos relacionados","-","smartphone motorola razr 50 ultra","pt","br","0","-"
2018,"Smartphone","Google","Termos relacionados","-","melhores smartphone custo benefício 2024","pt","br","0","-"
2019,"Smartphone","Google","Termos relacionados","-","como se escreve smartphone","pt","br","0","-"
2020,"Smartphone","Google","Termos relacionados","-","smartphone samsung a6","pt","br","0","-"
2021,"Smartphone","Google","Termos relacionados","-","smartphone chinês","pt","br","0","-"
2022,"Smartphone","Google","Termos relacionados","-","smartphone compare","pt","br","0","-"
2023,"Smartphone","Google","Termos relacionados","-","seguro smartphone","pt","br","0","-"
2024,"Smartphone","Google","Termos relacionados","-","primeiros smartphone","pt","br","0","-"
2025,"Smartphone","Google","Termos relacionados","-","smartphone moto g84 5g 256gb 8gb ram","pt","br","0","-"
2026,"Smartphone","Google","Termos relacionados","-","smartphone importados","pt","br","0","-"
2027,"Smartphone","Google","Termos relacionados","-","smartphone 256gb 12gb ram 5g","pt","br","0","-"
2028,"Smartphone","Google","Termos relacionados","-","smartphone s21","pt","br","0","-"
2029,"Smartphone","Google","Termos relacionados","-","smartphone motorola g24 power","pt","br","0","-"
2030,"Smartphone","Google","Termos relacionados","-","smartphone jovi preço","pt","br","0","-"
2031,"Smartphone","Google","Termos relacionados","-","melhor smartphone samsung 2024","pt","br","0","-"
2032,"Smartphone","Google","Termos relacionados","-","smartphone motorola moto g54 5g 256gb","pt","br","0","-"
2033,"Smartphone","Google","Termos relacionados","-","caneta smartphone","pt","br","0","-"
2034,"Smartphone","Google","Termos relacionados","-","qual a melhor marca de smartphone","pt","br","0","-"
2035,"Smartphone","Google","Termos relacionados","-","smartphone motorola moto g86 512 gb 12 gb ram","pt","br","0","-"
2036,"Smartphone","Google","Termos relacionados","-","smartphone com 512gb","pt","br","0","-"
2037,"Smartphone","Google","Termos relacionados","-","celular e smartphone","pt","br","0","-"
2038,"Smartphone","Google","Termos relacionados","-","lançamento smartphone 2024","pt","br","0","-"
2039,"Smartphone","Google","Termos relacionados","-","smartphone xiaomi note 13 pro 5g","pt","br","0","-"
2040,"Smartphone","Google","Termos relacionados","-","smartphone motorola moto g23 128gb 4gb ram","pt","br","0","-"
2041,"Smartphone","Google","Termos relacionados","-","ip68 smartphone","pt","br","0","-"
2042,"Smartphone","Google","Termos relacionados","-","smartphone g24","pt","br","0","-"
2043,"Smartphone","Google","Termos relacionados","-","smartphone samsung galaxy a35 5g 256gb","pt","br","0","-"
2044,"Smartphone","Google","Termos relacionados","-","smartphone motorola moto g31 128gb 4gb ram","pt","br","0","-"
2045,"Smartphone","Google","Termos relacionados","-","detalhes de smartphone samsung galaxy a55 5g","pt","br","0","-"
2046,"Smartphone","Google","Termos relacionados","-","smartphone motorola moto g23 128gb 4gb","pt","br","0","-"
2047,"Smartphone","Google","Termos relacionados","-","smartphone moto g 84","pt","br","0","-"
2048,"Smartphone","Google","Termos relacionados","-","estabilizador gimbal h4 3 eixos para smartphone android ios","pt","br","0","-"
2049,"Smartphone","Google","Termos relacionados","-","smartphone samsung galaxy s23 fe 5g 128gb 8gb ram","pt","br","0","-"
2050,"Smartphone","Google","Termos relacionados","-","smartphone promoção relampago hoje 256gb","pt","br","0","-"
2051,"Smartphone","Google","Termos relacionados","-","smartphone motorola moto g8 play","pt","br","0","-"
2052,"Smartphone","Google","Termos relacionados","-","rastreador smartphone","pt","br","0","-"
2053,"Smartphone","Google","Termos relacionados","-","smartphone xiaomi 14t 5g 12gb 512gb","pt","br","0","-"
2054,"Smartphone","Google","Termos relacionados","-","smartphone 16","pt","br","0","-"
2055,"Smartphone","Google","Termos relacionados","-","smartphone pequeno e potente","pt","br","0","-"
2056,"Smartphone","Google","Termos relacionados","-","smartphone lumia 640","pt","br","0","-"
2057,"Smartphone","Google","Termos relacionados","-","smartphone casas bahia preço","pt","br","0","-"
2058,"Smartphone","Google","Termos relacionados","-","256 gb 5g smartphone","pt","br","0","-"
2059,"Smartphone","Google","Termos relacionados","-","claro smartphone com plano","pt","br","0","-"
2060,"Smartphone","Google","Termos relacionados","-","smartphone android 14","pt","br","0","-"
2061,"Smartphone","Google","Termos relacionados","-","evolução do smartphone","pt","br","0","-"
2062,"Smartphone","Google","Termos relacionados","-","smartphone xiaomi redmi note 13 pro 5g 512gb 12gb ram","pt","br","0","-"
2063,"Smartphone","Google","Termos relacionados","-","smartphone a06 samsung","pt","br","0","-"
2064,"Smartphone","Google","Termos relacionados","-","loja cem smartphone","pt","br","0","-"
2065,"Smartphone","Google","Termos relacionados","-","leilão smartphone receita federal","pt","br","0","-"
2066,"Smartphone","Google","Termos relacionados","-","smartphone motorola moto g54 5g 256gb 8gb ram","pt","br","0","-"
2067,"Smartphone","Google","Termos relacionados","-","smartphone realme 12 pro plus","pt","br","0","-"
2068,"Smartphone","Google","Termos relacionados","-","smartphone 32gb","pt","br","0","-"
2069,"Smartphone","Google","Termos relacionados","-","smartphone infinix hot 30i","pt","br","0","-"
2070,"Smartphone","Google","Termos relacionados","-","smartphone galaxy s23","pt","br","0","-"
2071,"Smartphone","Google","Termos relacionados","-","smartphone xiaomi 14t 512gb 12gb ram 5g leica preto","pt","br","0","-"
2072,"Smartphone","Google","Termos relacionados","-","smartphone promoção 128gb","pt","br","0","-"
2073,"Smartphone","Google","Termos relacionados","-","smartphone 15","pt","br","0","-"
2074,"Smartphone","Google","Termos relacionados","-","smartphone com processador snapdragon","pt","br","0","-"
2075,"Smartphone","Google","Termos relacionados","-","smartphone com esim","pt","br","0","-"
2076,"Smartphone","Google","Termos relacionados","-","imagem de smartphone","pt","br","0","-"
2077,"Smartphone","Google","Termos relacionados","-","desligar smartphone","pt","br","0","-"
2078,"Smartphone","Google","Termos relacionados","-","capa para smartphone","pt","br","0","-"
2079,"Smartphone","Google","Termos relacionados","-","smartphone asus zenfone 3 zoom","pt","br","0","-"
2080,"Smartphone","Google","Termos relacionados","-","smartphone lenovo legion","pt","br","0","-"
2081,"Smartphone","Google","Termos relacionados","-","smartphone 13c","pt","br","0","-"
2082,"Smartphone","Google","Termos relacionados","-","smartphone até 500","pt","br","0","-"
2083,"Smartphone","Google","Termos relacionados","-","smartphone samsung m15 5g","pt","br","0","-"
2084,"Smartphone","Google","Termos relacionados","-","smartphone que dobra","pt","br","0","-"
2085,"Smartphone","Google","Termos relacionados","-","smartphone mais caro do mundo","pt","br","0","-"
2086,"Smartphone","Google","Termos relacionados","-","smartphone moto g75 5g 256gb vegan leather cor cinza motorola","pt","br","0","-"
2087,"Smartphone","Google","Termos relacionados","-","smartphone itel","pt","br","0","-"
2088,"Smartphone","Google","Termos relacionados","-","smartphone motorola moto g34 5g 256gb","pt","br","0","-"
2089,"Smartphone","Google","Termos relacionados","-","smartphone nokia 6","pt","br","0","-"
2090,"Smartphone","Google","Termos relacionados","-","smartphone 5g motorola","pt","br","0","-"
2091,"Smartphone","Google","Termos relacionados","-","smartphone motorola moto g8 power","pt","br","0","-"
2092,"Smartphone","Google","Termos relacionados","-","smartphone até 2500","pt","br","0","-"
2093,"Smartphone","Google","Termos relacionados","-","smartphone xiaomi x6 pro","pt","br","0","-"
2094,"Smartphone","Google","Termos relacionados","-","impressora para smartphone","pt","br","0","-"
2095,"Smartphone","Google","Termos relacionados","-","smartphone prova d'água","pt","br","0","-"
2096,"Smartphone","Google","Termos relacionados","-","smartphone para crianças","pt","br","0","-"
2097,"Smartphone","Google","Termos relacionados","-","smartphone top","pt","br","0","-"
2098,"Smartphone","Google","Termos relacionados","-","smartphone ate 700","pt","br","0","-"
2099,"Smartphone","Google","Termos relacionados","-","melhor smartphone motorola 2025","pt","br","0","-"
2100,"Smartphone","Google","Termos relacionados","-","smartphone motorola com nfc","pt","br","0","-"
2101,"Smartphone","Google","Termos relacionados","-","smartphone lg 128gb","pt","br","0","-"
2102,"Smartphone","Google","Termos relacionados","-","smartphone xiaomi redmi note 13 256gb","pt","br","0","-"
2103,"Smartphone","Google","Termos relacionados","-","smartphone 128gb xiaomi","pt","br","0","-"
2104,"Smartphone","Google","Termos relacionados","-","smartphone mais barato do brasil","pt","br","0","-"
2105,"Smartphone","Google","Termos relacionados","-","smartphone bml","pt","br","0","-"
2106,"Smartphone","Google","Termos relacionados","-","smartphone vs","pt","br","0","-"
2107,"Smartphone","Google","Termos relacionados","-","smartphone 4gb ram","pt","br","0","-"
2108,"Smartphone","Google","Termos relacionados","-","smartphone com infravermelho","pt","br","0","-"
2109,"Smartphone","Google","Termos relacionados","-","smartphone samsung mercado livre","pt","br","0","-"
2110,"Smartphone","Google","Termos relacionados","-","smartphone samsung galaxy a3 2016","pt","br","0","-"
2111,"Smartphone","Google","Termos relacionados","-","smartphone vivo x200 ultra","pt","br","0","-"
2112,"Smartphone","Google","Termos relacionados","-","smartphone ate 300 reais","pt","br","0","-"
2113,"Smartphone","Google","Termos relacionados","-","smartphone snapdragon 8 gen 2","pt","br","0","-"
2114,"Smartphone","Google","Termos relacionados","-","smartphone oppo a58","pt","br","0","-"
2115,"Smartphone","Google","Termos relacionados","-","smartphone motorola moto g71 5g 128gb 6gb ram","pt","br","0","-"
2116,"Smartphone","Google","Termos relacionados","-","smartphone até 1500 reais","pt","br","0","-"
2117,"Smartphone","Google","Termos relacionados","-","smartphone positivo twist","pt","br","0","-"
2118,"Smartphone","Google","Termos relacionados","-","smartphone top de linha da samsung","pt","br","0","-"
2119,"Smartphone","Google","Termos relacionados","-","melhores smartphone para jogos","pt","br","0","-"
2120,"Smartphone","Google","Termos relacionados","-","smartphone motorola moto e6s","pt","br","0","-"
2121,"Smartphone","Google","Termos relacionados","-","smartphone 4g","pt","br","0","-"
2122,"Smartphone","Google","Termos relacionados","-","smartphone mais vendido da história","pt","br","0","-"
2123,"Smartphone","Google","Termos relacionados","-","smartphone poco f6","pt","br","0","-"
2124,"Smartphone","Google","Termos relacionados","-","smartphone s10","pt","br","0","-"
2125,"Smartphone","Google","Termos relacionados","-","relógio smartphone samsung","pt","br","0","-"
2126,"Smartphone","Google","Termos relacionados","-","quais smartphone tem nfc","pt","br","0","-"
2127,"Smartphone","Google","Termos relacionados","-","smartphone 128g","pt","br","0","-"
2128,"Smartphone","Google","Termos relacionados","-","smartphone samsung j7","pt","br","0","-"
2129,"Smartphone","Google","Termos relacionados","-","smartphone moto g54 5g 256gb","pt","br","0","-"
2130,"Smartphone","Google","Termos relacionados","-","smartphone com 12gb de ram","pt","br","0","-"
2131,"Smartphone","Google","Termos relacionados","-","smartphone xiaomi redmi note 13 8 256g powerful snapdragon","pt","br","0","-"
2132,"Smartphone","Google","Termos relacionados","-","smartphone lg flex 2","pt","br","0","-"
2133,"Smartphone","Google","Termos relacionados","-","smartphone motorola moto g35 5g 128gb 12gb","pt","br","0","-"
2134,"Smartphone","Google","Termos relacionados","-","smartphone samsung galaxy a15 5g 128gb","pt","br","0","-"
2135,"Smartphone","Google","Termos relacionados","-","smartphone xiaomi redmi 14","pt","br","0","-"
2136,"Smartphone","Google","Termos relacionados","-","smartphone samsung galaxy a","pt","br","0","-"
2137,"Smartphone","Google","Termos relacionados","-","smartphone motorola edge 40 5g 6 5 256gb 8gb","pt","br","0","-"
2138,"Smartphone","Google","Termos relacionados","-","pixel smartphone","pt","br","0","-"
2139,"Smartphone","Google","Termos relacionados","-","smartphone 14","pt","br","0","-"
2140,"Smartphone","Google","Termos relacionados","-","smartphone samsung a05","pt","br","0","-"
2141,"Smartphone","Google","Termos relacionados","-","smartphone motorola edge 70 fusion 5g","pt","br","0","-"
2142,"Smartphone","Google","Termos relacionados","-","mind one smartphone","pt","br","0","-"
2143,"Smartphone","Google","Termos relacionados","-","smartphone samsung galaxy a15 6 5","pt","br","0","-"
2144,"Smartphone","Google","Termos relacionados","-","smartphone barato 128gb","pt","br","0","-"
2145,"Smartphone","Google","Termos relacionados","-","smartphone 15 pro max","pt","br","0","-"
2146,"Smartphone","Google","Termos relacionados","-","smartphone samsung galaxy a23","pt","br","0","-"
2147,"Smartphone","Google","Termos relacionados","-","smartphone motorola mercado livre","pt","br","0","-"
2148,"Smartphone","Google","Termos relacionados","-","smartphone motorola moto g14 128gb","pt","br","0","-"
2149,"Smartphone","Google","Termos relacionados","-","smartphone até 3000","pt","br","0","-"
2150,"Smartphone","Google","Termos relacionados","-","starlink smartphone","pt","br","0","-"
2151,"Smartphone","Google","Termos relacionados","-","smartphone a50","pt","br","0","-"
2152,"Smartphone","Google","Termos relacionados","-","modelos de smartphone","pt","br","0","-"
2153,"Smartphone","Google","Termos relacionados","-","marca smartphone","pt","br","0","-"
2154,"Smartphone","Google","Termos relacionados","-","samsung galaxy s23 fe 5g smartphone android 256gb","pt","br","0","-"
2155,"Smartphone","Google","Termos relacionados","-","smartphone caterpillar s62","pt","br","0","-"
2156,"Smartphone","Google","Termos relacionados","-","smartphone xiaomi 13c","pt","br","0","-"
2157,"Smartphone","Google","Termos relacionados","-","smartphone moto g84 5g","pt","br","0","-"
2158,"Smartphone","Google","Termos relacionados","-","smartphone samsung s23 256gb","pt","br","0","-"
2159,"Smartphone","Google","Termos relacionados","-","smartphone samsung linha a","pt","br","0","-"
2160,"Smartphone","Google","Termos relacionados","-","cupom amazon smartphone","pt","br","0","-"
2161,"Smartphone","Google","Termos relacionados","-","smartphone nokia 2024","pt","br","0","-"
2162,"Smartphone","Google","Termos relacionados","-","smartphone de 512 gb","pt","br","0","-"
2163,"Smartphone","Google","Termos relacionados","-","smartphone redmi note 13 256gb xiaomi","pt","br","0","-"
2164,"Smartphone","Google","Termos relacionados","-","smartphone motorola moto g05 256gb","pt","br","0","-"
2165,"Smartphone","Google","Termos relacionados","-","smartphone moto g24","pt","br","0","-"
2166,"Smartphone","Google","Termos relacionados","-","smartphone 5 polegadas","pt","br","0","-"
2167,"Smartphone","Google","Termos relacionados","-","smartphone 64gb 4gb ram","pt","br","0","-"
2168,"Smartphone","Google","Termos relacionados","-","smartphone samsung galaxy a55 128gb","pt","br","0","-"
2169,"Smartphone","Google","Termos relacionados","-","smartphone xiaomi redmi note 13 pro 5g 256gb 8gb ram","pt","br","0","-"
2170,"Smartphone","Google","Termos relacionados","-","qual o valor do smartphone","pt","br","0","-"
2171,"Smartphone","Google","Termos relacionados","-","smartphone nos","pt","br","0","-"
2172,"Smartphone","Google","Termos relacionados","-","smartphone tela curva","pt","br","0","-"
2173,"Smartphone","Google","Termos relacionados","-","smartphone samsung a23","pt","br","0","-"
2174,"Smartphone","Google","Termos relacionados","-","smartphone android 15","pt","br","0","-"
2175,"Smartphone","Google","Termos relacionados","-","smartphone xiaomi redmi note 13 5g","pt","br","0","-"
2176,"Smartphone","Google","Termos relacionados","-","smartphone positivo twist 5","pt","br","0","-"
2177,"Smartphone","Google","Termos relacionados","-","smartphone tv","pt","br","0","-"
2178,"Smartphone","Google","Termos relacionados","-","smartphone flip xiaomi","pt","br","0","-"
2179,"Smartphone","Google","Termos relacionados","-","smartphone xiaomi poco x6 pro 12gb 512gb preto","pt","br","0","-"
2180,"Smartphone","Google","Termos relacionados","-","os desafios do uso do smartphone na educação brasileira redação","pt","br","0","-"
2181,"Smartphone","Google","Termos relacionados","-","smartphone umidigi","pt","br","0","-"
2182,"Smartphone","Google","Termos relacionados","-","smartphone mais barato 2025","pt","br","0","-"
2183,"Smartphone","Google","Termos relacionados","-","melhores smartphone de 2025","pt","br","0","-"
2184,"Smartphone","Google","Termos relacionados","-","relógio smartphone original","pt","br","0","-"
2185,"Smartphone","Google","Termos relacionados","-","smartphone promoção claro","pt","br","0","-"
2186,"Smartphone","Google","Termos relacionados","-","smartphone motorola moto g32 128gb 4gb ram","pt","br","0","-"
2187,"Smartphone","Google","Termos relacionados","-","smartphone samsung galaxy a05s 4g 128gb 6gb ram","pt","br","0","-"
2188,"Smartphone","Google","Termos relacionados","-","smartphone samsung galaxy a01 core 32gb","pt","br","0","-"
2189,"Smartphone","Google","Termos relacionados","-","smartphone a05","pt","br","0","-"
2190,"Smartphone","Google","Termos relacionados","-","smartphone redmi note 14 pro 5g","pt","br","0","-"
2191,"Smartphone","Google","Termos relacionados","-","smartphone samsung a7","pt","br","0","-"
2192,"Smartphone","Google","Termos relacionados","-","smartphone samsung galaxy s23 fe 5g 256gb","pt","br","0","-"
2193,"Smartphone","Google","Termos relacionados","-","smartphone xiaomi 13 lite 5g","pt","br","0","-"
2194,"Smartphone","Google","Termos relacionados","-","smartphone xiaomi promoção","pt","br","0","-"
2195,"Smartphone","Google","Termos relacionados","-","smartphone galaxy a05","pt","br","0","-"
2196,"Smartphone","Google","Termos relacionados","-","smartphone poco c65 ram","pt","br","0","-"
2197,"Smartphone","Google","Termos relacionados","-","smartphone poco f6 pro","pt","br","0","-"
2198,"Smartphone","Google","Termos relacionados","-","smartphone 16gb","pt","br","0","-"
2199,"Smartphone","Google","Termos relacionados","-","smartphone google pixel 9","pt","br","0","-"
2200,"Smartphone","Google","Termos relacionados","-","smartphone moto g24 power","pt","br","0","-"
2201,"Smartphone","Google","Termos relacionados","-","smartphone infinix 256gb","pt","br","0","-"
2202,"Smartphone","Google","Termos relacionados","-","smartphone multi g max preto","pt","br","0","-"
2203,"Smartphone","Google","Termos relacionados","-","smartphone motorola moto g84 5g","pt","br","0","-"
2204,"Smartphone","Google","Termos relacionados","-","zte smartphone","pt","br","0","-"
2205,"Smartphone","Google","Termos relacionados","-","smartphone samsung carrefour","pt","br","0","-"
2206,"Smartphone","Google","Termos relacionados","-","smartphone 5g 256gb 12gb ram","pt","br","0","-"
2207,"Smartphone","Google","Termos relacionados","-","smartphone a70","pt","br","0","-"
2208,"Smartphone","Google","Termos relacionados","-","smartphone motorola razr 40 ultra 5g 256gb","pt","br","0","-"
2209,"Smartphone","Google","Termos relacionados","-","smartphone samsung galaxy a15 128gb","pt","br","0","-"
2210,"Smartphone","Google","Termos relacionados","-","smartphone motorola moto g85","pt","br","0","-"
2211,"Smartphone","Google","Termos relacionados","-","smartphone tcl 5g","pt","br","0","-"
2212,"Smartphone","Google","Termos relacionados","-","smartphone samsung galaxy a32 4g 128gb","pt","br","0","-"
2213,"Smartphone","Google","Termos relacionados","-","smartphone samsung a10","pt","br","0","-"
2214,"Smartphone","Google","Termos relacionados","-","smartphone resistente a agua","pt","br","0","-"
2215,"Smartphone","Google","Termos relacionados","-","smartphone 5g 512gb 12gb ram","pt","br","0","-"
2216,"Smartphone","Google","Termos relacionados","-","smartphone no brasil","pt","br","0","-"
2217,"Smartphone","Google","Termos relacionados","-","smartphone 11","pt","br","0","-"
2218,"Smartphone","Google","Termos relacionados","-","smartphone redmi 13","pt","br","0","-"
2219,"Smartphone","Google","Termos relacionados","-","pixels smartphone","pt","br","0","-"
2220,"Smartphone","Google","Termos relacionados","-","smartphone 5g menor preço","pt","br","0","-"
2221,"Smartphone","Google","Termos relacionados","-","smartphone samsung j7 pro android tela dual","pt","br","0","-"
2222,"Smartphone","Google","Termos relacionados","-","smartphone samsung na magazine luiza","pt","br","0","-"
2223,"Smartphone","Google","Termos relacionados","-","samsung smartphone top de linha","pt","br","0","-"
2224,"Smartphone","Google","Termos relacionados","-","smartphone motorola edge 60 pro 512gb","pt","br","0","-"
2225,"Smartphone","Google","Termos relacionados","-","smartphone motorola moto g75 5g moto buds","pt","br","0","-"
2226,"Smartphone","Google","Termos relacionados","-","smartphone xiaomi poco x7 pro 5g nfc","pt","br","0","-"
2227,"Smartphone","Google","Termos relacionados","-","smartphone cubot king kong","pt","br","0","-"
2228,"Smartphone","Google","Termos relacionados","-","smartphone minimalista","pt","br","0","-"
2229,"Smartphone","Google","Termos relacionados","-","smartphone ip67","pt","br","0","-"
2230,"Smartphone","Google","Termos relacionados","-","smartphone samsung s20","pt","br","0","-"
2231,"Smartphone","Google","Termos relacionados","-","smartphone nfc 5g","pt","br","0","-"
2232,"Smartphone","Google","Termos relacionados","-","smartphone a23","pt","br","0","-"
2233,"Smartphone","Google","Termos relacionados","-","smartphone sul","pt","br","0","-"
2234,"Smartphone","Google","Termos relacionados","-","smartphone xiaomi note 12","pt","br","0","-"
2235,"Smartphone","Google","Termos relacionados","-","smartphone huawei p50 pro","pt","br","0","-"
2236,"Smartphone","Google","Termos relacionados","-","smartphone galaxy a35","pt","br","0","-"
2237,"Smartphone","Google","Termos relacionados","-","smartphone samsung a71","pt","br","0","-"
2238,"Smartphone","Google","Termos relacionados","-","smartphone moto g54 5g 256gb 8gb ram","pt","br","0","-"
2239,"Smartphone","Google","Termos relacionados","-","smartphone xiaomi redmi a3","pt","br","0","-"
2240,"Smartphone","Google","Termos relacionados","-","smartphone samsung galaxy s21","pt","br","0","-"
2241,"Smartphone","Google","Termos relacionados","-","smartphone emoji","pt","br","0","-"
2242,"Smartphone","Google","Termos relacionados","-","smartphone 256gb promoção","pt","br","0","-"
2243,"Smartphone","Google","Termos relacionados","-","smartphone motorola moto e6i 32gb","pt","br","0","-"
2244,"Smartphone","Google","Termos relacionados","-","smartphone gamer barato","pt","br","0","-"
2245,"Smartphone","Google","Termos relacionados","-","smartphone samsung galaxy j5 prime","pt","br","0","-"
2246,"Smartphone","Google","Termos relacionados","-","smartphone 8","pt","br","0","-"
2247,"Smartphone","Google","Termos relacionados","-","cupom smartphone magazine luiza","pt","br","0","-"
2248,"Smartphone","Google","Termos relacionados","-","preço smartphone motorola","pt","br","0","-"
2249,"Smartphone","Google","Termos relacionados","-","smartphone xiaomi redmi 13","pt","br","0","-"
2250,"Smartphone","Google","Termos relacionados","-","smartphone samsung galaxy s25 5g","pt","br","0","-"
2251,"Smartphone","Google","Termos relacionados","-","smartphone motorola edge 40 neo","pt","br","0","-"
2252,"Smartphone","Google","Termos relacionados","-","smartphone poco x6","pt","br","0","-"
2253,"Smartphone","Google","Termos relacionados","-","tim smartphone promoção","pt","br","0","-"
2254,"Smartphone","Google","Termos relacionados","-","smartphone moto g6","pt","br","0","-"
2255,"Smartphone","Google","Termos relacionados","-","smartphone iphone 15 pro max","pt","br","0","-"
2256,"Smartphone","Google","Termos relacionados","-","smartphone lg k41s","pt","br","0","-"
2257,"Smartphone","Google","Termos relacionados","-","smartphone apple iphone 13 128gb","pt","br","0","-"
2258,"Smartphone","Google","Termos relacionados","-","smartphone motorola 256gb 5g","pt","br","0","-"
2259,"Smartphone","Google","Termos relacionados","-","smartphone edge 50 neo 256gb 5g motorola","pt","br","0","-"
2260,"Smartphone","Google","Termos relacionados","-","smartphone 256gb nfc","pt","br","0","-"
2261,"Smartphone","Google","Termos relacionados","-","smartphone meizu","pt","br","0","-"
2262,"Smartphone","Google","Termos relacionados","-","smartphone xiaomi redmi note 12s","pt","br","0","-"
2263,"Smartphone","Google","Termos relacionados","-","smartphone os","pt","br","0","-"
2264,"Smartphone","Google","Termos relacionados","-","smartphone philco 128gb hit p10","pt","br","0","-"
2265,"Smartphone","Google","Termos relacionados","-","smartphone 1 tera","pt","br","0","-"
2266,"Smartphone","Google","Termos relacionados","-","smartphone samsung promoção relampago","pt","br","0","-"
2267,"Smartphone","Google","Termos relacionados","-","qual smartphone comprar em 2024","pt","br","0","-"
2268,"Smartphone","Google","Termos relacionados","-","smartphone samsung galaxy s24 ultra 5g","pt","br","0","-"
2269,"Smartphone","Google","Termos relacionados","-","smartphone samsung galaxy s23 ultra 256gb","pt","br","0","-"
2270,"Smartphone","Google","Termos relacionados","-","smartphone samsung galaxy s20","pt","br","0","-"
2271,"Smartphone","Google","Termos relacionados","-","smartphone samsung note","pt","br","0","-"
2272,"Smartphone","Google","Termos relacionados","-","smartphone até 1200","pt","br","0","-"
2273,"Smartphone","Google","Termos relacionados","-","smartphone huawei pura 70 ultra","pt","br","0","-"
2274,"Smartphone","Google","Termos relacionados","-","smartphone com ip68","pt","br","0","-"
2275,"Smartphone","Google","Termos relacionados","-","smartphone e iphone diferença","pt","br","0","-"
2276,"Smartphone","Google","Termos relacionados","-","smartphone redmi 12","pt","br","0","-"
2277,"Smartphone","Google","Termos relacionados","-","smartphone samsung s20 fe","pt","br","0","-"
2278,"Smartphone","Google","Termos relacionados","-","smartphone pernambucanas","pt","br","0","-"
2279,"Smartphone","Google","Termos relacionados","-","smartphone a54","pt","br","0","-"
2280,"Smartphone","Google","Termos relacionados","-","smartphone motorola edge 30","pt","br","0","-"
2281,"Smartphone","Google","Termos relacionados","-","smartphone moto edge","pt","br","0","-"
2282,"Smartphone","Google","Termos relacionados","-","smartphone samsung m54","pt","br","0","-"
2283,"Smartphone","Google","Termos relacionados","-","smartphone samsung custo benefício","pt","br","0","-"
2284,"Smartphone","Google","Termos relacionados","-","smartphone 6 polegadas","pt","br","0","-"
2285,"Smartphone","Google","Termos relacionados","-","smartphone note 13 pro","pt","br","0","-"
2286,"Smartphone","Google","Termos relacionados","-","melhor smartphone para jogos","pt","br","0","-"
2287,"Smartphone","Google","Termos relacionados","-","melhor smartphone até 3000","pt","br","0","-"
2288,"Smartphone","Google","Termos relacionados","-","melhor smartphone para foto","pt","br","0","-"
2289,"Smartphone","Google","Termos relacionados","-","mini smartphone android","pt","br","0","-"
2290,"Smartphone","Google","Termos relacionados","-","smartphone xiaomi 13","pt","br","0","-"
2291,"Smartphone","Google","Termos relacionados","-","smartphone tcl 505","pt","br","0","-"
2292,"Smartphone","Google","Termos relacionados","-","smartphone intermediário 2026","pt","br","0","-"
2293,"Smartphone","Google","Termos relacionados","-","smartphone samsung galaxy s25 5g 256gb","pt","br","0","-"
2294,"Smartphone","Google","Termos relacionados","-","smartphone 128gb 6gb ram","pt","br","0","-"
2295,"Smartphone","Google","Termos relacionados","-","smartphone oppo a5 pro 5g 256gb","pt","br","0","-"
2296,"Smartphone","Google","Termos relacionados","-","smartphone motorola edge 50 neo 5g 256gb 16gb","pt","br","0","-"
2297,"Smartphone","Google","Termos relacionados","-","smartphone motorola g84 256gb","pt","br","0","-"
2298,"Smartphone","Google","Termos relacionados","-","smartphone samsung a13","pt","br","0","-"
2299,"Smartphone","Google","Termos relacionados","-","smartphone xiaomi barato","pt","br","0","-"
2300,"Smartphone","Google","Termos relacionados","-","smartphone xiaomi redmi note 12 pro 5g","pt","br","0","-"
2301,"Smartphone","Google","Termos relacionados","-","smartphone a35 samsung","pt","br","0","-"
2302,"Smartphone","Google","Termos relacionados","-","smartphone xiaomi poco x6 5g 512gb 12gb ram","pt","br","0","-"
2303,"Smartphone","Google","Termos relacionados","-","smartphone samsung a53","pt","br","0","-"
2304,"Smartphone","Google","Termos relacionados","-","smartphone moto g24 128gb 4gb ram motorola","pt","br","0","-"
2305,"Smartphone","Google","Termos relacionados","-","smartphone samsung galaxy a13 128 gb","pt","br","0","-"
2306,"Smartphone","Google","Termos relacionados","-","smartphone multi","pt","br","0","-"
2307,"Smartphone","Google","Termos relacionados","-","smartphone zte blade a3","pt","br","0","-"
2308,"Smartphone","Google","Termos relacionados","-","smartphone redmi note 13 pro 5g","pt","br","0","-"
2309,"Smartphone","Google","Termos relacionados","-","smartphone g34","pt","br","0","-"
2310,"Smartphone","Google","Termos relacionados","-","smartphone samsung galaxy s24 ultra titânio inteligência artificial","pt","br","0","-"
2311,"Smartphone","Google","Termos relacionados","-","smartphone motorola e","pt","br","0","-"
2312,"Smartphone","Google","Termos relacionados","-","smartphone a55 samsung","pt","br","0","-"
2313,"Smartphone","Google","Termos relacionados","-","smartphone motorola moto g75 256gb 5g","pt","br","0","-"
2314,"Smartphone","Google","Termos relacionados","-","smartphone asus zenfone zoom","pt","br","0","-"
2315,"Smartphone","Google","Termos relacionados","-","smartphone motorola moto g14 128gb 4gb ram","pt","br","0","-"
2316,"Smartphone","Google","Termos relacionados","-","mini smartphone 4g","pt","br","0","-"
2317,"Smartphone","Google","Termos relacionados","-","smartphone a55 256gb","pt","br","0","-"
2318,"Smartphone","Google","Termos relacionados","-","qual melhor smartphone 2026","pt","br","0","-"
2319,"Smartphone","Google","Termos relacionados","-","smartphone até 800 reais","pt","br","0","-"
2320,"Smartphone","Google","Termos relacionados","-","smartphone 256gb 16gb ram","pt","br","0","-"
2321,"Smartphone","Google","Termos relacionados","-","smartphone motorola moto g34","pt","br","0","-"
2322,"Smartphone","Google","Termos relacionados","-","smartphone samsung 2026","pt","br","0","-"
2323,"Smartphone","Google","Termos relacionados","-","smartphone samsung galaxy a16 5g 256gb","pt","br","0","-"
2324,"Smartphone","Google","Termos relacionados","-","smartphone motorola 5g 256gb","pt","br","0","-"
2325,"Smartphone","Google","Termos relacionados","-","smartphone motorola g75 5g","pt","br","0","-"
2326,"Smartphone","Google","Termos relacionados","-","smartphone xiaomi poco c85 nfc preto 8gb ram 256gb rom","pt","br","0","-"
2327,"Smartphone","Google","Termos relacionados","-","smartphone motorola edge 30 neo","pt","br","0","-"
2328,"Smartphone","Google","Termos relacionados","-","manutenção smartphone","pt","br","0","-"
2329,"Smartphone","Google","Termos relacionados","-","smartphone do paraguai","pt","br","0","-"
2330,"Smartphone","Google","Termos relacionados","-","smartphone 128gb promoção","pt","br","0","-"
2331,"Smartphone","Google","Termos relacionados","-","smartphone pixel 9","pt","br","0","-"
2332,"Smartphone","Google","Termos relacionados","-","smartphone samsung galaxy a23 5g 128gb","pt","br","0","-"
2333,"Smartphone","Google","Termos relacionados","-","smartphone samsung menor preço","pt","br","0","-"
2334,"Smartphone","Google","Termos relacionados","-","smartphone samsung m35 256gb","pt","br","0","-"
2335,"Smartphone","Google","Termos relacionados","-","smartphone 8gb ram 5g","pt","br","0","-"
2336,"Smartphone","Google","Termos relacionados","-","smartphone infinix hot 11s 128gb","pt","br","0","-"
2337,"Smartphone","Google","Termos relacionados","-","smartphone samsung 6gb ram","pt","br","0","-"
2338,"Smartphone","Google","Termos relacionados","-","smartphone samsung 5g 128gb","pt","br","0","-"
2339,"Smartphone","Google","Termos relacionados","-","smartphone tela infinita","pt","br","0","-"
2340,"Smartphone","Google","Termos relacionados","-","smartphone motorola edge 50 pro 5g 256gb 24gb","pt","br","0","-"
2341,"Smartphone","Google","Termos relacionados","-","smartphone motorola edge 40 neo 256gb","pt","br","0","-"
2342,"Smartphone","Google","Termos relacionados","-","smartphone multilaser g3","pt","br","0","-"
2343,"Smartphone","Google","Termos relacionados","-","smartphone motorola razr 40 5g 256 gb 8 gb ram","pt","br","0","-"
2344,"Smartphone","Google","Termos relacionados","-","smartphone j7","pt","br","0","-"
2345,"Smartphone","Google","Termos relacionados","-","smartphone militar","pt","br","0","-"
2346,"Smartphone","Google","Termos relacionados","-","smartphone samsung a32","pt","br","0","-"
2347,"Smartphone","Google","Termos relacionados","-","smartphone infinix smart 9","pt","br","0","-"
2348,"Smartphone","Google","Termos relacionados","-","smartphone huawei p30 pro","pt","br","0","-"
2349,"Smartphone","Google","Termos relacionados","-","smartphone xiaomi 14t 5g","pt","br","0","-"
2350,"Smartphone","Google","Termos relacionados","-","smartphone motorola g54","pt","br","0","-"
2351,"Smartphone","Google","Termos relacionados","-","smartphone samsung galaxy alpha","pt","br","0","-"
2352,"Smartphone","Google","Termos relacionados","-","smartphone 8gb ram 256gb 5g","pt","br","0","-"
2353,"Smartphone","Google","Termos relacionados","-","smartphone mercado livre barato","pt","br","0","-"
2354,"Smartphone","Google","Termos relacionados","-","smartphone samsung galaxy a34","pt","br","0","-"
2355,"Smartphone","Google","Termos relacionados","-","smartphone a05 samsung","pt","br","0","-"
2356,"Smartphone","Google","Termos relacionados","-","smartphone infinix smart 8","pt","br","0","-"
2357,"Smartphone","Google","Termos relacionados","-","smartphone xiaomi redmi 13c 128gb","pt","br","0","-"
2358,"Smartphone","Google","Termos relacionados","-","smartphone samsung s22 ultra","pt","br","0","-"
2359,"Smartphone","Google","Termos relacionados","-","smartphone redmi note 13 5g","pt","br","0","-"
2360,"Smartphone","Google","Termos relacionados","-","isekai wa smartphone mangá","pt","br","0","-"
2361,"Smartphone","Google","Termos relacionados","-","smartphone motorola razr 50","pt","br","0","-"
2362,"Smartphone","Google","Termos relacionados","-","smartphone motorola edge 50 fusion 256gb","pt","br","0","-"
2363,"Smartphone","Google","Termos relacionados","-","smartphone ultra","pt","br","0","-"
2364,"Smartphone","Google","Termos relacionados","-","tv smartphone 32 polegadas","pt","br","0","-"
2365,"Smartphone","Google","Termos relacionados","-","smartphone samsung 128gb 6gb ram menor preço","pt","br","0","-"
2366,"Smartphone","Google","Termos relacionados","-","smartphone blackview bv9300","pt","br","0","-"
2367,"Smartphone","Google","Termos relacionados","-","smartphone motorola barato","pt","br","0","-"
2368,"Smartphone","Google","Termos relacionados","-","smartphone bom para jogos","pt","br","0","-"
2369,"Smartphone","Google","Termos relacionados","-","smartphone samsung top","pt","br","0","-"
2370,"Smartphone","Google","Termos relacionados","-","smartphone samsung m35","pt","br","0","-"
2371,"Smartphone","Google","Termos relacionados","-","smartphone premium","pt","br","0","-"
2372,"Smartphone","Google","Termos relacionados","-","smartphone poco x6 pro 5g","pt","br","0","-"
2373,"Smartphone","Google","Termos relacionados","-","smartphone casa e video","pt","br","0","-"
2374,"Smartphone","Google","Termos relacionados","-","motorola moto e20 smartphone","pt","br","0","-"
2375,"Smartphone","Google","Termos relacionados","-","in another world with my smartphone 3 temporada","pt","br","0","-"
2376,"Smartphone","Google","Termos relacionados","-","os melhores smartphone 2024","pt","br","0","-"
2377,"Smartphone","Google","Termos relacionados","-","smartphone tcl 40","pt","br","0","-"
2378,"Smartphone","Google","Termos relacionados","-","smartphone na black friday","pt","br","0","-"
2379,"Smartphone","Google","Termos relacionados","-","smartphone blu b9","pt","br","0","-"
2380,"Smartphone","Google","Termos relacionados","-","smartphone cooler","pt","br","0","-"
2381,"Smartphone","Google","Termos relacionados","-","smartphone xiaomi redmi note 13 pro 4g","pt","br","0","-"
2382,"Smartphone","Google","Termos relacionados","-","smartphone tectoy","pt","br","0","-"
2383,"Smartphone","Google","Termos relacionados","-","saka smartphone","pt","br","0","-"
2384,"Smartphone","Google","Termos relacionados","-","samsung galaxy s23 fe 5g smartphone android 128gb verde","pt","br","0","-"
2385,"Smartphone","Google","Termos relacionados","-","os melhores smartphone","pt","br","0","-"
2386,"Smartphone","Google","Termos relacionados","-","smartphone buscapé","pt","br","0","-"
2387,"Smartphone","Google","Termos relacionados","-","smartphone samsung galaxy s23 plus","pt","br","0","-"
2388,"Smartphone","Google","Termos relacionados","-","smartphone snapdragon 8 gen 3","pt","br","0","-"
2389,"Smartphone","Google","Termos relacionados","-","linhas samsung smartphone","pt","br","0","-"
2390,"Smartphone","Google","Termos relacionados","-","smartphone samsung galaxy a15 256gb","pt","br","0","-"
2391,"Smartphone","Google","Termos relacionados","-","smartphone tesla model pi","pt","br","0","-"
2392,"Smartphone","Google","Termos relacionados","-","smartphone xiaomi 15 pro","pt","br","0","-"
2393,"Smartphone","Google","Termos relacionados","-","microfone smartphone","pt","br","0","-"
2394,"Smartphone","Google","Termos relacionados","-","smartphone realme 5g","pt","br","0","-"
2395,"Smartphone","Google","Termos relacionados","-","smartphone cat s60","pt","br","0","-"
2396,"Smartphone","Google","Termos relacionados","-","smartphone samsung a30","pt","br","0","-"
2397,"Smartphone","Google","Termos relacionados","-","smartphone motorola e13","pt","br","0","-"
2398,"Smartphone","Google","Termos relacionados","-","top smartphone","pt","br","0","-"
2399,"Smartphone","Google","Termos relacionados","-","smartphone 256gb motorola","pt","br","0","-"
2400,"Smartphone","Google","Termos relacionados","-","smartphone 5g 128gb","pt","br","0","-"
2401,"Smartphone","Google","Termos relacionados","-","smartphone barato xiaomi","pt","br","0","-"
2402,"Smartphone","Google","Termos relacionados","-","smartphone fold","pt","br","0","-"
2403,"Smartphone","Google","Termos relacionados","-","smartphone 7 polegadas","pt","br","0","-"
2404,"Smartphone","Google","Termos relacionados","-","promoção de smartphone samsung","pt","br","0","-"
2405,"Smartphone","Google","Termos relacionados","-","smartphone samsung k zoom","pt","br","0","-"
2406,"Smartphone","Google","Termos relacionados","-","smartphone xiaomi redmi note 12 5g","pt","br","0","-"
2407,"Smartphone","Google","Termos relacionados","-","smartphone motorola moto g75 5g 256gb 16gb","pt","br","0","-"
2408,"Smartphone","Google","Termos relacionados","-","smartphone xiaomi redmi note 14 8gb ram 256gb rom","pt","br","0","-"
2409,"Smartphone","Google","Termos relacionados","-","smartphone xiaomi poco x6 pro","pt","br","0","-"
2410,"Smartphone","Google","Termos relacionados","-","impressora smartphone","pt","br","0","-"
2411,"Smartphone","Google","Termos relacionados","-","smartphone motorola moto g7 play 32gb","pt","br","0","-"
2412,"Smartphone","Google","Termos relacionados","-","smartphone samsung galaxy a55 5g 256gb 8gb ram","pt","br","0","-"
2413,"Smartphone","Google","Termos relacionados","-","smartphone 128 gb em promoção","pt","br","0","-"
2414,"Smartphone","Google","Termos relacionados","-","smartphone 600 reais","pt","br","0","-"
2415,"Smartphone","Google","Termos relacionados","-","smartphone com melhor custo benefício","pt","br","0","-"
2416,"Smartphone","Google","Termos relacionados","-","smartphone samsung a55 128gb","pt","br","0","-"
2417,"Smartphone","Google","Termos relacionados","-","smartphone via satélite","pt","br","0","-"
2418,"Smartphone","Google","Termos relacionados","-","smartphone g84","pt","br","0","-"
2419,"Smartphone","Google","Termos relacionados","-","smartphone itel a70","pt","br","0","-"
2420,"Smartphone","Google","Termos relacionados","-","smartphone motorola moto g84 256gb","pt","br","0","-"
2421,"Smartphone","Google","Termos relacionados","-","smartphone samsung galaxy a55 5g 128gb","pt","br","0","-"
2422,"Smartphone","Google","Termos relacionados","-","smartphone infinix note 40 pro","pt","br","0","-"
2423,"Smartphone","Google","Termos relacionados","-","smartphone 5g 256gb 16gb ram","pt","br","0","-"
2424,"Smartphone","Google","Termos relacionados","-","smartphone com 256gb","pt","br","0","-"
2425,"Smartphone","Google","Termos relacionados","-","smartphone samsung a20","pt","br","0","-"
2426,"Smartphone","Google","Termos relacionados","-","smartphone xiaomi mi 13 pro","pt","br","0","-"
2427,"Smartphone","Google","Termos relacionados","-","smartphone xiaomi redmi note 13 8 gb ram","pt","br","0","-"
2428,"Smartphone","Google","Termos relacionados","-","smartphone samsung a51","pt","br","0","-"
2429,"Smartphone","Google","Termos relacionados","-","smartphone samsung m53","pt","br","0","-"
2430,"Smartphone","Google","Termos relacionados","-","smartphone 8gb ram 128gb","pt","br","0","-"
2431,"Smartphone","Google","Termos relacionados","-","smartphone crianças","pt","br","0","-"
2432,"Smartphone","Google","Termos relacionados","-","smartphone samsung galaxy 5g","pt","br","0","-"
2433,"Smartphone","Google","Termos relacionados","-","samsung galaxy s21 ultra 5g smartphone","pt","br","0","-"
2434,"Smartphone","Google","Termos relacionados","-","smartphone no boleto parcelado","pt","br","0","-"
2435,"Smartphone","Google","Termos relacionados","-","smartphone oppo reno 13f 5g 256gb 12gb ram","pt","br","0","-"
2436,"Smartphone","Google","Termos relacionados","-","smartphone xiaomi 15 ultra 5g 1tb 16gb ram","pt","br","0","-"
2437,"Smartphone","Google","Termos relacionados","-","smartphone inquebrável","pt","br","0","-"
2438,"Smartphone","Google","Termos relacionados","-","smartphone tradução","pt","br","0","-"
2439,"Smartphone","Google","Termos relacionados","-","smartphone huawei pura 80 ultra","pt","br","0","-"
2440,"Smartphone","Google","Termos relacionados","-","smartphone xiaomi 128 gb","pt","br","0","-"
2441,"Smartphone","Google","Termos relacionados","-","smartphone samsung galaxy s23 512gb","pt","br","0","-"
2442,"Smartphone","Google","Termos relacionados","-","smartphone até 700","pt","br","0","-"
2443,"Smartphone","Google","Termos relacionados","-","smartphone no carrefour","pt","br","0","-"
2444,"Smartphone","Google","Termos relacionados","-","smartphone 14c","pt","br","0","-"
2445,"Smartphone","Google","Termos relacionados","-","smartphone tcl 30 5g","pt","br","0","-"
2446,"Smartphone","Google","Termos relacionados","-","smartphone mais vendido 2024","pt","br","0","-"
2447,"Smartphone","Google","Termos relacionados","-","smartphone realme 12","pt","br","0","-"
2448,"Smartphone","Google","Termos relacionados","-","smartphone harry potter","pt","br","0","-"
2449,"Smartphone","Google","Termos relacionados","-","smartphone a5","pt","br","0","-"
2450,"Smartphone","Google","Termos relacionados","-","smartphone 256gb 8gb ram xiaomi","pt","br","0","-"
2451,"Smartphone","Google","Termos relacionados","-","smartphone motorola moto e13","pt","br","0","-"
2452,"Smartphone","Google","Termos relacionados","-","smartphone importado","pt","br","0","-"
2453,"Smartphone","Google","Termos relacionados","-","smartphone com tv","pt","br","0","-"
2454,"Smartphone","Google","Termos relacionados","-","smartphone samsung a03","pt","br","0","-"
2455,"Smartphone","Google","Termos relacionados","-","smartphone xiaomi 12","pt","br","0","-"
2456,"Smartphone","Google","Termos relacionados","-","smartphone infinix hot 11s é bom","pt","br","0","-"
2457,"Smartphone","Google","Termos relacionados","-","smartphone motorola moto g54 256gb","pt","br","0","-"
2458,"Smartphone","Google","Termos relacionados","-","smartphone da sony","pt","br","0","-"
2459,"Smartphone","Google","Termos relacionados","-","smartphone xiaomi note 13 pro","pt","br","0","-"
2460,"Smartphone","Google","Termos relacionados","-","smartphone infinix hot 40 pro","pt","br","0","-"
2461,"Smartphone","Google","Termos relacionados","-","smartphone xiaomi redmi 9c 32gb","pt","br","0","-"
2462,"Smartphone","Google","Termos relacionados","-","smartphone moto g32 128gb motorola","pt","br","0","-"
2463,"Smartphone","Google","Termos relacionados","-","smartphone samsung galaxy a5 2015","pt","br","0","-"
2464,"Smartphone","Google","Termos relacionados","-","smartphone motorola moto g04s 128gb grafite 4gb ram","pt","br","0","-"
2465,"Smartphone","Google","Termos relacionados","-","smartphone xiaomi 14c","pt","br","0","-"
2466,"Smartphone","Google","Termos relacionados","-","smartphone com bateria de longa duração","pt","br","0","-"
2467,"Smartphone","Google","Termos relacionados","-","smartphone samsung galaxy s24 plus","pt","br","0","-"
2468,"Smartphone","Google","Termos relacionados","-","smartphone j3","pt","br","0","-"
2469,"Smartphone","Google","Termos relacionados","-","smartphone reembalado","pt","br","0","-"
2470,"Smartphone","Google","Termos relacionados","-","smartphone samsung s25 fe","pt","br","0","-"
2471,"Smartphone","Google","Termos relacionados","-","smartphone motorola 256gb 8gb ram","pt","br","0","-"
2472,"Smartphone","Google","Termos relacionados","-","samsung galaxy s23 fe 5g smartphone","pt","br","0","-"
2473,"Smartphone","Google","Termos relacionados","-","smartphone tim promoção","pt","br","0","-"
2474,"Smartphone","Google","Termos relacionados","-","smartphone multilaser g max 2","pt","br","0","-"
2475,"Smartphone","Google","Termos relacionados","-","smartphone a10","pt","br","0","-"
2476,"Smartphone","Google","Termos relacionados","-","smartphone xiaomi 13t pro","pt","br","0","-"
2477,"Smartphone","Google","Termos relacionados","-","smartphone poco x5","pt","br","0","-"
2478,"Smartphone","Google","Termos relacionados","-","smartphone samsung a52","pt","br","0","-"
2479,"Smartphone","Google","Termos relacionados","-","smartphone motorola g22","pt","br","0","-"
2480,"Smartphone","Google","Termos relacionados","-","smartphone tela 6.8","pt","br","0","-"
2481,"Smartphone","Google","Termos relacionados","-","smartphone atacado","pt","br","0","-"
2482,"Smartphone","Google","Termos relacionados","-","smartphone zenfone","pt","br","0","-"
2483,"Smartphone","Google","Termos relacionados","-","smartphone poco m6 pro","pt","br","0","-"
2484,"Smartphone","Google","Termos relacionados","-","smartphone xiaomi redmi note 13 pro 4g 8 256 gb","pt","br","0","-"
2485,"Smartphone","Google","Termos relacionados","-","smartphone samsung e5","pt","br","0","-"
2486,"Smartphone","Google","Termos relacionados","-","smartphone moto g60","pt","br","0","-"
2487,"Smartphone","Google","Termos relacionados","-","smartphone xiaomi redmi note 13 8gb ram 256gb","pt","br","0","-"
2488,"Smartphone","Google","Termos relacionados","-","smartphone motorola g5","pt","br","0","-"
2489,"Smartphone","Google","Termos relacionados","-","smartphone infinix smart 6","pt","br","0","-"
2490,"Smartphone","Google","Termos relacionados","-","smartphone de 256gb","pt","br","0","-"
2491,"Smartphone","Google","Termos relacionados","-","x6 pro smartphone","pt","br","0","-"
2492,"Smartphone","Google","Termos relacionados","-","smartphone samsung galaxy a15 4g 128gb azul escuro","pt","br","0","-"
2493,"Smartphone","Google","Termos relacionados","-","smartphone com 8gb de ram","pt","br","0","-"
2494,"Smartphone","Google","Termos relacionados","-","smartphone parecido com iphone","pt","br","0","-"
2495,"Smartphone","Google","Termos relacionados","-","smartphone motorola moto g35 5g 256gb 12gb ram boost","pt","br","0","-"
2496,"Smartphone","Google","Termos relacionados","-","smartphone note 13","pt","br","0","-"
2497,"Smartphone","Google","Termos relacionados","-","smartphone xiaomi redmi note 11","pt","br","0","-"
2498,"Smartphone","Google","Termos relacionados","-","smartphone 5g promoção","pt","br","0","-"
2499,"Smartphone","Google","Termos relacionados","-","smartphone 6000mah","pt","br","0","-"
2500,"Smartphone","Google","Termos relacionados","-","smartphone xiaomi 14 pro","pt","br","0","-"
2501,"Smartphone","Google","Termos relacionados","-","smartphone samsung galaxy a15 4g 128gb","pt","br","0","-"
2502,"Smartphone","Google","Termos relacionados","-","smartphone até 300 reais","pt","br","0","-"
2503,"Smartphone","Google","Termos relacionados","-","smartphone samsung 256","pt","br","0","-"
2504,"Smartphone","Google","Termos relacionados","-","smartphone motorola moto g41 128gb","pt","br","0","-"
2505,"Smartphone","Google","Termos relacionados","-","smartphone a15 samsung","pt","br","0","-"
2506,"Smartphone","Google","Termos relacionados","-","smartphone indestrutível 5g","pt","br","0","-"
2507,"Smartphone","Google","Termos relacionados","-","smartphone trocafone","pt","br","0","-"
2508,"Smartphone","Google","Termos relacionados","-","smartphone apple iphone 14 pro max 128gb","pt","br","0","-"
2509,"Smartphone","Google","Termos relacionados","-","smartphone redmi note 12","pt","br","0","-"
2510,"Smartphone","Google","Termos relacionados","-","smartphone 12","pt","br","0","-"
2511,"Smartphone","Google","Termos relacionados","-","smartphone ate 2500","pt","br","0","-"
2512,"Smartphone","Google","Termos relacionados","-","smartphone a6","pt","br","0","-"
2513,"Smartphone","Google","Termos relacionados","-","smartphone xiaomi poco c65","pt","br","0","-"
2514,"Smartphone","Google","Termos relacionados","-","smartphone oppo a79","pt","br","0","-"
2515,"Smartphone","Google","Termos relacionados","-","smartphone 6gb ram 128gb","pt","br","0","-"
2516,"Smartphone","Google","Termos relacionados","-","logo smartphone","pt","br","0","-"
2517,"Smartphone","Google","Termos relacionados","-","smartphone z flip","pt","br","0","-"
2518,"Smartphone","Google","Termos relacionados","-","smartphone a","pt","br","0","-"
2519,"Smartphone","Google","Termos relacionados","-","smartphone s20","pt","br","0","-"
2520,"Smartphone","Google","Termos relacionados","-","smartphone lg velvet","pt","br","0","-"
2521,"Smartphone","Google","Termos relacionados","-","smartphone samsung m55 256gb","pt","br","0","-"
2522,"Smartphone","Google","Termos relacionados","-","smartphone motorola moto e7 plus 64gb","pt","br","0","-"
2523,"Smartphone","Google","Termos relacionados","-","smartphone iptv","pt","br","0","-"
2524,"Smartphone","Google","Termos relacionados","-","smartphone motorola edge 40","pt","br","0","-"
2525,"Smartphone","Google","Termos relacionados","-","smartphone oppo reno 13 pro","pt","br","0","-"
2526,"Smartphone","Google","Termos relacionados","-","smartphone asus zenfone 9","pt","br","0","-"
2527,"Smartphone","Google","Termos relacionados","-","smartphone para idoso com whatsapp","pt","br","0","-"
2528,"Smartphone","Google","Termos relacionados","-","smartphone motorola promoção","pt","br","0","-"
2529,"Smartphone","Google","Termos relacionados","-","smartphone xiaomi poco x6","pt","br","0","-"
2530,"Smartphone","Google","Termos relacionados","-","smartphone xiaomi poco x7 pro 5g 12gb 512gb amarelo","pt","br","0","-"
2531,"Smartphone","Google","Termos relacionados","-","smartphone resistente a queda","pt","br","0","-"
2532,"Smartphone","Google","Termos relacionados","-","smartphone samsung m15","pt","br","0","-"
2533,"Smartphone","Google","Termos relacionados","-","qual o melhor smartphone 2025","pt","br","0","-"
2534,"Smartphone","Google","Termos relacionados","-","smartphone moto g05 128gb","pt","br","0","-"
2535,"Smartphone","Google","Termos relacionados","-","smartphone esim","pt","br","0","-"
2536,"Smartphone","Google","Termos relacionados","-","smartphone grande","pt","br","0","-"
2537,"Smartphone","Google","Termos relacionados","-","smartphone riachuelo","pt","br","0","-"
2538,"Smartphone","Google","Termos relacionados","-","smartphone zenfone 3 zoom","pt","br","0","-"
2539,"Smartphone","Google","Termos relacionados","-","smartphone melhor preço","pt","br","0","-"
2540,"Smartphone","Google","Termos relacionados","-","smartphone samsung a50","pt","br","0","-"
2541,"Smartphone","Google","Termos relacionados","-","smartphone multi g max","pt","br","0","-"
2542,"Smartphone","Google","Termos relacionados","-","smartphone dobrável xiaomi","pt","br","0","-"
2543,"Smartphone","Google","Termos relacionados","-","smartphone xiaomi em promoção","pt","br","0","-"
2544,"Smartphone","Google","Termos relacionados","-","smartphone oppo a58 256gb","pt","br","0","-"
2545,"Smartphone","Google","Termos relacionados","-","smartphone vivo x100 pro","pt","br","0","-"
2546,"Smartphone","Google","Termos relacionados","-","smartphone motorola moto g 200 256gb","pt","br","0","-"
2547,"Smartphone","Google","Termos relacionados","-","smartphone promoção relâmpago hoje","pt","br","0","-"
2548,"Smartphone","Google","Termos relacionados","-","smartphone 16gb ram 256gb","pt","br","0","-"
2549,"Smartphone","Google","Termos relacionados","-","smartphone samsung galaxy s22 ultra","pt","br","0","-"
2550,"Smartphone","Google","Termos relacionados","-","smartphone samsung galaxy a35 256gb","pt","br","0","-"
2551,"Smartphone","Google","Termos relacionados","-","smartphone motorola moto g6 plus 64gb","pt","br","0","-"
2552,"Smartphone","Google","Termos relacionados","-","smartphone shopee","pt","br","0","-"
2553,"Smartphone","Google","Termos relacionados","-","smartphone samsung dobrável","pt","br","0","-"
2554,"Smartphone","Google","Termos relacionados","-","smartphone elon musk","pt","br","0","-"
2555,"Smartphone","Google","Termos relacionados","-","riachuelo smartphone","pt","br","0","-"
2556,"Smartphone","Google","Termos relacionados","-","smartphone a14","pt","br","0","-"
2557,"Smartphone","Google","Termos relacionados","-","smartphone xiaomi redmi note 14 8gb ram 256gb preto","pt","br","0","-"
2558,"Smartphone","Google","Termos relacionados","-","smartphone samsung galaxy s25 ultra 12gb ram 5g","pt","br","0","-"
2559,"Smartphone","Google","Termos relacionados","-","o melhor smartphone","pt","br","0","-"
2560,"Smartphone","Google","Termos relacionados","-","smartphone s20 fe","pt","br","0","-"
2561,"Smartphone","Google","Termos relacionados","-","smartphone com snapdragon 8 elite","pt","br","0","-"
2562,"Smartphone","Google","Termos relacionados","-","olx smartphone","pt","br","0","-"
2563,"Smartphone","Google","Termos relacionados","-","smartphone samsung galaxy s21 fe 5g 128 gb","pt","br","0","-"
2564,"Smartphone","Google","Termos relacionados","-","htc smartphone","pt","br","0","-"
2565,"Smartphone","Google","Termos relacionados","-","smartphone samsung a12","pt","br","0","-"
2566,"Smartphone","Google","Termos relacionados","-","smartphone lg antigo","pt","br","0","-"
2567,"Smartphone","Google","Termos relacionados","-","smartphone honor x8b","pt","br","0","-"
2568,"Smartphone","Google","Termos relacionados","-","smartphone note","pt","br","0","-"
2569,"Smartphone","Google","Termos relacionados","-","menor smartphone","pt","br","0","-"
2570,"Smartphone","Google","Termos relacionados","-","smartphone samsung galaxy s23 fe 128gb 5g","pt","br","0","-"
2571,"Smartphone","Google","Termos relacionados","-","smartphone moto g04 128gb 4gb ram motorola","pt","br","0","-"
2572,"Smartphone","Google","Termos relacionados","-","smartphone barato motorola","pt","br","0","-"
2573,"Smartphone","Google","Termos relacionados","-","smartphone lg 5g","pt","br","0","-"
2574,"Smartphone","Google","Termos relacionados","-","top smartphone 2024","pt","br","0","-"
2575,"Smartphone","Google","Termos relacionados","-","smartphone motorola moto g56 5g 256gb 24gb","pt","br","0","-"
2576,"Smartphone","Google","Termos relacionados","-","smartphone xiaomi redmi note 12 pro 5g 256gb","pt","br","0","-"
2577,"Smartphone","Google","Termos relacionados","-","restaura cell conserto assistência técnica celular smartphone multimarcas","pt","br","0","-"
2578,"Smartphone","Google","Termos relacionados","-","smartphone diferença entre celular","pt","br","0","-"
2579,"Smartphone","Google","Termos relacionados","-","smartphone samsung galaxy a17 5g ram","pt","br","0","-"
2580,"Smartphone","Google","Termos relacionados","-","smartphone lojas cem","pt","br","0","-"
2581,"Smartphone","Google","Termos relacionados","-","smartphone motorola razr 40 5g 256gb ram 8gb","pt","br","0","-"
2582,"Smartphone","Google","Termos relacionados","-","smartphone a16 5g","pt","br","0","-"
2583,"Smartphone","Google","Termos relacionados","-","smartphone com nfc e 5g","pt","br","0","-"
2584,"Smartphone","Google","Termos relacionados","-","smartphone xiaomi redmi 9 64 gb","pt","br","0","-"
2585,"Smartphone","Google","Termos relacionados","-","smartphone 13","pt","br","0","-"
2586,"Smartphone","Google","Termos relacionados","-","smartphone qwerty","pt","br","0","-"
2587,"Smartphone","Google","Termos relacionados","-","smartphone xiaomi redmi 13c 256gb","pt","br","0","-"
2588,"Smartphone","Google","Termos relacionados","-","smartphone motorola razr 40","pt","br","0","-"
2589,"Smartphone","Google","Termos relacionados","-","smartphone com projetor","pt","br","0","-"
2590,"Smartphone","Google","Termos relacionados","-","smartphone a32","pt","br","0","-"
2591,"Smartphone","Google","Termos relacionados","-","smartphone google pixel 9 pro","pt","br","0","-"
2592,"Smartphone","Google","Termos relacionados","-","smartphone 128gb 5g menor preço","pt","br","0","-"
2593,"Smartphone","Google","Termos relacionados","-","smartphone samsung a05s 128gb","pt","br","0","-"
2594,"Smartphone","Google","Termos relacionados","-","smartphone motorola 8gb ram","pt","br","0","-"
2595,"Smartphone","Google","Termos relacionados","-","smartphone nokia 5g","pt","br","0","-"
2596,"Smartphone","Google","Termos relacionados","-","smartphone apple iphone 15 128gb","pt","br","0","-"
2597,"Smartphone","Google","Termos relacionados","-","smartphone samsung galaxy m35 5g 256gb 8gb ram","pt","br","0","-"
2598,"Smartphone","Google","Termos relacionados","-","smartphone xiaomi poco c85","pt","br","0","-"
2599,"Smartphone","Google","Termos relacionados","-","smartphone samsung mercadolivre","pt","br","0","-"
2600,"Smartphone","Google","Termos relacionados","-","smartphone samsung galaxy s26","pt","br","0","-"
2601,"Smartphone","Google","Termos relacionados","-","promoção celular smartphone","pt","br","0","-"
2602,"Smartphone","Google","Termos relacionados","-","quando foi criado o smartphone","pt","br","0","-"
2603,"Smartphone","Google","Termos relacionados","-","smartphone motorola g34","pt","br","0","-"
2604,"Smartphone","Google","Termos relacionados","-","vs smartphone","pt","br","0","-"
2605,"Smartphone","Google","Termos relacionados","-","smartphone tcl 60 se","pt","br","0","-"
2606,"Smartphone","Google","Termos relacionados","-","smartphone samsung galaxy a25","pt","br","0","-"
2607,"Smartphone","Google","Termos relacionados","-","smartphone 16gb ram 512gb","pt","br","0","-"
2608,"Smartphone","Google","Termos relacionados","-","melhor smartphone 2025 custo beneficio","pt","br","0","-"
2609,"Smartphone","Google","Termos relacionados","-","smartphone motorola moto g100 256gb","pt","br","0","-"
2610,"Smartphone","Google","Termos relacionados","-","comparação smartphone","pt","br","0","-"
2611,"Smartphone","Google","Termos relacionados","-","o que é smartphone e iphone","pt","br","0","-"
2612,"Smartphone","Google","Termos relacionados","-","smartphone xiaomi poco x6 5g 256gb 8gb ram","pt","br","0","-"
2613,"Smartphone","Google","Termos relacionados","-","quando o smartphone foi criado","pt","br","0","-"
2614,"Smartphone","Google","Termos relacionados","-","smartphone tcl 40 nxtpaper","pt","br","0","-"
2615,"Smartphone","Google","Termos relacionados","-","modelos de smartphone samsung","pt","br","0","-"
2616,"Smartphone","Google","Termos relacionados","-","melhor preço smartphone","pt","br","0","-"
2617,"Smartphone","Google","Termos relacionados","-","smartphone samsung galaxy z flip6 5g","pt","br","0","-"
2618,"Smartphone","Google","Termos relacionados","-","leilão smartphone","pt","br","0","-"
2619,"Smartphone","Google","Termos relacionados","-","smartphone motorola g06","pt","br","0","-"
2620,"Smartphone","Google","Termos relacionados","-","melhor smartphone samsung 2025","pt","br","0","-"
2621,"Smartphone","Google","Termos relacionados","-","smartphone resistencia militar","pt","br","0","-"
2622,"Smartphone","Google","Termos relacionados","-","black friday smartphone samsung","pt","br","0","-"
2623,"Smartphone","Google","Termos relacionados","-","smartphone samsung galaxy a26 256gb 5g","pt","br","0","-"
2624,"Smartphone","Google","Termos relacionados","-","smartphone criança","pt","br","0","-"
2625,"Smartphone","Google","Termos relacionados","-","smartphone prova d água","pt","br","0","-"
2626,"Smartphone","Google","Termos relacionados","-","smartphone barato 5g","pt","br","0","-"
2627,"Smartphone","Google","Termos relacionados","-","smartphone xiaomi poco c75 ram dual sim tela","pt","br","0","-"
2628,"Smartphone","Google","Termos relacionados","-","smartphone na tim","pt","br","0","-"
2629,"Smartphone","Google","Termos relacionados","-","smartphone xiaomi 14t 5g 512gb 12gb global","pt","br","0","-"
2630,"Smartphone","Google","Termos relacionados","-","smartphone em promoção 256gb","pt","br","0","-"
2631,"Smartphone","Google","Termos relacionados","-","smartphone honor magic 7 pro","pt","br","0","-"
2632,"Smartphone","Google","Termos relacionados","-","smartphone 128 gb samsung","pt","br","0","-"
2633,"Smartphone","Google","Termos relacionados","-","smartphone infinix hot 50","pt","br","0","-"
2634,"Smartphone","Google","Termos relacionados","-","smartphone samsung s25 256gb","pt","br","0","-"
2635,"Smartphone","Google","Termos relacionados","-","smartphone motorola one fusion","pt","br","0","-"
2636,"Smartphone","Google","Termos relacionados","-","smartphone 6.1 polegadas","pt","br","0","-"
2637,"Smartphone","Google","Termos relacionados","-","smartphone com teclado qwerty","pt","br","0","-"
2638,"Smartphone","Google","Termos relacionados","-","smartphone lumia","pt","br","0","-"
2639,"Smartphone","Google","Termos relacionados","-","smartphone 4k","pt","br","0","-"
2640,"Smartphone","Google","Termos relacionados","-","melhor smartphone para idosos","pt","br","0","-"
2641,"Smartphone","Google","Termos relacionados","-","imposto sobre smartphone","pt","br","0","-"
2642,"Smartphone","Google","Termos relacionados","-","smartphone samsung a07 256gb","pt","br","0","-"
2643,"Smartphone","Google","Termos relacionados","-","smartphone samsung galaxy a54","pt","br","0","-"
2644,"Smartphone","Google","Termos relacionados","-","celular do idoso smartphone fácil usar 32gb botão grande zte","pt","br","0","-"
2645,"Smartphone","Google","Termos relacionados","-","bemol smartphone","pt","br","0","-"
2646,"Smartphone","Google","Termos relacionados","-","smartphone motorola moto g35 256gb","pt","br","0","-"
2647,"Smartphone","Google","Termos relacionados","-","smartphone a56 samsung","pt","br","0","-"
2648,"Smartphone","Google","Termos relacionados","-","smartphone motorola razr 60 ultra 5g","pt","br","0","-"
2649,"Smartphone","Google","Termos relacionados","-","smartphone infinix hot","pt","br","0","-"
2650,"Smartphone","Google","Termos relacionados","-","smartphone motorola g35 256gb","pt","br","0","-"
2651,"Smartphone","Google","Termos relacionados","-","smartphone realme c61 ram","pt","br","0","-"
2652,"Smartphone","Google","Termos relacionados","-","smartphone xiaomi é bom","pt","br","0","-"
2653,"Smartphone","Google","Termos relacionados","-","quando surgiu o primeiro smartphone","pt","br","0","-"
2654,"Smartphone","Google","Termos relacionados","-","smartphone doogee v max","pt","br","0","-"
2655,"Smartphone","Google","Termos relacionados","-","smartphone multilaser g max 2 4g","pt","br","0","-"
2656,"Smartphone","Google","Termos relacionados","-","smartphone barato e bom 2024","pt","br","0","-"
2657,"Smartphone","Google","Termos relacionados","-","motorola moto g24 dual sim gsm unlocked smartphone","pt","br","0","-"
2658,"Smartphone","Google","Termos relacionados","-","smartphone xiaomi poco x6 pro 5g 12gb 512gb nfc","pt","br","0","-"
2659,"Smartphone","Google","Termos relacionados","-","smartphone oppo reno 13f","pt","br","0","-"
2660,"Smartphone","Google","Termos relacionados","-","in another world with my smartphone manga","pt","br","0","-"
2661,"Smartphone","Google","Termos relacionados","-","smartphone motorola edge 50 fusion 5g 256gb","pt","br","0","-"
2662,"Smartphone","Google","Termos relacionados","-","iphone apple smartphone","pt","br","0","-"
2663,"Smartphone","Google","Termos relacionados","-","smartphone oppo find x9 pro 5g 512gb 16gb ram","pt","br","0","-"
2664,"Smartphone","Google","Termos relacionados","-","smartphone mais vendido 2025","pt","br","0","-"
2665,"Smartphone","Google","Termos relacionados","-","smartphone quadrado","pt","br","0","-"
2666,"Smartphone","Google","Termos relacionados","-","smartphone motorola razr 50 5g 512gb 24gb ram boost","pt","br","0","-"
2667,"Smartphone","Google","Termos relacionados","-","smartphone xiaomi x7 pro","pt","br","0","-"
2668,"Smartphone","Google","Termos relacionados","-","smartphone loja cem","pt","br","0","-"
2669,"Smartphone","Google","Termos relacionados","-","smartphone 5g promocao","pt","br","0","-"
2670,"Smartphone","Google","Termos relacionados","-","smartphone 12gb ram 512gb","pt","br","0","-"
2671,"Smartphone","Google","Termos relacionados","-","smartphone moto g22","pt","br","0","-"
2672,"Smartphone","Google","Termos relacionados","-","smartphone motorola g6","pt","br","0","-"
2673,"Smartphone","Google","Termos relacionados","-","cooler smartphone","pt","br","0","-"
2674,"Smartphone","Google","Termos relacionados","-","smartphone iphone 15","pt","br","0","-"
2675,"Smartphone","Google","Termos relacionados","-","smartphone samsung galaxy a80 128gb","pt","br","0","-"
2676,"Smartphone","Google","Termos relacionados","-","smartphone tycoon","pt","br","0","-"
2677,"Smartphone","Google","Termos relacionados","-","smartphone windows","pt","br","0","-"
2678,"Smartphone","Google","Termos relacionados","-","smartphone bom custo benefício","pt","br","0","-"
2679,"Smartphone","Google","Termos relacionados","-","comprar smartphone motorola","pt","br","0","-"
2680,"Smartphone","Google","Termos relacionados","-","smartphone outlet","pt","br","0","-"
2681,"Smartphone","Google","Termos relacionados","-","smartphone motorola edge 60 pro 5g 512gb 12gb ram violeta","pt","br","0","-"
2682,"Smartphone","Google","Termos relacionados","-","smartphone redmi a5","pt","br","0","-"
2683,"Smartphone","Google","Termos relacionados","-","smartphone realme c61 dual sim ram","pt","br","0","-"
2684,"Smartphone","Google","Termos relacionados","-","smartphone 300 reais","pt","br","0","-"
2685,"Smartphone","Google","Termos relacionados","-","smartphone 2010","pt","br","0","-"
2686,"Smartphone","Google","Termos relacionados","-","smartphone oppo 5g","pt","br","0","-"
2687,"Smartphone","Google","Termos relacionados","-","smartphone samsung galaxy a56 5g 128gb","pt","br","0","-"
2688,"Smartphone","Google","Termos relacionados","-","smartphone 8 ram","pt","br","0","-"
2689,"Smartphone","Google","Termos relacionados","-","smartphone 8gb 256gb","pt","br","0","-"
2690,"Smartphone","Google","Termos relacionados","-","smartphone camera ranking","pt","br","0","-"
2691,"Smartphone","Google","Termos relacionados","-","smartphone 250gb","pt","br","0","-"
2692,"Smartphone","Google","Termos relacionados","-","smartphone semi novo","pt","br","0","-"
2693,"Smartphone","Google","Termos relacionados","-","avaliações sobre smartphone xiaomi redmi note 14 256gb","pt","br","0","-"
2694,"Smartphone","Google","Termos relacionados","-","celular ou smartphone","pt","br","0","-"
2695,"Smartphone","Google","Termos relacionados","-","alugar smartphone","pt","br","0","-"
2696,"Smartphone","Google","Termos relacionados","-","smartphone até 2000 reais","pt","br","0","-"
2697,"Smartphone","Google","Termos relacionados","-","smartphone vermelho","pt","br","0","-"
2698,"Smartphone","Google","Termos relacionados","-","smartphone com teclado fisico","pt","br","0","-"
2699,"Smartphone","Google","Termos relacionados","-","estabilizador zhiyun smoothq3 cardan portátil pra smartphone","pt","br","0","-"
2700,"Smartphone","Google","Termos relacionados","-","5g smartphone xiaomi","pt","br","0","-"
2701,"Smartphone","Google","Termos relacionados","-","smartphone motorola lançamento 2025","pt","br","0","-"
2702,"Smartphone","Google","Termos relacionados","-","smartphone xiaomi 15t","pt","br","0","-"
2703,"Smartphone","Google","Termos relacionados","-","smartphone promoção barato","pt","br","0","-"
2704,"Smartphone","Google","Termos relacionados","-","smartphone redmi xiaomi","pt","br","0","-"
2705,"Smartphone","Google","Termos relacionados","-","melhor smartphone até 1000 reais","pt","br","0","-"
2706,"Smartphone","Google","Termos relacionados","-","smartphone ultima geração","pt","br","0","-"
2707,"Smartphone","Google","Termos relacionados","-","smartphone realme 15t 5g 256gb 8gb","pt","br","0","-"
2708,"Smartphone","Google","Termos relacionados","-","cupom carrefour smartphone","pt","br","0","-"
2709,"Smartphone","Google","Termos relacionados","-","smartphone xiaomi redmi 15 dual sim 256gb 8gb ram","pt","br","0","-"
2710,"Smartphone","Google","Termos relacionados","-","smartphone android barato","pt","br","0","-"
2711,"Smartphone","Google","Termos relacionados","-","preço de smartphone samsung galaxy a25 5g 256gb","pt","br","0","-"
2712,"Smartphone","Google","Termos relacionados","-","smartphone xiaomi note 14 pro","pt","br","0","-"
2713,"Smartphone","Google","Termos relacionados","-","smartphone pixel 9 pro","pt","br","0","-"
2714,"Smartphone","Google","Termos relacionados","-","o que significa smartphone em português","pt","br","0","-"
2715,"Smartphone","Google","Termos relacionados","-","rastreamento smartphone google","pt","br","0","-"
2716,"Smartphone","Google","Termos relacionados","-","smartphone bateria 6000mah","pt","br","0","-"
2717,"Smartphone","Google","Termos relacionados","-","vendas de smartphone","pt","br","0","-"
2718,"Smartphone","Google","Termos relacionados","-","smartphone samsung bem avaliados","pt","br","0","-"
2719,"Smartphone","Google","Termos relacionados","-","smartphone brasileiro","pt","br","0","-"
2720,"Smartphone","Google","Termos relacionados","-","smartphone por assinatura","pt","br","0","-"
2721,"Smartphone","Google","Termos relacionados","-","smartphone realme note 60","pt","br","0","-"
2722,"Smartphone","Google","Termos relacionados","-","smartphone xiaomi casas bahia","pt","br","0","-"
2723,"Smartphone","Google","Termos relacionados","-","smartphone xiaomi note 14 pro 5g","pt","br","0","-"
2724,"Smartphone","Google","Termos relacionados","-","smartphone infinix hot 11s","pt","br","0","-"
2725,"Smartphone","Google","Termos relacionados","-","melhor smartphone do mundo","pt","br","0","-"
2726,"Smartphone","Google","Termos relacionados","-","smartphone 1000 reais","pt","br","0","-"
2727,"Smartphone","Google","Termos relacionados","-","smartphone e celular diferença","pt","br","0","-"
2728,"Smartphone","Google","Termos relacionados","-","smartphone asus rog","pt","br","0","-"
2729,"Smartphone","Google","Termos relacionados","-","smartphone realme c65","pt","br","0","-"
2730,"Smartphone","Google","Termos relacionados","-","smartphone xiaomi lançamento 2025","pt","br","0","-"
2731,"Smartphone","Google","Termos relacionados","-","smartphone samsung rosa","pt","br","0","-"
2732,"Smartphone","Google","Termos relacionados","-","cupom smartphone","pt","br","0","-"
2733,"Smartphone","Google","Termos relacionados","-","smartphone barato 256gb","pt","br","0","-"
2734,"Smartphone","Google","Termos relacionados","-","google pixel smartphone","pt","br","0","-"
2735,"Smartphone","Google","Termos relacionados","-","smartphone motorola g56 256gb","pt","br","0","-"
2736,"Smartphone","Google","Termos relacionados","-","smartphone 5''","pt","br","0","-"
2737,"Smartphone","Google","Termos relacionados","-","smartphone ou iphone","pt","br","0","-"
2738,"Smartphone","Google","Termos relacionados","-","smartphone realme 14","pt","br","0","-"
2739,"Smartphone","Google","Termos relacionados","-","qual o melhor smartphone custo benefício 2024","pt","br","0","-"
2740,"Smartphone","Google","Termos relacionados","-","smartphone s24 ultra 512gb","pt","br","0","-"
2741,"Smartphone","Google","Termos relacionados","-","melhor smartphone bateria","pt","br","0","-"
2742,"Smartphone","Google","Termos relacionados","-","smartphone infinix gt 20 pro","pt","br","0","-"
2743,"Smartphone","Google","Termos relacionados","-","o que smartphone celular","pt","br","0","-"
2744,"Smartphone","Google","Termos relacionados","-","smartphone 32gb ram","pt","br","0","-"
2745,"Smartphone","Google","Termos relacionados","-","smartphone vetor","pt","br","0","-"
2746,"Smartphone","Google","Termos relacionados","-","smartphone na magazine luiza","pt","br","0","-"
2747,"Smartphone","Google","Termos relacionados","-","smartphone xiaomi poco x6 5g 256gb 8gb branco","pt","br","0","-"
2748,"Smartphone","Google","Termos relacionados","-","preço de smartphone xiaomi redmi 14c 256gb ram","pt","br","0","-"
2749,"Smartphone","Google","Termos relacionados","-","smartphone 400 reais","pt","br","0","-"
2750,"Smartphone","Google","Termos relacionados","-","smartphone xiaomi lançamento 2024","pt","br","0","-"
2751,"Smartphone","Google","Termos relacionados","-","smartphone poco x6 pro 5g 512gb","pt","br","0","-"
2752,"Smartphone","Google","Termos relacionados","-","smartphone redmi 15c","pt","br","0","-"
2753,"Smartphone","Google","Termos relacionados","-","preço de smartphone motorola moto g75 5g 256gb","pt","br","0","-"
2754,"Smartphone","Google","Termos relacionados","-","smartphone xiaomi note","pt","br","0","-"
2755,"Smartphone","Google","Termos relacionados","-","melhor smartphone intermediário","pt","br","0","-"
2756,"Smartphone","Google","Termos relacionados","-","smartphone samsung a06 a065 128gb 4g","pt","br","0","-"
2757,"Smartphone","Google","Termos relacionados","-","smartphone iphone 15 pro max com acessorio apple","pt","br","0","-"
2758,"Smartphone","Google","Termos relacionados","-","smartphone realme gt7 pro rmx5011 5g dual sim","pt","br","0","-"
2759,"Smartphone","Google","Termos relacionados","-","smartphone tim black","pt","br","0","-"
2760,"Smartphone","Google","Termos relacionados","-","central de alarme intelbras anm 24 net via smartphone","pt","br","0","-"
2761,"Smartphone","Google","Termos relacionados","-","smartphone em português","pt","br","0","-"
2762,"Smartphone","Google","Termos relacionados","-","smartphone samsung galaxy a36 256gb 5g 8gb ram","pt","br","0","-"
2763,"Smartphone","Google","Termos relacionados","-","smartphone asus zenfone 5 dual chip android 8.0 tela 6.2","pt","br","0","-"
2764,"Smartphone","Google","Termos relacionados","-","smartphone nokia 5.4","pt","br","0","-"
2765,"Smartphone","Google","Termos relacionados","-","red magic smartphone","pt","br","0","-"
2766,"Smartphone","Google","Termos relacionados","-","smartphone samsung j2 prime","pt","br","0","-"
2767,"Smartphone","Google","Termos relacionados","-","smartphone 4 polegadas","pt","br","0","-"
2768,"Smartphone","Google","Termos relacionados","-","smartphone 9","pt","br","0","-"
2769,"Smartphone","Google","Termos relacionados","-","smartphone lg k61","pt","br","0","-"
2770,"Smartphone","Google","Termos relacionados","-","smartphone moto g75 5g 256gb vegan leather cor azul motorola","pt","br","0","-"
2771,"Smartphone","Google","Termos relacionados","-","smartphone 6.8 polegadas","pt","br","0","-"
2772,"Smartphone","Google","Termos relacionados","-","cupom de desconto smartphone","pt","br","0","-"
2773,"Smartphone","Google","Termos relacionados","-","realme c61 smartphone","pt","br","0","-"
2774,"Smartphone","Google","Termos relacionados","-","melhor smartphone ate 1200","pt","br","0","-"
2775,"Smartphone","Google","Termos relacionados","-","smartphone básico","pt","br","0","-"
2776,"Smartphone","Google","Termos relacionados","-","smartphone samsung a02","pt","br","0","-"
2777,"Smartphone","Google","Termos relacionados","-","smartphone o que significa","pt","br","0","-"
2778,"Smartphone","Google","Termos relacionados","-","smartphone a01","pt","br","0","-"
2779,"Smartphone","Google","Termos relacionados","-","smartphone 2 chips","pt","br","0","-"
2780,"Smartphone","Google","Termos relacionados","-","xiaomi smartphone poco m7 pro 5g 256gb","pt","br","0","-"
2781,"Smartphone","Google","Termos relacionados","-","smartphone compacto 2025","pt","br","0","-"
2782,"Smartphone","Google","Termos relacionados","-","smartphone motorola bom e barato","pt","br","0","-"
2783,"Smartphone","Google","Termos relacionados","-","smartphone honor magic","pt","br","0","-"
2784,"Smartphone","Google","Termos relacionados","-","smartphone samsung j5","pt","br","0","-"
2785,"Smartphone","Google","Termos relacionados","-","celular casas bahia smartphone","pt","br","0","-"
2786,"Smartphone","Google","Termos relacionados","-","qual smartphone é melhor samsung ou motorola","pt","br","0","-"
2787,"Smartphone","Google","Termos relacionados","-","smartphone que carrega por indução","pt","br","0","-"
2788,"Smartphone","Google","Termos relacionados","-","smartphone com certificação militar","pt","br","0","-"
2789,"Smartphone","Google","Termos relacionados","-","smartphone e iphone","pt","br","0","-"
2790,"Smartphone","Google","Termos relacionados","-","smartphone android 16","pt","br","0","-"
2791,"Smartphone","Google","Termos relacionados","-","smartphone fino e leve","pt","br","0","-"
2792,"Smartphone","Google","Termos relacionados","-","smartphone xiaomi redmi a5 128gb 4gb ram","pt","br","0","-"
2793,"Smartphone","Google","Termos relacionados","-","smartphone de flip","pt","br","0","-"
2794,"Smartphone","Google","Termos relacionados","-","smartphone a06 128gb","pt","br","0","-"
2795,"Smartphone","Google","Termos relacionados","-","smartphone xiaomi x6","pt","br","0","-"
2796,"Smartphone","Google","Termos relacionados","-","smartphone realme gt6 5g dual sim tela 6.78","pt","br","0","-"
2797,"Smartphone","Google","Termos relacionados","-","smartphone xiaomi redmi a2 32gb","pt","br","0","-"
2798,"Smartphone","Google","Termos relacionados","-","detalhes de smartphone motorola moto g15 256gb","pt","br","0","-"
2799,"Smartphone","Google","Termos relacionados","-","smartphone da realme","pt","br","0","-"
2800,"Smartphone","Google","Termos relacionados","-","smartphone keyboard","pt","br","0","-"
2801,"Smartphone","Google","Termos relacionados","-","smartphone em promoção xiaomi","pt","br","0","-"
2802,"Smartphone","Google","Termos relacionados","-","smartphone a5 oppo","pt","br","0","-"
2803,"Smartphone","Google","Termos relacionados","-","smartphone tcl l5","pt","br","0","-"
2804,"Smartphone","Google","Termos relacionados","-","smartphone finder","pt","br","0","-"
2805,"Smartphone","Google","Termos relacionados","-","melhor smartphone até 1500 reais","pt","br","0","-"
2806,"Smartphone","Google","Termos relacionados","-","smartphone redmi note 8","pt","br","0","-"
2807,"Smartphone","Google","Termos relacionados","-","smartphone a30","pt","br","0","-"
2808,"Smartphone","Google","Termos relacionados","-","realme note 50 6.74 black smartphone","pt","br","0","-"
2809,"Smartphone","Google","Termos relacionados","-","smartphone lg k52","pt","br","0","-"
2810,"Smartphone","Google","Termos relacionados","-","ex smartphone","pt","br","0","-"
2811,"Smartphone","Google","Termos relacionados","-","smartphone google pixel 10","pt","br","0","-"
2812,"Smartphone","Google","Termos relacionados","-","smartphone 8 pro","pt","br","0","-"
2813,"Smartphone","Google","Termos relacionados","-","smartphone nothing","pt","br","0","-"
2814,"Smartphone","Google","Termos relacionados","-","smartphone camera","pt","br","0","-"
2815,"Smartphone","Google","Termos relacionados","-","smartphone wikipedia","pt","br","0","-"
2816,"Smartphone","Google","Termos relacionados","-","smartphone 6.9 polegadas","pt","br","0","-"
2817,"Smartphone","Google","Termos relacionados","-","onde comprar smartphone barato","pt","br","0","-"
2818,"Smartphone","Google","Termos relacionados","-","smartphone realme c71","pt","br","0","-"
2819,"Smartphone","Google","Termos relacionados","-","smartphone 5g 256gb nfc","pt","br","0","-"
2820,"Smartphone","Google","Termos relacionados","-","smartphone 10000mah","pt","br","0","-"
2821,"Smartphone","Google","Termos relacionados","-","preço de smartphone xiaomi redmi note 14 256gb","pt","br","0","-"
2822,"Smartphone","Google","Termos relacionados","-","smartphone samsung galaxy a55 5g 256 gb","pt","br","0","-"
2823,"Smartphone","Google","Termos relacionados","-","bateria de smartphone","pt","br","0","-"
2824,"Smartphone","Google","Termos relacionados","-","smartphone honor é bom","pt","br","0","-"
2825,"Smartphone","Google","Termos relacionados","-","tipo de smartphone","pt","br","0","-"
2826,"Smartphone","Google","Termos relacionados","-","manutenção de smartphone curso","pt","br","0","-"
2827,"Smartphone","Google","Termos relacionados","-","smartphone motorola edge 40 neo 5g","pt","br","0","-"
2828,"Smartphone","Google","Termos relacionados","-","o que smartphone","pt","br","0","-"
2829,"Smartphone","Google","Termos relacionados","-","smartphone samsung pequeno","pt","br","0","-"
2830,"Smartphone","Google","Termos relacionados","-","preço de smartphone motorola moto g34 5g","pt","br","0","-"
2831,"Smartphone","Google","Termos relacionados","-","smartphone samsung z flip","pt","br","0","-"
2832,"Smartphone","Google","Termos relacionados","-","smartphone realme c75 8 gb ram","pt","br","0","-"
2833,"Smartphone","Google","Termos relacionados","-","smartphone use","pt","br","0","-"
2834,"Smartphone","Google","Termos relacionados","-","smartphone até 1200 reais","pt","br","0","-"
2835,"Smartphone","Google","Termos relacionados","-","samsung smartphone 5g","pt","br","0","-"
2836,"Smartphone","Google","Termos relacionados","-","smartphone unihertz","pt","br","0","-"
2837,"Smartphone","Google","Termos relacionados","-","locação de smartphone","pt","br","0","-"
2838,"Smartphone","Google","Termos relacionados","-","smartphone realme note 70","pt","br","0","-"
2839,"Smartphone","Google","Termos relacionados","-","smartphone c85","pt","br","0","-"
2840,"Smartphone","Google","Termos relacionados","-","smartphone tesla pi","pt","br","0","-"
2841,"Smartphone","Google","Termos relacionados","-","melhor smartphone do momento","pt","br","0","-"
2842,"Smartphone","Google","Termos relacionados","-","melhor smartphone de 2025","pt","br","0","-"
2843,"Smartphone","Google","Termos relacionados","-","smartphone custo beneficio 2026","pt","br","0","-"
2844,"Smartphone","Google","Termos relacionados","-","smartphone motorola g05 128gb","pt","br","0","-"
2845,"Smartphone","Google","Termos relacionados","-","smartphone infinix hot 30i 128gb ram 50mp","pt","br","0","-"
2846,"Smartphone","Google","Termos relacionados","-","smartphone king kong 9","pt","br","0","-"
2847,"Smartphone","Google","Termos relacionados","-","smartphone xiaomi mercado livre","pt","br","0","-"
2848,"Smartphone","Google","Termos relacionados","-","sicredi para smartphone","pt","br","0","-"
2849,"Smartphone","Google","Termos relacionados","-","smartphone 12gb","pt","br","0","-"
2850,"Smartphone","Google","Termos relacionados","-","smartphone nfc barato","pt","br","0","-"
2851,"Smartphone","Google","Termos relacionados","-","smartphone bh","pt","br","0","-"
2852,"Smartphone","Google","Termos relacionados","-","smartphone samsung em oferta","pt","br","0","-"
2853,"Smartphone","Google","Termos relacionados","-","smartphone 800 reais","pt","br","0","-"
2854,"Smartphone","Google","Termos relacionados","-","smartphone infinix note","pt","br","0","-"
2855,"Smartphone","Google","Termos relacionados","-","smartphone de 500 reais","pt","br","0","-"
2856,"Smartphone","Google","Termos relacionados","-","smartphone samsung galaxy a05s 6 7","pt","br","0","-"
2857,"Smartphone","Google","Termos relacionados","-","smartphone a07","pt","br","0","-"
2858,"Smartphone","Google","Termos relacionados","-","avaliações sobre smartphone motorola edge 60 pro 5g","pt","br","0","-"
2859,"Smartphone","Google","Termos relacionados","-","smartphone samsung ou motorola","pt","br","0","-"
2860,"Smartphone","Google","Termos relacionados","-","smartphone samsung 16gb ram","pt","br","0","-"
2861,"Smartphone","Google","Termos relacionados","-","preço de smartphone samsung galaxy a16 5g","pt","br","0","-"
2862,"Smartphone","Google","Termos relacionados","-","smartphone oppo reno","pt","br","0","-"
2863,"Smartphone","Google","Termos relacionados","-","cubot smartphone","pt","br","0","-"
2864,"Smartphone","Google","Termos relacionados","-","smartphone samsung a07 128gb","pt","br","0","-"
2865,"Smartphone","Google","Termos relacionados","-","como formatar smartphone","pt","br","0","-"
2866,"Smartphone","Google","Termos relacionados","-","smartphone infinix smart 9 128gb 8gb ram tela","pt","br","0","-"
2867,"Smartphone","Google","Termos relacionados","-","smartphone a17 samsung","pt","br","0","-"
2868,"Smartphone","Google","Termos relacionados","-","smartphone dobrável samsung","pt","br","0","-"
2869,"Smartphone","Google","Termos relacionados","-","alcatel smartphone","pt","br","0","-"
2870,"Smartphone","Google","Termos relacionados","-","smartphone aprova de água","pt","br","0","-"
2871,"Smartphone","Google","Termos relacionados","-","smartphone 16 pro max","pt","br","0","-"
2872,"Smartphone","Google","Termos relacionados","-","smartphone de última geração","pt","br","0","-"
2873,"Smartphone","Google","Termos relacionados","-","smartphone realme gt 7 16gb ram 512gb 5g verde","pt","br","0","-"
2874,"Smartphone","Google","Termos relacionados","-","smartphone motorola one","pt","br","0","-"
2875,"Smartphone","Google","Termos relacionados","-","como desbloquear smartphone","pt","br","0","-"
2876,"Smartphone","Google","Termos relacionados","-","smartphone motorola signature 6.8 512gb 5g 165hz câmera tripla 50mp","pt","br","0","-"
2877,"Smartphone","Google","Termos relacionados","-","smartphone realme c75 256gb 8gb","pt","br","0","-"
2878,"Smartphone","Google","Termos relacionados","-","smartphone samsung galaxy a16 ram","pt","br","0","-"
2879,"Smartphone","Google","Termos relacionados","-","5g smartphone motorola","pt","br","0","-"
2880,"Smartphone","Google","Termos relacionados","-","smartphone motorola razr 60 ultra","pt","br","0","-"
2881,"Smartphone","Google","Termos relacionados","-","smartphone motorola edge 60 pro 512 gb","pt","br","0","-"
2882,"Smartphone","Google","Termos relacionados","-","smartphone 1 terabyte","pt","br","0","-"
2883,"Smartphone","Google","Termos relacionados","-","smartphone a17 5g","pt","br","0","-"
2884,"Smartphone","Google","Termos relacionados","-","celular realme 15t 5g 8gb 256gb smartphone dual sim nfc","pt","br","0","-"
2885,"Smartphone","Google","Termos relacionados","-","smartphone samsung intermediário","pt","br","0","-"
2886,"Smartphone","Google","Termos relacionados","-","smartphone samsung m52","pt","br","0","-"
2887,"Smartphone","Google","Termos relacionados","-","smartphone x","pt","br","0","-"
2888,"Smartphone","Google","Termos relacionados","-","smartphone motorola one hyper 128gb","pt","br","0","-"
2889,"Smartphone","Google","Termos relacionados","-","smartphone sem camera","pt","br","0","-"
2890,"Smartphone","Google","Termos relacionados","-","smartphone a06 é bom","pt","br","0","-"
2891,"Smartphone","Google","Termos relacionados","-","smartphone e tablet","pt","br","0","-"
2892,"Smartphone","Google","Termos relacionados","-","smartphone samsung ultra","pt","br","0","-"
2893,"Smartphone","Google","Termos relacionados","-","smartphone infinix smart","pt","br","0","-"
2894,"Smartphone","Google","Termos relacionados","-","smartphone a40","pt","br","0","-"
2895,"Smartphone","Google","Termos relacionados","-","smartphone 6gb","pt","br","0","-"
2896,"Smartphone","Google","Termos relacionados","-","smartphone joystick","pt","br","0","-"
2897,"Smartphone","Google","Termos relacionados","-","smartphone iphone 13","pt","br","0","-"
2898,"Smartphone","Google","Termos relacionados","-","smartphone até 900 reais","pt","br","0","-"
2899,"Smartphone","Google","Termos relacionados","-","smartphone xiaomi redmi note 14 8gb ram 256gb azul","pt","br","0","-"
2900,"Smartphone","Google","Termos relacionados","-","smartphone do elon musk","pt","br","0","-"
2901,"Smartphone","Google","Termos relacionados","-","vivo smartphone brasil","pt","br","0","-"
2902,"Smartphone","Google","Termos relacionados","-","smartphone motorola one vision 128gb","pt","br","0","-"
2903,"Smartphone","Google","Termos relacionados","-","smartphone com boa camera","pt","br","0","-"
2904,"Smartphone","Google","Termos relacionados","-","smartphone motorola edge 50 neo 256gb","pt","br","0","-"
2905,"Smartphone","Google","Termos relacionados","-","s24 ultra smartphone","pt","br","0","-"
2906,"Smartphone","Google","Termos relacionados","-","smartphone loja vivo","pt","br","0","-"
2907,"Smartphone","Google","Termos relacionados","-","smartphone 5","pt","br","0","-"
2908,"Smartphone","Google","Termos relacionados","-","smartphone da galinha pintadinha","pt","br","0","-"
2909,"Smartphone","Google","Termos relacionados","-","smartphone samsung 12gb ram","pt","br","0","-"
2910,"Smartphone","Google","Termos relacionados","-","tablet e smartphone","pt","br","0","-"
2911,"Smartphone","Google","Termos relacionados","-","qual smartphone mais vendido no mundo","pt","br","0","-"
2912,"Smartphone","Google","Termos relacionados","-","vender smartphone usado","pt","br","0","-"
2913,"Smartphone","Google","Termos relacionados","-","smartphone 6gb ram 256gb","pt","br","0","-"
2914,"Smartphone","Google","Termos relacionados","-","smartphone i13 pro max","pt","br","0","-"
2915,"Smartphone","Google","Termos relacionados","-","smartphone que não quebra","pt","br","0","-"
2916,"Smartphone","Google","Termos relacionados","-","smartphone 7","pt","br","0","-"
2917,"Smartphone","Google","Termos relacionados","-","smartphone bateria longa duração","pt","br","0","-"
2918,"Smartphone","Google","Termos relacionados","-","smartphone xiaomi poco x7 pro 8 256gb","pt","br","0","-"
2919,"Smartphone","Google","Termos relacionados","-","smartphone samsung a17 256gb","pt","br","0","-"
2920,"Smartphone","Google","Termos relacionados","-","smartphone motorola dobravel","pt","br","0","-"
2921,"Smartphone","Google","Termos relacionados","-","smartphone samsung bom","pt","br","0","-"
2922,"Smartphone","Google","Termos relacionados","-","cordão para smartphone","pt","br","0","-"
2923,"Smartphone","Google","Termos relacionados","-","celular multilaser smartphone","pt","br","0","-"
2924,"Smartphone","Google","Termos relacionados","-","boa dica smartphone","pt","br","0","-"
2925,"Smartphone","Google","Termos relacionados","-","smartphone legion","pt","br","0","-"
2926,"Smartphone","Google","Termos relacionados","-","smartphone de até 1000 reais","pt","br","0","-"
2927,"Smartphone","Google","Termos relacionados","-","smartphone samsung 256gb 16gb ram","pt","br","0","-"
2928,"Smartphone","Google","Termos relacionados","-","smartphone samsung note 20 ultra","pt","br","0","-"
2929,"Smartphone","Google","Termos relacionados","-","promoção smartphone dia das mães","pt","br","0","-"
2930,"Smartphone","Google","Termos relacionados","-","smartphone samsung em promoção hoje","pt","br","0","-"
2931,"Smartphone","Google","Termos relacionados","-","smartphone samsung mais atual","pt","br","0","-"
2932,"Smartphone","Google","Termos relacionados","-","smartphone 4gb","pt","br","0","-"
2933,"Smartphone","Google","Termos relacionados","-","smartphone em inglês","pt","br","0","-"
2934,"Smartphone","Google","Termos relacionados","-","smartphone poco m7 pro 5g","pt","br","0","-"
2935,"Smartphone","Google","Termos relacionados","-","smartphone no magazine luiza","pt","br","0","-"
2936,"Smartphone","Google","Termos relacionados","-","smartphone xiaomi redmi note 14 é bom","pt","br","0","-"
2937,"Smartphone","Google","Termos relacionados","-","smartphone redmi 5g","pt","br","0","-"
2938,"Smartphone","Google","Termos relacionados","-","smartphone samsung a73","pt","br","0","-"
2939,"Smartphone","Google","Termos relacionados","-","smartphone samsung galaxy a17","pt","br","0","-"
2940,"Smartphone","Google","Termos relacionados","-","smartphone 8gb ram samsung","pt","br","0","-"
2941,"Smartphone","Google","Termos relacionados","-","smartphone da asus","pt","br","0","-"
2942,"Smartphone","Google","Termos relacionados","-","smartphone com flip","pt","br","0","-"
2943,"Smartphone","Google","Termos relacionados","-","smartphone 32 gb","pt","br","0","-"
2944,"Smartphone","Google","Termos relacionados","-","smartphone 2007","pt","br","0","-"
2945,"Smartphone","Google","Termos relacionados","-","tripé para smartphone","pt","br","0","-"
2946,"Smartphone","Google","Termos relacionados","-","smartphone a17","pt","br","0","-"
2947,"Smartphone","Google","Termos relacionados","-","smartphone 6","pt","br","0","-"
2948,"Smartphone","Google","Termos relacionados","-","celular smartphone preço","pt","br","0","-"
2949,"Smartphone","Google","Termos relacionados","-","smartphone samsung bom e barato 2025","pt","br","0","-"
2950,"Smartphone","Google","Termos relacionados","-","smartphone 700 reais","pt","br","0","-"
2951,"Smartphone","Google","Termos relacionados","-","cartão de memoria smartphone","pt","br","0","-"
2952,"Smartphone","Google","Termos relacionados","-","comprar smartphone barato","pt","br","0","-"
2953,"Smartphone","Google","Termos relacionados","-","smartphone fino","pt","br","0","-"
2954,"Smartphone","Google","Termos relacionados","-","smartphone de 1tb","pt","br","0","-"
2955,"Smartphone","Google","Termos relacionados","-","smartphone apple iphone 15 pro 128gb","pt","br","0","-"
2956,"Smartphone","Google","Termos relacionados","-","smartphone realme c67 6.72 8gb ram 256gb","pt","br","0","-"
2957,"Smartphone","Google","Termos relacionados","-","detalhes de smartphone motorola edge 60 pro 5g","pt","br","0","-"
2958,"Smartphone","Google","Termos relacionados","-","smartphone com wifi 6","pt","br","0","-"
2959,"Smartphone","Google","Termos relacionados","-","smartphone xiaomi 13t pro dual sim de 512gb 12gb ram","pt","br","0","-"
2960,"Smartphone","Google","Termos relacionados","-","smartphone google pixel 10 pro","pt","br","0","-"
2961,"Smartphone","Google","Termos relacionados","-","smartphone realme c61 ram dual sim","pt","br","0","-"
2962,"Smartphone","Google","Termos relacionados","-","smartphone samsung ultimo lançamento","pt","br","0","-"
2963,"Smartphone","Google","Termos relacionados","-","smartphone infinix smart 7 64gb 3gb ram","pt","br","0","-"
2964,"Smartphone","Google","Termos relacionados","-","smartphone barato com camera boa","pt","br","0","-"
2965,"Smartphone","Google","Termos relacionados","-","smartphone xiaomi amazon","pt","br","0","-"
2966,"Smartphone","Google","Termos relacionados","-","smartphone xiaomi redmi note 14 pro 5g 12gb 512gb ram","pt","br","0","-"
2967,"Smartphone","Google","Termos relacionados","-","celular motorola smartphone","pt","br","0","-"
2968,"Smartphone","Google","Termos relacionados","-","smartphone samsung galaxy a15 é bom","pt","br","0","-"
2969,"Smartphone","Google","Termos relacionados","-","o que é smartphone android","pt","br","0","-"
2970,"Smartphone","Google","Termos relacionados","-","smartphone realme c61 é bom","pt","br","0","-"
2971,"Smartphone","Google","Termos relacionados","-","smartphone motorola edge 60 fusion 5g 256gb 24gb","pt","br","0","-"
2972,"Smartphone","Google","Termos relacionados","-","smartphone 14 pro","pt","br","0","-"
2973,"Smartphone","Google","Termos relacionados","-","smartphone samsung galaxy a06 é bom","pt","br","0","-"
2974,"Smartphone","Google","Termos relacionados","-","usar smartphone como webcam","pt","br","0","-"
2975,"Smartphone","Google","Termos relacionados","-","tech store assistência técnica em smartphone e tablets","pt","br","0","-"
2976,"Smartphone","Google","Termos relacionados","-","smartphone ou smartphone","pt","br","0","-"
2977,"Smartphone","Google","Termos relacionados","-","smartphone infinix note 40 5g 256gb 8gb de ram","pt","br","0","-"
2978,"Smartphone","Google","Termos relacionados","-","smartphone valor","pt","br","0","-"
2979,"Smartphone","Google","Termos relacionados","-","smartphone blindado","pt","br","0","-"
2980,"Smartphone","Google","Termos relacionados","-","locacao de smartphone","pt","br","0","-"
2981,"Smartphone","Google","Termos relacionados","-","smartphone xiaomi x7","pt","br","0","-"
2982,"Smartphone","Google","Termos relacionados","-","smartphone xiaomi redmi 9a","pt","br","0","-"
2983,"Smartphone","Google","Termos relacionados","-","smartphone realme note 60s","pt","br","0","-"
2984,"Smartphone","Google","Termos relacionados","-","smartphone huawei honor","pt","br","0","-"
2985,"Smartphone","Google","Termos relacionados","-","smartphone infinix smart 9 128gb 4gb ram","pt","br","0","-"
2986,"Smartphone","Google","Termos relacionados","-","smartphone samsung flip 6","pt","br","0","-"
2987,"Smartphone","Google","Termos relacionados","-","tipos de smartphone","pt","br","0","-"
2988,"Smartphone","Google","Termos relacionados","-","smartphone com android 15","pt","br","0","-"
2989,"Smartphone","Google","Termos relacionados","-","smartphone oferta relâmpago","pt","br","0","-"
2990,"Smartphone","Google","Termos relacionados","-","smartphone motorola one hyper","pt","br","0","-"
2991,"Smartphone","Google","Termos relacionados","-","smartphone motorola g05 é bom","pt","br","0","-"
2992,"Smartphone","Google","Termos relacionados","-","como desligar o smartphone samsung","pt","br","0","-"
2993,"Smartphone","Google","Termos relacionados","-","smartphone xiaomi redmi note 13 é bom","pt","br","0","-"
2994,"Smartphone","Google","Termos relacionados","-","qual o melhor smartphone atualmente","pt","br","0","-"
2995,"Smartphone","Google","Termos relacionados","-","smartphone motorola menor preço","pt","br","0","-"
2996,"Smartphone","Google","Termos relacionados","-","smartphone samsung 05s","pt","br","0","-"
2997,"Smartphone","Google","Termos relacionados","-","smartphone 256gb barato","pt","br","0","-"
2998,"Smartphone","Google","Termos relacionados","-","smartphone samsung galaxy a22","pt","br","0","-"
2999,"Smartphone","Google","Termos relacionados","-","smartphone realme c71 tela","pt","br","0","-"
3000,"Smartphone","Google","Termos relacionados","-","smartphone motorola one vision","pt","br","0","-"
3001,"Smartphone","Google","Termos relacionados","-","smartphone funções","pt","br","0","-"
3002,"Smartphone","Google","Termos relacionados","-","smartphone xiaomi redmi 9a 32gb","pt","br","0","-"
3003,"Smartphone","Google","Termos relacionados","-","nokia smartphone 2026","pt","br","0","-"
3004,"Smartphone","Google","Termos relacionados","-","melhor smartphone samsung custo benefício 2024","pt","br","0","-"
3005,"Smartphone","Google","Termos relacionados","-","smartphone casas bahia retirar na loja","pt","br","0","-"
3006,"Smartphone","Google","Termos relacionados","-","compare smartphone dimensions","pt","br","0","-"
3007,"Smartphone","Google","Termos relacionados","-","smartphone japonês","pt","br","0","-"
3008,"Smartphone","Google","Termos relacionados","-","smartphone motorola g86 256gb","pt","br","0","-"
3009,"Smartphone","Google","Termos relacionados","-","smartphone realme 14 5g","pt","br","0","-"
3010,"Smartphone","Google","Termos relacionados","-","smartphone em promoção magazine luiza","pt","br","0","-"
3011,"Smartphone","Google","Termos relacionados","-","smartphone 1tb 16gb ram","pt","br","0","-"
3012,"Smartphone","Google","Termos relacionados","-","melhores antivirus smartphone","pt","br","0","-"
3013,"Smartphone","Google","Termos relacionados","-","smartphone 1500 reais","pt","br","0","-"
3014,"Smartphone","Google","Termos relacionados","-","espelhar smartphone na tv","pt","br","0","-"
3015,"Smartphone","Google","Termos relacionados","-","smartphone moto g32","pt","br","0","-"
3016,"Smartphone","Google","Termos relacionados","-","smartphone motorola moto g24 grafite com 256gb","pt","br","0","-"
3017,"Smartphone","Google","Termos relacionados","-","smartphone motorola moto g35 5g 128gb 12gb ram boost","pt","br","0","-"
3018,"Smartphone","Google","Termos relacionados","-","smartphone samsung galaxy a16 preto 256gb 8gb ram","pt","br","0","-"
3019,"Smartphone","Google","Termos relacionados","-","poco x5 pro 5g smartphone","pt","br","0","-"
3020,"Smartphone","Google","Termos relacionados","-","smartphone está iniciando","pt","br","0","-"
3021,"Smartphone","Google","Termos relacionados","-","como rastrear smartphone","pt","br","0","-"
3022,"Smartphone","Google","Termos relacionados","-","smartphone verde","pt","br","0","-"
3023,"Smartphone","Google","Termos relacionados","-","huawei pura 80 ultra 512gb 16gb ram dual sim smartphone","pt","br","0","-"
3024,"Smartphone","Google","Termos relacionados","-","cupom de desconto magazine luiza smartphone","pt","br","0","-"
3025,"Smartphone","Google","Termos relacionados","-","cupom smartphone kabum","pt","br","0","-"
3026,"Smartphone","Google","Termos relacionados","-","smartphone virtual","pt","br","0","-"
3027,"Smartphone","Google","Termos relacionados","-","smartphone até 200 reais","pt","br","0","-"
3028,"Smartphone","Google","Termos relacionados","-","promoção relampago smartphone","pt","br","0","-"
3029,"Smartphone","Google","Termos relacionados","-","smartphone samsung intermediário 2025","pt","br","0","-"
3030,"Smartphone","Google","Termos relacionados","-","smartphone 200mp","pt","br","0","-"
3031,"Smartphone","Google","Termos relacionados","-","cupom desconto amazon smartphone","pt","br","0","-"
3032,"Smartphone","Google","Termos relacionados","-","smartphone apple iphone 11 64 gb","pt","br","0","-"
3033,"Smartphone","Google","Termos relacionados","-","smartphone asus zenfone 8 128gb","pt","br","0","-"
3034,"Smartphone","Google","Termos relacionados","-","smartphone samsung que dobra","pt","br","0","-"
3035,"Smartphone","Google","Termos relacionados","-","smartphone samsung a11","pt","br","0","-"
3036,"Smartphone","Google","Termos relacionados","-","smartphone para idoso samsung","pt","br","0","-"
3037,"Smartphone","Google","Termos relacionados","-","smartphone quando foi criado","pt","br","0","-"
3038,"Smartphone","Google","Termos relacionados","-","smartphone infinix note 40 5g 8gb ram 256gb","pt","br","0","-"
3039,"Smartphone","Google","Termos relacionados","-","celular sem smartphone","pt","br","0","-"
3040,"Smartphone","Google","Termos relacionados","-","vivo empresas smartphone","pt","br","0","-"
3041,"Smartphone","Google","Termos relacionados","-","smartphone samsung custo beneficio 2025","pt","br","0","-"
3042,"Smartphone","Google","Termos relacionados","-","smartphone 3d","pt","br","0","-"
3043,"Smartphone","Google","Termos relacionados","-","smartphone asus zenfone 8","pt","br","0","-"
3044,"Smartphone","Google","Termos relacionados","-","smartphone 8 ram 256gb","pt","br","0","-"
3045,"Smartphone","Google","Termos relacionados","-","smartphone bom de camera","pt","br","0","-"
3046,"Smartphone","Google","Termos relacionados","-","smartphone wifi 7","pt","br","0","-"
3047,"Smartphone","Google","Termos relacionados","-","smartphone venda","pt","br","0","-"
3048,"Smartphone","Google","Termos relacionados","-","motorola smartphone moto g6 xt1925 octa core android 8.0","pt","br","0","-"
3049,"Smartphone","Google","Termos relacionados","-","promoção de smartphone motorola","pt","br","0","-"
3050,"Smartphone","Google","Termos relacionados","-","smartphone samsung usado","pt","br","0","-"
3051,"Smartphone","Google","Termos relacionados","-","smartphone xiaomi redmi note 15 preto 8gb ram 256gb rom","pt","br","0","-"
3052,"Smartphone","Google","Termos relacionados","-","smartphone infinix preço","pt","br","0","-"
3053,"Smartphone","Google","Termos relacionados","-","lentes para smartphone","pt","br","0","-"
3054,"Smartphone","Google","Termos relacionados","-","smartphone oppo a40 é bom","pt","br","0","-"
3055,"Smartphone","Google","Termos relacionados","-","smartphone motorola edge 60 fusion 5g 256gb","pt","br","0","-"
3056,"Smartphone","Google","Termos relacionados","-","smartphone não permitido","pt","br","0","-"
3057,"Smartphone","Google","Termos relacionados","-","smartphone rugged","pt","br","0","-"
3058,"Smartphone","Google","Termos relacionados","-","smartphone motorola moto g75 5g 256gb ram","pt","br","0","-"
3059,"Smartphone","Google","Termos relacionados","-","cupom desconto smartphone","pt","br","0","-"
3060,"Smartphone","Google","Termos relacionados","-","smartphone motorola moto g24 é bom","pt","br","0","-"
3061,"Smartphone","Google","Termos relacionados","-","smartphone 4gb ram 128gb","pt","br","0","-"
3062,"Smartphone","Google","Termos relacionados","-","smartphone motorola moto g5","pt","br","0","-"
3063,"Smartphone","Google","Termos relacionados","-","smartphone com caneta touch","pt","br","0","-"
3064,"Smartphone","Google","Termos relacionados","-","smartphone motorola 256gb 16gb ram","pt","br","0","-"
3065,"Smartphone","Google","Termos relacionados","-","promoção smartphone 128gb","pt","br","0","-"
3066,"Smartphone","Google","Termos relacionados","-","promoção smartphone 5g","pt","br","0","-"
3067,"Smartphone","Google","Termos relacionados","-","smartphone xiaomi redmi 15c dual sim 256gb 8gb ram","pt","br","0","-"
3068,"Smartphone","Google","Termos relacionados","-","smartphone retira rápido","pt","br","0","-"
3069,"Smartphone","Google","Termos relacionados","-","qual melhor smartphone hoje","pt","br","0","-"
3070,"Smartphone","Google","Termos relacionados","-","smartphone com câmera boa e barato","pt","br","0","-"
3071,"Smartphone","Google","Termos relacionados","-","melhor smartphone 2024 ate 1500","pt","br","0","-"
3072,"Smartphone","Google","Termos relacionados","-","smartphone poco é bom","pt","br","0","-"
3073,"Smartphone","Google","Termos relacionados","-","smartphone com tv digital 2025","pt","br","0","-"
3074,"Smartphone","Google","Termos relacionados","-","smartphone oppo a60 4g 256gb 8gb ram","pt","br","0","-"
3075,"Smartphone","Google","Termos relacionados","-","smartphone realme 14 5g 256gb 8gb ram","pt","br","0","-"
3076,"Smartphone","Google","Termos relacionados","-","smartphone lg k9","pt","br","0","-"
3077,"Smartphone","Google","Termos relacionados","-","smartphone itel a50","pt","br","0","-"
3078,"Smartphone","Google","Termos relacionados","-","suporte de mesa para smartphone","pt","br","0","-"
3079,"Smartphone","Google","Termos relacionados","-","smartphone flash tool","pt","br","0","-"
3080,"Smartphone","Google","Termos relacionados","-","smartphone vivo x200","pt","br","0","-"
3081,"Smartphone","Google","Termos relacionados","-","smartphone g05","pt","br","0","-"
3082,"Smartphone","Google","Termos relacionados","-","smartphone top de linha xiaomi","pt","br","0","-"
3083,"Smartphone","Google","Termos relacionados","-","smartphone samsung a06s","pt","br","0","-"
3084,"Smartphone","Google","Termos relacionados","-","smartphone samsung no mercadolivre","pt","br","0","-"
3085,"Smartphone","Google","Termos relacionados","-","smartphone a6 samsung","pt","br","0","-"
3086,"Smartphone","Google","Termos relacionados","-","smartphone que abre e fecha","pt","br","0","-"
3087,"Smartphone","Google","Termos relacionados","-","curso de smartphone","pt","br","0","-"
3088,"Smartphone","Google","Termos relacionados","-","localização smartphone google","pt","br","0","-"
3089,"Smartphone","Google","Termos relacionados","-","smartphone realme gt 7","pt","br","0","-"
3090,"Smartphone","Google","Termos relacionados","-","smartphone 5g ate 1000 reais","pt","br","0","-"
3091,"Smartphone","Google","Termos relacionados","-","tipos de celulares smartphone","pt","br","0","-"
3092,"Smartphone","Google","Termos relacionados","-","smartphone xiaomi redmi note 15 5g","pt","br","0","-"
3093,"Smartphone","Google","Termos relacionados","-","smartphone barato 2024","pt","br","0","-"
3094,"Smartphone","Google","Termos relacionados","-","smartphone motorola g15 verde 256gb","pt","br","0","-"
3095,"Smartphone","Google","Termos relacionados","-","smartphone oneplus 13","pt","br","0","-"
3096,"Smartphone","Google","Termos relacionados","-","smartphone infinix note 30 5g 8gb ram 256gb","pt","br","0","-"
3097,"Smartphone","Google","Termos relacionados","-","smartphone xiaomi redmi 13c é bom","pt","br","0","-"
3098,"Smartphone","Google","Termos relacionados","-","smartphone para jogos pesados","pt","br","0","-"
3099,"Smartphone","Google","Termos relacionados","-","smartphone poco m7 pro","pt","br","0","-"
3100,"Smartphone","Google","Termos relacionados","-","promoção smartphone dia dos pais","pt","br","0","-"
3101,"Smartphone","Google","Termos relacionados","-","promoção de celular smartphone","pt","br","0","-"
3102,"Smartphone","Google","Termos relacionados","-","poco c75 smartphone","pt","br","0","-"
3103,"Smartphone","Google","Termos relacionados","-","smartphone motorola moto g24 256gb 8gb","pt","br","0","-"
3104,"Smartphone","Google","Termos relacionados","-","como espelhar smartphone na tv","pt","br","0","-"
3105,"Smartphone","Google","Termos relacionados","-","smartphone xiaomi redmi note 14 5g 256gb 8gb ram","pt","br","0","-"
3106,"Smartphone","Google","Termos relacionados","-","smartphone 8 polegadas","pt","br","0","-"
3107,"Smartphone","Google","Termos relacionados","-","smartphone brands","pt","br","0","-"
3108,"Smartphone","Google","Termos relacionados","-","smartphone motorola moto g24 grafite 128gb","pt","br","0","-"
3109,"Smartphone","Google","Termos relacionados","-","samsung galaxy a05s smartphone","pt","br","0","-"
3110,"Smartphone","Google","Termos relacionados","-","smartphone cubot x70","pt","br","0","-"
3111,"Smartphone","Google","Termos relacionados","-","smartphone barato 2025","pt","br","0","-"
3112,"Smartphone","Google","Termos relacionados","-","smartphone melhor que iphone","pt","br","0","-"
3113,"Smartphone","Google","Termos relacionados","-","smartphone oukitel p1 pro","pt","br","0","-"
3114,"Smartphone","Google","Termos relacionados","-","smartphone realme c63 dual sim 256gb green 8gb ram","pt","br","0","-"
3115,"Smartphone","Google","Termos relacionados","-","cupom de desconto mercado livre smartphone","pt","br","0","-"
3116,"Smartphone","Google","Termos relacionados","-","cupom de desconto smartphone casas bahia","pt","br","0","-"
3117,"Smartphone","Google","Termos relacionados","-","smartphone apple iphone 15 256gb preto","pt","br","0","-"
3118,"Smartphone","Google","Termos relacionados","-","o que se pode fazer com smartphone","pt","br","0","-"
3119,"Smartphone","Google","Termos relacionados","-","smartphone é celular","pt","br","0","-"
3120,"Smartphone","Google","Termos relacionados","-","smartphone nothing phone","pt","br","0","-"
3121,"Smartphone","Google","Termos relacionados","-","smartphone motorola edge 60 ultra","pt","br","0","-"
3122,"Smartphone","Google","Termos relacionados","-","smartphone samsung galaxy a10","pt","br","0","-"
3123,"Smartphone","Google","Termos relacionados","-","smartphone samsung galaxy m23 128gb","pt","br","0","-"
3124,"Smartphone","Google","Termos relacionados","-","smartphone realme note 50 é bom","pt","br","0","-"
3125,"Smartphone","Google","Termos relacionados","-","smartphone motorola g86 512gb","pt","br","0","-"
3126,"Smartphone","Google","Termos relacionados","-","smartphone asus rog phone","pt","br","0","-"
3127,"Smartphone","Google","Termos relacionados","-","smartphone desconto","pt","br","0","-"
3128,"Smartphone","Google","Termos relacionados","-","smartphone addiction","pt","br","0","-"
3129,"Smartphone","Google","Termos relacionados","-","smartphone flip barato","pt","br","0","-"
3130,"Smartphone","Google","Termos relacionados","-","smartphone infinix 128gb","pt","br","0","-"
3131,"Smartphone","Google","Termos relacionados","-","case para smartphone","pt","br","0","-"
3132,"Smartphone","Google","Termos relacionados","-","qual melhor smartphone para comprar","pt","br","0","-"
3133,"Smartphone","Google","Termos relacionados","-","smartphone realme 12 5g","pt","br","0","-"
3134,"Smartphone","Google","Termos relacionados","-","smartphone a8","pt","br","0","-"
3135,"Smartphone","Google","Termos relacionados","-","smartphone 5 5 polegadas","pt","br","0","-"
3136,"Smartphone","Google","Termos relacionados","-","smartphone lojas colombo","pt","br","0","-"
3137,"Smartphone","Google","Termos relacionados","-","smartphone samsung última geração","pt","br","0","-"
3138,"Smartphone","Google","Termos relacionados","-","smartphone dual sim","pt","br","0","-"
3139,"Smartphone","Google","Termos relacionados","-","smartphone motorola moto g24 grafite 128gb 8gb","pt","br","0","-"
3140,"Smartphone","Google","Termos relacionados","-","quando surgiu smartphone","pt","br","0","-"
3141,"Smartphone","Google","Termos relacionados","-","promoção de smartphone hoje","pt","br","0","-"
3142,"Smartphone","Google","Termos relacionados","-","smartphone promoção vivo","pt","br","0","-"
3143,"Smartphone","Google","Termos relacionados","-","smartphone kalunga","pt","br","0","-"
3144,"Smartphone","Google","Termos relacionados","-","smartphone xiaomi 15t pro","pt","br","0","-"
3145,"Smartphone","Google","Termos relacionados","-","smartphone como escolher","pt","br","0","-"
3146,"Smartphone","Google","Termos relacionados","-","como limpar a lixeira do smartphone","pt","br","0","-"
3147,"Smartphone","Google","Termos relacionados","-","smartphone em oferta hoje","pt","br","0","-"
3148,"Smartphone","Google","Termos relacionados","-","smartphone xiaomi poco f5 pro 12gb 5g","pt","br","0","-"
3149,"Smartphone","Google","Termos relacionados","-","celular smartphone bom e barato","pt","br","0","-"
3150,"Smartphone","Google","Termos relacionados","-","gazin smartphone","pt","br","0","-"
3151,"Smartphone","Google","Termos relacionados","-","smartphone samsung m56","pt","br","0","-"
3152,"Smartphone","Google","Termos relacionados","-","smartphone de ate 1000 reais","pt","br","0","-"
3153,"Smartphone","Google","Termos relacionados","-","ofertas de smartphone samsung","pt","br","0","-"
3154,"Smartphone","Google","Termos relacionados","-","motorola moto e smartphone","pt","br","0","-"
3155,"Smartphone","Google","Termos relacionados","-","smartphone motorola nfc","pt","br","0","-"
3156,"Smartphone","Google","Termos relacionados","-","buscar smartphone google","pt","br","0","-"
3157,"Smartphone","Google","Termos relacionados","-","smartphone barato magazine luiza","pt","br","0","-"
3158,"Smartphone","Google","Termos relacionados","-","smartphone free fire","pt","br","0","-"
3159,"Smartphone","Google","Termos relacionados","-","smartphone 17","pt","br","0","-"
3160,"Smartphone","Google","Termos relacionados","-","smartphone motorola 6 67 octa core ram","pt","br","0","-"
3161,"Smartphone","Google","Termos relacionados","-","smartphone que não trava","pt","br","0","-"
3162,"Smartphone","Google","Termos relacionados","-","smartphone 100 reais","pt","br","0","-"
3163,"Smartphone","Google","Termos relacionados","-","cupom desconto magazine luiza smartphone","pt","br","0","-"
3164,"Smartphone","Google","Termos relacionados","-","smartphone xiaomi 15 5g dual sim","pt","br","0","-"
3165,"Smartphone","Google","Termos relacionados","-","smartphone promoção dia das mães","pt","br","0","-"
3166,"Smartphone","Google","Termos relacionados","-","smartphone xiaomi poco m4 5g","pt","br","0","-"
3167,"Smartphone","Google","Termos relacionados","-","smartphone samsung note 20","pt","br","0","-"
3168,"Smartphone","Google","Termos relacionados","-","plano com smartphone","pt","br","0","-"
3169,"Smartphone","Google","Termos relacionados","-","smartphone samsung s24 ultra 512gb","pt","br","0","-"
3170,"Smartphone","Google","Termos relacionados","-","smartphone 5g bom e barato","pt","br","0","-"
3171,"Smartphone","Google","Termos relacionados","-","smartphone do momento","pt","br","0","-"
3172,"Smartphone","Google","Termos relacionados","-","smartphone motorola edge 20 pro 256gb","pt","br","0","-"
3173,"Smartphone","Google","Termos relacionados","-","smartphone oppo a5 é bom","pt","br","0","-"
3174,"Smartphone","Google","Termos relacionados","-","smartphone infinix smart 9 dual sim 128gb 4gb ram","pt","br","0","-"
3175,"Smartphone","Google","Termos relacionados","-","smartphone claro plano","pt","br","0","-"
3176,"Smartphone","Google","Termos relacionados","-","smartphone 64gb promoção","pt","br","0","-"
3177,"Smartphone","Google","Termos relacionados","-","smartphone e celular","pt","br","0","-"
3178,"Smartphone","Google","Termos relacionados","-","smartphone 2000","pt","br","0","-"
3179,"Smartphone","Google","Termos relacionados","-","smartphone samsung j8","pt","br","0","-"
3180,"Smartphone","Google","Termos relacionados","-","smartphone com 5g","pt","br","0","-"
3181,"Smartphone","Google","Termos relacionados","-","smartphone oppo a40 256gb","pt","br","0","-"
3182,"Smartphone","Google","Termos relacionados","-","smartphone barato e bom 2025","pt","br","0","-"
3183,"Smartphone","Google","Termos relacionados","-","smartphone com carregador por indução","pt","br","0","-"
3184,"Smartphone","Google","Termos relacionados","-","smartphone motorola z3","pt","br","0","-"
3185,"Smartphone","Google","Termos relacionados","-","smartphone 5g em oferta","pt","br","0","-"
3186,"Smartphone","Google","Termos relacionados","-","são reparo pelotas conserto de smartphone e tablet em pelotas","pt","br","0","-"
3187,"Smartphone","Google","Termos relacionados","-","compare smartphone cameras","pt","br","0","-"
3188,"Smartphone","Google","Termos relacionados","-","smartphone whatsapp","pt","br","0","-"
3189,"Smartphone","Google","Termos relacionados","-","motorola signature 5g smartphone 16 gb ram","pt","br","0","-"
3190,"Smartphone","Google","Termos relacionados","-","qual smartphone mais vendido no brasil","pt","br","0","-"
3191,"Smartphone","Google","Termos relacionados","-","smartphone v50","pt","br","0","-"
3192,"Smartphone","Google","Termos relacionados","-","smartphone k10","pt","br","0","-"
3193,"Smartphone","Google","Termos relacionados","-","melhor smartphone xiaomi custo benefício","pt","br","0","-"
3194,"Smartphone","Google","Termos relacionados","-","smartphone samsung buscapé","pt","br","0","-"
3195,"Smartphone","Google","Termos relacionados","-","smartphone definition","pt","br","0","-"
3196,"Smartphone","Google","Termos relacionados","-","smartphone vaio","pt","br","0","-"
3197,"Smartphone","Google","Termos relacionados","-","smartphone asus zenfone 4","pt","br","0","-"
3198,"Smartphone","Google","Termos relacionados","-","smartphone xiaomi poco x4 pro 5g","pt","br","0","-"
3199,"Smartphone","Google","Termos relacionados","-","comprar smartphone na tim","pt","br","0","-"
3200,"Smartphone","Google","Termos relacionados","-","smartphone oppo a5 pro 5g","pt","br","0","-"
3201,"Smartphone","Google","Termos relacionados","-","smartphone infinix note 50x","pt","br","0","-"
3202,"Smartphone","Google","Termos relacionados","-","samsung galaxy a07 android smartphone","pt","br","0","-"
3203,"Smartphone","Google","Termos relacionados","-","melhor smartphone 5g","pt","br","0","-"
3204,"Smartphone","Google","Termos relacionados","-","smartphone samsung s25 plus","pt","br","0","-"
3205,"Smartphone","Google","Termos relacionados","-","celulares smartphone magazine luiza","pt","br","0","-"
3206,"Smartphone","Google","Termos relacionados","-","smartphone infinix note 50s","pt","br","0","-"
3207,"Smartphone","Google","Termos relacionados","-","smartphone huawei mate xt ultimate design","pt","br","0","-"
3208,"Smartphone","Google","Termos relacionados","-","smartphone poco x5 pro xiaomi","pt","br","0","-"
3209,"Smartphone","Google","Termos relacionados","-","xiaomi smartphone barato","pt","br","0","-"
3210,"Smartphone","Google","Termos relacionados","-","smartphone 8g ram","pt","br","0","-"
3211,"Smartphone","Google","Termos relacionados","-","qual smartphone tem nfc","pt","br","0","-"
3212,"Smartphone","Google","Termos relacionados","-","5g 128 gb smartphone","pt","br","0","-"
3213,"Smartphone","Google","Termos relacionados","-","smartphone de 300 reais","pt","br","0","-"
3214,"Smartphone","Google","Termos relacionados","-","smartphone 4 cameras","pt","br","0","-"
3215,"Smartphone","Google","Termos relacionados","-","quem inventou smartphone","pt","br","0","-"
3216,"Smartphone","Google","Termos relacionados","-","smartphone reno","pt","br","0","-"
3217,"Smartphone","Google","Termos relacionados","-","smartphone realme note 60s dual sim 128gb 4gb ram verde","pt","br","0","-"
3218,"Smartphone","Google","Termos relacionados","-","smartphone com entrada p2","pt","br","0","-"
3219,"Smartphone","Google","Termos relacionados","-","um consumidor esta escolhendo um novo smartphone","pt","br","0","-"
3220,"Smartphone","Google","Termos relacionados","-","smartphone de abrir e fechar","pt","br","0","-"
3221,"Smartphone","Google","Termos relacionados","-","smartphone realme c67 256gb dual sim 8gb ram","pt","br","0","-"
3222,"Smartphone","Google","Termos relacionados","-","smartphone vivo promoção","pt","br","0","-"
3223,"Smartphone","Google","Termos relacionados","-","melhor câmera de smartphone","pt","br","0","-"
3224,"Smartphone","Google","Termos relacionados","-","smartphone realme note 60x 4g 64gb","pt","br","0","-"
3225,"Smartphone","Google","Termos relacionados","-","smartphone fone","pt","br","0","-"
3226,"Smartphone","Google","Termos relacionados","-","smartphone melhor camera 2025","pt","br","0","-"
3227,"Smartphone","Google","Termos relacionados","-","smartphone image","pt","br","0","-"
3228,"Smartphone","Google","Termos relacionados","-","antivirus smartphone","pt","br","0","-"
3229,"Smartphone","Google","Termos relacionados","-","smartphone com radio fm","pt","br","0","-"
3230,"Smartphone","Google","Termos relacionados","-","smartphone samsung tela 6.8","pt","br","0","-"
3231,"Smartphone","Google","Termos relacionados","-","como desligar smartphone","pt","br","0","-"
3232,"Smartphone","Google","Termos relacionados","-","smartphone tycoon 2","pt","br","0","-"
3233,"Smartphone","Google","Termos relacionados","-","qual melhor smartphone para jogos","pt","br","0","-"
3234,"Smartphone","Google","Termos relacionados","-","mercado livre smartphone xiaomi","pt","br","0","-"
3235,"Smartphone","Google","Termos relacionados","-","smartphone samsung galaxy a05s 6 7 128gb 6gb 4g preto","pt","br","0","-"
3236,"Smartphone","Google","Termos relacionados","-","smartphone samsung galaxy a03 core 32gb","pt","br","0","-"
3237,"Smartphone","Google","Termos relacionados","-","smartphone samsung galaxy a16 5g ram 4gb octa core 128gb","pt","br","0","-"
3238,"Smartphone","Google","Termos relacionados","-","smartphone samsung galaxy s26 ultra","pt","br","0","-"
3239,"Smartphone","Google","Termos relacionados","-","smartphone xiaomi 8gb ram","pt","br","0","-"
3240,"Smartphone","Google","Termos relacionados","-","smartphone hotwav","pt","br","0","-"
3241,"Smartphone","Google","Termos relacionados","-","promoção smartphone 5g 256gb","pt","br","0","-"
3242,"Smartphone","Google","Termos relacionados","-","smartphone xiaomi 256gb 16gb ram","pt","br","0","-"
3243,"Smartphone","Google","Termos relacionados","-","telefones smartphone","pt","br","0","-"
3244,"Smartphone","Google","Termos relacionados","-","smartphone 2000 reais","pt","br","0","-"
3245,"Smartphone","Google","Termos relacionados","-","smartphone 50","pt","br","0","-"
3246,"Smartphone","Google","Termos relacionados","-","smartphone samsung s26 ultra","pt","br","0","-"
3247,"Smartphone","Google","Termos relacionados","-","smartphone indestrutível 2025","pt","br","0","-"
3248,"Smartphone","Google","Termos relacionados","-","onde comprar smartphone","pt","br","0","-"
3249,"Smartphone","Google","Termos relacionados","-","qual smartphone tem a melhor bateria","pt","br","0","-"
3250,"Smartphone","Google","Termos relacionados","-","smartphone para trabalho","pt","br","0","-"
3251,"Smartphone","Google","Termos relacionados","-","melhores câmeras de smartphone","pt","br","0","-"
3252,"Smartphone","Google","Termos relacionados","-","o melhor smartphone da xiaomi","pt","br","0","-"
3253,"Smartphone","Google","Termos relacionados","-","reparo de smartphone","pt","br","0","-"
3254,"Smartphone","Google","Termos relacionados","-","smartphone 128gb barato","pt","br","0","-"
3255,"Smartphone","Google","Termos relacionados","-","qual melhor smartphone do mercado","pt","br","0","-"
3256,"Smartphone","Google","Termos relacionados","-","smartphone a36 256gb","pt","br","0","-"
3257,"Smartphone","Google","Termos relacionados","-","smartphone asus zenfone max pro m2","pt","br","0","-"
3258,"Smartphone","Google","Termos relacionados","-","smartphone motorola moto g200 5g 256gb 8gb ram azul","pt","br","0","-"
3259,"Smartphone","Google","Termos relacionados","-","smartphone motorola moto e20 32gb","pt","br","0","-"
3260,"Smartphone","Google","Termos relacionados","-","smartphone android tv","pt","br","0","-"
3261,"Smartphone","Google","Termos relacionados","-","smartphone moto g 200","pt","br","0","-"
3262,"Smartphone","Google","Termos relacionados","-","smartphone da lg","pt","br","0","-"
3263,"Smartphone","Google","Termos relacionados","-","qual melhor smartphone para fotos","pt","br","0","-"
3264,"Smartphone","Google","Termos relacionados","-","smartphone processor ranking","pt","br","0","-"
3265,"Smartphone","Google","Termos relacionados","-","smartphone samsung galaxy a16 preto","pt","br","0","-"
3266,"Smartphone","Google","Termos relacionados","-","smartphone motorola fusion","pt","br","0","-"
3267,"Smartphone","Google","Termos relacionados","-","smartphone xiaomi 2026","pt","br","0","-"
3268,"Smartphone","Google","Termos relacionados","-","smartphone e celular qual a diferença","pt","br","0","-"
3269,"Smartphone","Google","Termos relacionados","-","qual smartphone mais barato do mercado","pt","br","0","-"
3270,"Smartphone","Google","Termos relacionados","-","smartphone 512gb 12gb ram xiaomi","pt","br","0","-"
3271,"Smartphone","Google","Termos relacionados","-","melhor smartphone chinês","pt","br","0","-"
3272,"Smartphone","Google","Termos relacionados","-","smartphone com as melhores câmeras","pt","br","0","-"
3273,"Smartphone","Google","Termos relacionados","-","smartphone motorola moto e40","pt","br","0","-"
3274,"Smartphone","Google","Termos relacionados","-","smartphone samsung galaxy a8","pt","br","0","-"
3275,"Smartphone","Google","Termos relacionados","-","smartphone oppo preço","pt","br","0","-"
3276,"Smartphone","Google","Termos relacionados","-","smartphone para empresa","pt","br","0","-"
3277,"Smartphone","Google","Termos relacionados","-","smartphone samsung 128gb 6gb ram","pt","br","0","-"
3278,"Smartphone","Google","Termos relacionados","-","para que serve o smartphone","pt","br","0","-"
3279,"Smartphone","Google","Termos relacionados","-","ofertas smartphone black friday","pt","br","0","-"
3280,"Smartphone","Google","Termos relacionados","-","smartphone intermediário premium","pt","br","0","-"
3281,"Smartphone","Google","Termos relacionados","-","smartphone xiaomi na promoção","pt","br","0","-"
3282,"Smartphone","Google","Termos relacionados","-","smartphone infinix hot 50i 4gb ram 256gb","pt","br","0","-"
3283,"Smartphone","Google","Termos relacionados","-","smartphone 3 cameras","pt","br","0","-"
3284,"Smartphone","Google","Termos relacionados","-","smartphone samsung galaxy m56","pt","br","0","-"
3285,"Smartphone","Google","Termos relacionados","-","smartphone samsung galaxy note 20 ultra","pt","br","0","-"
3286,"Smartphone","Google","Termos relacionados","-","smartphone galaxy a36","pt","br","0","-"
3287,"Smartphone","Google","Termos relacionados","-","smartphone mais barato com nfc","pt","br","0","-"
3288,"Smartphone","Google","Termos relacionados","-","smartphone galaxy a07","pt","br","0","-"
3289,"Smartphone","Google","Termos relacionados","-","celulares smartphone mercado livre","pt","br","0","-"
3290,"Smartphone","Google","Termos relacionados","-","telefone sem ser smartphone","pt","br","0","-"
3291,"Smartphone","Google","Termos relacionados","-","smartphone barato usado","pt","br","0","-"
3292,"Smartphone","Google","Termos relacionados","-","smartphone samsung galaxy m62","pt","br","0","-"
3293,"Smartphone","Google","Termos relacionados","-","smartphone samsung galaxy a16 é bom","pt","br","0","-"
3294,"Smartphone","Google","Termos relacionados","-","qual smartphone barato e bom","pt","br","0","-"
3295,"Smartphone","Google","Termos relacionados","-","smartphone 5g mais barato 2024","pt","br","0","-"
3296,"Smartphone","Google","Termos relacionados","-","smartphone samsung ate 800 reais","pt","br","0","-"
3297,"Smartphone","Google","Termos relacionados","-","smartphone tecno spark go","pt","br","0","-"
3298,"Smartphone","Google","Termos relacionados","-","smartphone motorola g15 é bom","pt","br","0","-"
3299,"Smartphone","Google","Termos relacionados","-","realme note 60 dual sim 4gb ram smartphone","pt","br","0","-"
3300,"Smartphone","Google","Termos relacionados","-","smartphone samsung ai","pt","br","0","-"
3301,"Smartphone","Google","Termos relacionados","-","smartphone samsung 8gb ram 128gb","pt","br","0","-"
3302,"Smartphone","Google","Termos relacionados","-","smartphone em promoção lg","pt","br","0","-"
3303,"Smartphone","Google","Termos relacionados","-","smartphone multi h 5g","pt","br","0","-"
3304,"Smartphone","Google","Termos relacionados","-","como formatar smartphone motorola","pt","br","0","-"
3305,"Smartphone","Google","Termos relacionados","-","samsung galaxy a56 smartphone","pt","br","0","-"
3306,"Smartphone","Google","Termos relacionados","-","smartphone xiaomi redmi note 14 5g 12 12gb 512gb","pt","br","0","-"
3307,"Smartphone","Google","Termos relacionados","-","smartphone oppo reno14 f","pt","br","0","-"
3308,"Smartphone","Google","Termos relacionados","-","smartphone cubot kingkong 9","pt","br","0","-"
3309,"Smartphone","Google","Termos relacionados","-","smartphone motorola 75","pt","br","0","-"
3310,"Smartphone","Google","Termos relacionados","-","smartphone motorola ultimo lançamento","pt","br","0","-"
3311,"Smartphone","Google","Termos relacionados","-","smartphone xiaomi mais recente","pt","br","0","-"
3312,"Smartphone","Google","Termos relacionados","-","smartphone samsung 1tb","pt","br","0","-"
3313,"Smartphone","Google","Termos relacionados","-","samsung smartphone tablet","pt","br","0","-"
3314,"Smartphone","Google","Termos relacionados","-","samsung smartphone a16","pt","br","0","-"
3315,"Smartphone","Google","Termos relacionados","-","smartphone quando surgiu","pt","br","0","-"
3316,"Smartphone","Google","Termos relacionados","-","smartphone 3 telas","pt","br","0","-"
3317,"Smartphone","Google","Termos relacionados","-","smartphone drawing","pt","br","0","-"
3318,"Smartphone","Google","Termos relacionados","-","smartphone motorola moto g35 128gb","pt","br","0","-"
3319,"Smartphone","Google","Termos relacionados","-","smartphone motorola moto g52","pt","br","0","-"
3320,"Smartphone","Google","Termos relacionados","-","smartphone 4g barato","pt","br","0","-"
3321,"Smartphone","Google","Termos relacionados","-","smartphone para fotos","pt","br","0","-"
3322,"Smartphone","Google","Termos relacionados","-","smartphone xiaomi poco x7 pro 5g 12 256gb","pt","br","0","-"
3323,"Smartphone","Google","Termos relacionados","-","smartphone motorola edge 60 pro 256gb","pt","br","0","-"
3324,"Smartphone","Google","Termos relacionados","-","smartphone motorola razr 50 ultra 512gb 24gb ram","pt","br","0","-"
3325,"Smartphone","Google","Termos relacionados","-","smartphone samsung branco","pt","br","0","-"
3326,"Smartphone","Google","Termos relacionados","-","smartphone 2024","pt","br","0","-"
3327,"Smartphone","Google","Termos relacionados","-","o melhor smartphone da motorola","pt","br","0","-"
3328,"Smartphone","Google","Termos relacionados","-","samsung galaxy a16 smartphone","pt","br","0","-"
3329,"Smartphone","Google","Termos relacionados","-","avaliações sobre smartphone xiaomi redmi note 14","pt","br","0","-"
3330,"Smartphone","Google","Termos relacionados","-","1500 smartphone","pt","br","0","-"
3331,"Smartphone","Google","Termos relacionados","-","quando lançou o smartphone","pt","br","0","-"
3332,"Smartphone","Google","Termos relacionados","-","smartphone 2015","pt","br","0","-"
3333,"Smartphone","Google","Termos relacionados","-","smartphone china","pt","br","0","-"
3334,"Smartphone","Google","Termos relacionados","-","oferta smartphone samsung","pt","br","0","-"
3335,"Smartphone","Google","Termos relacionados","-","smartphone green screen","pt","br","0","-"
3336,"Smartphone","Google","Termos relacionados","-","smartphone 2025 samsung","pt","br","0","-"
3337,"Smartphone","Google","Termos relacionados","-","smartphone a02","pt","br","0","-"
3338,"Smartphone","Google","Termos relacionados","-","smartphone motorola g15 verde 256gb 12gb","pt","br","0","-"
3339,"Smartphone","Google","Termos relacionados","-","smartphone moto g 86","pt","br","0","-"
3340,"Smartphone","Google","Termos relacionados","-","melhor smartphone para trabalho","pt","br","0","-"
3341,"Smartphone","Google","Termos relacionados","-","smartphone infinix note 10 pro 256gb","pt","br","0","-"
3342,"Smartphone","Google","Termos relacionados","-","smartphone pixel 9 pro xl","pt","br","0","-"
3343,"Smartphone","Google","Termos relacionados","-","smartphone 15c","pt","br","0","-"
3344,"Smartphone","Google","Termos relacionados","-","o que é smartphone de entrada","pt","br","0","-"
3345,"Smartphone","Bing","Ordem alfabética","a","smartphone asus","pt","br","1.6K","0.15"
3346,"Smartphone","Bing","Ordem alfabética","a","smartphone a56","pt","br","1.0K","0.42"
3347,"Smartphone","Bing","Ordem alfabética","a","smartphone apple","pt","br","720","0.32"
3348,"Smartphone","Bing","Ordem alfabética","a","smartphone alcatel","pt","br","0","-"
3349,"Smartphone","Bing","Ordem alfabética","a","smartphone addiction","pt","br","0","-"
3350,"Smartphone","Bing","Ordem alfabética","a","smartphone accessories","pt","br","0","-"
3351,"Smartphone","Bing","Ordem alfabética","a","smartphone addiction scale","pt","br","0","-"
3352,"Smartphone","Bing","Ordem alfabética","a","smartphone avenue","pt","br","0","-"
3353,"Smartphone","Bing","Ordem alfabética","b","smartphone barato","pt","br","6.6K","0.25"
3354,"Smartphone","Bing","Ordem alfabética","b","smartphone blackview","pt","br","590","0.17"
3355,"Smartphone","Bing","Ordem alfabética","b","smartphone black friday","pt","br","480","0.6"
3356,"Smartphone","Bing","Ordem alfabética","b","smartphone benchmark","pt","br","0","-"
3357,"Smartphone","Bing","Ordem alfabética","b","smartphone brands","pt","br","0","-"
3358,"Smartphone","Bing","Ordem alfabética","b","smartphone billig","pt","br","0","-"
3359,"Smartphone","Bing","Ordem alfabética","b","smartphone brands list","pt","br","0","-"
3360,"Smartphone","Bing","Ordem alfabética","b","smartphone bis 300 euro","pt","br","0","-"
3361,"Smartphone","Bing","Ordem alfabética","c","smartphone claro","pt","br","6.6K","0.13"
3362,"Smartphone","Bing","Ordem alfabética","c","smartphone caterpillar","pt","br","1.9K","0.11"
3363,"Smartphone","Bing","Ordem alfabética","c","smartphone com nfc","pt","br","1.6K","0.27"
3364,"Smartphone","Bing","Ordem alfabética","c","smartphone casas bahia","pt","br","0","-"
3365,"Smartphone","Bing","Ordem alfabética","c","smartphone comparison","pt","br","0","-"
3366,"Smartphone","Bing","Ordem alfabética","c","smartphone compare","pt","br","0","-"
3367,"Smartphone","Bing","Ordem alfabética","c","smartphone case","pt","br","0","-"
3368,"Smartphone","Bing","Ordem alfabética","c","smartphone camera ranking","pt","br","0","-"
3369,"Smartphone","Bing","Ordem alfabética","c","smartphone camera","pt","br","0","-"
3370,"Smartphone","Bing","Ordem alfabética","c","smartphone cartoon","pt","br","0","-"
3371,"Smartphone","Bing","Ordem alfabética","c","smartphone clipart","pt","br","0","-"
3372,"Smartphone","Bing","Ordem alfabética","c","smartphone compact","pt","br","0","-"
3373,"Smartphone","Bing","Ordem alfabética","d","smartphone doogee","pt","br","720","0.18"
3374,"Smartphone","Bing","Ordem alfabética","d","smartphone definition","pt","br","40","-"
3375,"Smartphone","Bing","Ordem alfabética","d","smartphone drawing","pt","br","30","-"
3376,"Smartphone","Bing","Ordem alfabética","d","smartphone display","pt","br","0","-"
3377,"Smartphone","Bing","Ordem alfabética","d","smartphone doro","pt","br","0","-"
3378,"Smartphone","Bing","Ordem alfabética","d","smartphone deals","pt","br","0","-"
3379,"Smartphone","Bing","Ordem alfabética","d","smartphone description","pt","br","0","-"
3380,"Smartphone","Bing","Ordem alfabética","d","smartphone design trends","pt","br","0","-"
3381,"Smartphone","Bing","Ordem alfabética","d","smartphone display quality","pt","br","0","-"
3382,"Smartphone","Bing","Ordem alfabética","d","smartphone display comparison","pt","br","0","-"
3383,"Smartphone","Bing","Ordem alfabética","e","smartphone em promoção","pt","br","8.1K","0.33"
3384,"Smartphone","Bing","Ordem alfabética","e","smartphone emoji","pt","br","140","-"
3385,"Smartphone","Bing","Ordem alfabética","e","smartphone esim","pt","br","0","-"
3386,"Smartphone","Bing","Ordem alfabética","e","smartphone emulator","pt","br","0","-"
3387,"Smartphone","Bing","Ordem alfabética","e","smartphone evolution","pt","br","0","-"
3388,"Smartphone","Bing","Ordem alfabética","e","smartphone er","pt","br","0","-"
3389,"Smartphone","Bing","Ordem alfabética","e","smartphone extension","pt","br","0","-"
3390,"Smartphone","Bing","Ordem alfabética","f","smartphone flip","pt","br","1.0K","0.14"
3391,"Smartphone","Bing","Ordem alfabética","f","smartphone fold","pt","br","140","0.14"
3392,"Smartphone","Bing","Ordem alfabética","f","smartphone flash tool","pt","br","50","-"
3393,"Smartphone","Bing","Ordem alfabética","f","smartphone for seniors","pt","br","0","-"
3394,"Smartphone","Bing","Ordem alfabética","f","smartphone free childhood","pt","br","0","-"
3395,"Smartphone","Bing","Ordem alfabética","f","smartphone for photography","pt","br","0","-"
3396,"Smartphone","Bing","Ordem alfabética","f","smartphone free childhood uk","pt","br","0","-"
3397,"Smartphone","Bing","Ordem alfabética","f","smartphone for kids","pt","br","0","-"
3398,"Smartphone","Bing","Ordem alfabética","g","smartphone google","pt","br","1.0K","0.12"
3399,"Smartphone","Bing","Ordem alfabética","g","smartphone gamer","pt","br","1.0K","0.15"
3400,"Smartphone","Bing","Ordem alfabética","g","smartphone google pixel 10","pt","br","70","0.1"
3401,"Smartphone","Bing","Ordem alfabética","g","smartphone google pixel 10 pro","pt","br","0","-"
3402,"Smartphone","Bing","Ordem alfabética","g","smartphone gimbal","pt","br","0","-"
3403,"Smartphone","Bing","Ordem alfabética","g","smartphone google pixel 9a","pt","br","0","-"
3404,"Smartphone","Bing","Ordem alfabética","g","smartphone grip bosch","pt","br","0","-"
3405,"Smartphone","Bing","Ordem alfabética","g","smartphone grip vertical","pt","br","0","-"
3406,"Smartphone","Bing","Ordem alfabética","h","smartphone huawei","pt","br","2.9K","0.17"
3407,"Smartphone","Bing","Ordem alfabética","h","smartphone honor","pt","br","1.3K","0.11"
3408,"Smartphone","Bing","Ordem alfabética","h","smartphone holder","pt","br","30","-"
3409,"Smartphone","Bing","Ordem alfabética","h","smartphone huawei 2025","pt","br","0","-"
3410,"Smartphone","Bing","Ordem alfabética","h","smartphone history","pt","br","0","-"
3411,"Smartphone","Bing","Ordem alfabética","h","smartphone help","pt","br","0","-"
3412,"Smartphone","Bing","Ordem alfabética","h","smartphone hs code","pt","br","0","-"
3413,"Smartphone","Bing","Ordem alfabética","h","smartphone hsn code","pt","br","0","-"
3414,"Smartphone","Bing","Ordem alfabética","i","smartphone infinix","pt","br","2.9K","-"
3415,"Smartphone","Bing","Ordem alfabética","i","smartphone icon","pt","br","390","-"
3416,"Smartphone","Bing","Ordem alfabética","i","smartphone ip68","pt","br","210","0.21"
3417,"Smartphone","Bing","Ordem alfabética","i","smartphone iphone 15 pro max","pt","br","0","-"
3418,"Smartphone","Bing","Ordem alfabética","i","smartphone icon png","pt","br","0","-"
3419,"Smartphone","Bing","Ordem alfabética","i","smartphone image","pt","br","0","-"
3420,"Smartphone","Bing","Ordem alfabética","i","smartphone icon pack","pt","br","0","-"
3421,"Smartphone","Bing","Ordem alfabética","i","smartphone id","pt","br","0","-"
3422,"Smartphone","Bing","Ordem alfabética","i","smartphone icon vector","pt","br","0","-"
3423,"Smartphone","Bing","Ordem alfabética","i","smartphone industry trends","pt","br","0","-"
3424,"Smartphone","Bing","Ordem alfabética","i","smartphone icon design","pt","br","0","-"
3425,"Smartphone","Bing","Ordem alfabética","i","smartphone integration features","pt","br","0","-"
3426,"Smartphone","Bing","Ordem alfabética","j","smartphone jovi","pt","br","1.9K","0.19"
3427,"Smartphone","Bing","Ordem alfabética","j","smartphone jovi v50","pt","br","1.6K","0.15"
3428,"Smartphone","Bing","Ordem alfabética","j","smartphone jovi v50 5g 512gb 12gb ram","pt","br","480","0.2"
3429,"Smartphone","Bing","Ordem alfabética","j","smartphone jovi y29","pt","br","0","-"
3430,"Smartphone","Bing","Ordem alfabética","j","smartphone jpg","pt","br","0","-"
3431,"Smartphone","Bing","Ordem alfabética","j","smartphone juegos","pt","br","0","-"
3432,"Smartphone","Bing","Ordem alfabética","j","smartphone jovi y31","pt","br","0","-"
3433,"Smartphone","Bing","Ordem alfabética","j","smartphone jovi t1 5g","pt","br","0","-"
3434,"Smartphone","Bing","Ordem alfabética","j","smartphone juvenil","pt","br","0","-"
3435,"Smartphone","Bing","Ordem alfabética","j","smartphone japonés","pt","br","0","-"
3436,"Smartphone","Bing","Ordem alfabética","j","smartphone jovi v70","pt","br","0","-"
3437,"Smartphone","Bing","Ordem alfabética","j","smartphone joya","pt","br","0","-"
3438,"Smartphone","Bing","Ordem alfabética","k","smartphone keyboard","pt","br","70","-"
3439,"Smartphone","Bing","Ordem alfabética","l","smartphone lg","pt","br","1.9K","0.19"
3440,"Smartphone","Bing","Ordem alfabética","l","smartphone logo","pt","br","140","-"
3441,"Smartphone","Bing","Ordem alfabética","l","smartphone linux","pt","br","50","-"
3442,"Smartphone","Bing","Ordem alfabética","l","smartphone link","pt","br","0","-"
3443,"Smartphone","Bing","Ordem alfabética","l","smartphone link windows 11","pt","br","0","-"
3444,"Smartphone","Bing","Ordem alfabética","l","smartphone login","pt","br","0","-"
3445,"Smartphone","Bing","Ordem alfabética","l","smartphone link download","pt","br","0","-"
3446,"Smartphone","Bing","Ordem alfabética","l","smartphone link windows","pt","br","0","-"
3447,"Smartphone","Bing","Ordem alfabética","l","smartphone link app windows 11","pt","br","0","-"
3448,"Smartphone","Bing","Ordem alfabética","l","smartphone link windows 11 download","pt","br","0","-"
3449,"Smartphone","Bing","Ordem alfabética","m","smartphone motorola edge 60 pro 5g","pt","br","27.1K","0.35"
3450,"Smartphone","Bing","Ordem alfabética","m","smartphone motorola","pt","br","18.1K","0.41"
3451,"Smartphone","Bing","Ordem alfabética","m","smartphone motorola moto g35 5g","pt","br","5.4K","0.72"
3452,"Smartphone","Bing","Ordem alfabética","m","smartphone motorola edge 60 5g 512 gb","pt","br","0","-"
3453,"Smartphone","Bing","Ordem alfabética","m","smartphone motorola edge 60 pro","pt","br","0","-"
3454,"Smartphone","Bing","Ordem alfabética","m","smartphone motorola edge 60","pt","br","0","-"
3455,"Smartphone","Bing","Ordem alfabética","m","smartphone motorola moto g05","pt","br","0","-"
3456,"Smartphone","Bing","Ordem alfabética","m","smartphone motorola moto g06","pt","br","0","-"
3457,"Smartphone","Bing","Ordem alfabética","m","smartphone motorola moto g15","pt","br","0","-"
3458,"Smartphone","Bing","Ordem alfabética","m","smartphone motorola moto g35","pt","br","0","-"
3459,"Smartphone","Bing","Ordem alfabética","m","smartphone motorola edge 60 fusion","pt","br","0","-"
3460,"Smartphone","Bing","Ordem alfabética","m","smartphone motorola edge 60 neo 5g 256gb","pt","br","0","-"
3461,"Smartphone","Bing","Ordem alfabética","n","smartphone xiaomi redmi note 14","pt","br","2.4K","0.41"
3462,"Smartphone","Bing","Ordem alfabética","n","smartphone nokia","pt","br","1.9K","0.09"
3463,"Smartphone","Bing","Ordem alfabética","n","smartphone nubia","pt","br","480","0.16"
3464,"Smartphone","Bing","Ordem alfabética","n","smartphone nothing","pt","br","0","-"
3465,"Smartphone","Bing","Ordem alfabética","n","smartphone news","pt","br","0","-"
3466,"Smartphone","Bing","Ordem alfabética","n","smartphone no camera","pt","br","0","-"
3467,"Smartphone","Bing","Ordem alfabética","n","smartphone navigator","pt","br","0","-"
3468,"Smartphone","Bing","Ordem alfabética","n","smartphone nation","pt","br","0","-"
3469,"Smartphone","Bing","Ordem alfabética","n","smartphone nokia 6 3 zoll","pt","br","0","-"
3470,"Smartphone","Bing","Ordem alfabética","o","smartphone oppo","pt","br","4.4K","0.23"
3471,"Smartphone","Bing","Ordem alfabética","o","smartphone oneplus","pt","br","260","0.13"
3472,"Smartphone","Bing","Ordem alfabética","o","smartphone oppo 5g","pt","br","90","0.09"
3473,"Smartphone","Bing","Ordem alfabética","o","smartphone only","pt","br","0","-"
3474,"Smartphone","Bing","Ordem alfabética","o","smartphone omnium proximus","pt","br","0","-"
3475,"Smartphone","Bing","Ordem alfabética","o","smartphone or smart phone","pt","br","0","-"
3476,"Smartphone","Bing","Ordem alfabética","p","smartphone promoção","pt","br","4.4K","0.37"
3477,"Smartphone","Bing","Ordem alfabética","p","smartphone para idosos","pt","br","2.4K","0.18"
3478,"Smartphone","Bing","Ordem alfabética","p","smartphone poco","pt","br","2.4K","0.21"
3479,"Smartphone","Bing","Ordem alfabética","p","smartphone poco x7 pro","pt","br","0","-"
3480,"Smartphone","Bing","Ordem alfabética","p","smartphone png","pt","br","0","-"
3481,"Smartphone","Bing","Ordem alfabética","p","smartphone pequeno","pt","br","0","-"
3482,"Smartphone","Bing","Ordem alfabética","p","smartphone picture","pt","br","0","-"
3483,"Smartphone","Bing","Ordem alfabética","p","smartphone processor ranking","pt","br","0","-"
3484,"Smartphone","Bing","Ordem alfabética","p","smartphone photo","pt","br","0","-"
3485,"Smartphone","Bing","Ordem alfabética","p","smartphone price","pt","br","0","-"
3486,"Smartphone","Bing","Ordem alfabética","p","smartphone photography","pt","br","0","-"
3487,"Smartphone","Bing","Ordem alfabética","p","smartphone parking bollards","pt","br","0","-"
3488,"Smartphone","Bing","Ordem alfabética","q","smartphone qwerty","pt","br","140","0.25"
3489,"Smartphone","Bing","Ordem alfabética","q","smartphone que es","pt","br","10","-"
3490,"Smartphone","Bing","Ordem alfabética","q","smartphone quick charge","pt","br","10","-"
3491,"Smartphone","Bing","Ordem alfabética","q","smartphone quiz","pt","br","0","-"
3492,"Smartphone","Bing","Ordem alfabética","q","smartphone qi","pt","br","0","-"
3493,"Smartphone","Bing","Ordem alfabética","q","smartphone que significa","pt","br","0","-"
3494,"Smartphone","Bing","Ordem alfabética","q","smartphone que comprar","pt","br","0","-"
3495,"Smartphone","Bing","Ordem alfabética","r","smartphone realme","pt","br","2.4K","0.18"
3496,"Smartphone","Bing","Ordem alfabética","r","smartphone redmi","pt","br","1.6K","0.23"
3497,"Smartphone","Bing","Ordem alfabética","r","smartphone ranking","pt","br","170","0.12"
3498,"Smartphone","Bing","Ordem alfabética","r","smartphone rugged","pt","br","0","-"
3499,"Smartphone","Bing","Ordem alfabética","r","smartphone reviews","pt","br","0","-"
3500,"Smartphone","Bing","Ordem alfabética","r","smartphone repair","pt","br","0","-"
3501,"Smartphone","Bing","Ordem alfabética","r","smartphone reload","pt","br","0","-"
3502,"Smartphone","Bing","Ordem alfabética","r","smartphone refurbished","pt","br","0","-"
3503,"Smartphone","Bing","Ordem alfabética","r","smartphone repair near me","pt","br","0","-"
3504,"Smartphone","Bing","Ordem alfabética","s","smartphone samsung","pt","br","40.5K","0.52"
3505,"Smartphone","Bing","Ordem alfabética","s","smartphone samsung galaxy","pt","br","1.9K","0.6"
3506,"Smartphone","Bing","Ordem alfabética","s","smartphone samsung a56","pt","br","1.6K","0.55"
3507,"Smartphone","Bing","Ordem alfabética","s","smartphone samsung galaxy s24","pt","br","0","-"
3508,"Smartphone","Bing","Ordem alfabética","s","smartphone sony","pt","br","0","-"
3509,"Smartphone","Bing","Ordem alfabética","s","smartphone samsung galaxy a56","pt","br","0","-"
3510,"Smartphone","Bing","Ordem alfabética","s","smartphone samsung galaxy a16","pt","br","0","-"
3511,"Smartphone","Bing","Ordem alfabética","s","smartphone samsung galaxy a36","pt","br","0","-"
3512,"Smartphone","Bing","Ordem alfabética","s","smartphone samsung galaxy a56 5g 256gb","pt","br","0","-"
3513,"Smartphone","Bing","Ordem alfabética","s","smartphone samsung a07","pt","br","0","-"
3514,"Smartphone","Bing","Ordem alfabética","s","smartphone samsung galaxy a17","pt","br","0","-"
3515,"Smartphone","Bing","Ordem alfabética","s","smartphone samsung galaxy a16 4g","pt","br","0","-"
3516,"Smartphone","Bing","Ordem alfabética","t","smartphone tcl","pt","br","1.3K","0.12"
3517,"Smartphone","Bing","Ordem alfabética","t","smartphone tycoon","pt","br","90","-"
3518,"Smartphone","Bing","Ordem alfabética","t","smartphone tycoon 2","pt","br","40","-"
3519,"Smartphone","Bing","Ordem alfabética","t","smartphone tripod","pt","br","0","-"
3520,"Smartphone","Bing","Ordem alfabética","u","smartphone under 6000","pt","br","10","-"
3521,"Smartphone","Bing","Ordem alfabética","u","smartphone under 5000","pt","br","10","-"
3522,"Smartphone","Bing","Ordem alfabética","u","smartphone under 20000","pt","br","10","-"
3523,"Smartphone","Bing","Ordem alfabética","u","smartphone under 10000","pt","br","0","-"
3524,"Smartphone","Bing","Ordem alfabética","u","smartphone under 20k","pt","br","0","-"
3525,"Smartphone","Bing","Ordem alfabética","u","smartphone under 15000","pt","br","0","-"
3526,"Smartphone","Bing","Ordem alfabética","u","smartphone under 25000","pt","br","0","-"
3527,"Smartphone","Bing","Ordem alfabética","u","smartphone under 10000 5g","pt","br","0","-"
3528,"Smartphone","Bing","Ordem alfabética","u","smartphone usage tips","pt","br","0","-"
3529,"Smartphone","Bing","Ordem alfabética","u","smartphone usage benefits","pt","br","0","-"
3530,"Smartphone","Bing","Ordem alfabética","u","smartphone under 10k","pt","br","0","-"
3531,"Smartphone","Bing","Ordem alfabética","u","smartphone under 40000","pt","br","0","-"
3532,"Smartphone","Bing","Ordem alfabética","v","smartphone vivo","pt","br","1.9K","0.21"
3533,"Smartphone","Bing","Ordem alfabética","w","smartphone wallpaper","pt","br","320","0.29"
3534,"Smartphone","Bing","Ordem alfabética","w","smartphone wikipedia","pt","br","70","-"
3535,"Smartphone","Bing","Ordem alfabética","w","smartphone with keyboard","pt","br","70","-"
3536,"Smartphone","Bing","Ordem alfabética","w","smartphone without camera","pt","br","0","-"
3537,"Smartphone","Bing","Ordem alfabética","w","smartphone with fast charging","pt","br","0","-"
3538,"Smartphone","Bing","Ordem alfabética","w","smartphone wallet","pt","br","0","-"
3539,"Smartphone","Bing","Ordem alfabética","w","smartphone with dual sim","pt","br","0","-"
3540,"Smartphone","Bing","Ordem alfabética","w","smartphone with long battery life","pt","br","0","-"
3541,"Smartphone","Bing","Ordem alfabética","w","smartphone with buttons","pt","br","0","-"
3542,"Smartphone","Bing","Ordem alfabética","w","smartphone wechseln daten übertragen","pt","br","0","-"
3543,"Smartphone","Bing","Ordem alfabética","w","smartphone without camera and gps","pt","br","0","-"
3544,"Smartphone","Bing","Ordem alfabética","w","smartphone with large display","pt","br","0","-"
3545,"Smartphone","Bing","Ordem alfabética","x","smartphone xiaomi","pt","br","18.1K","0.21"
3546,"Smartphone","Bing","Ordem alfabética","x","smartphone xiaomi redmi note 14","pt","br","2.4K","0.41"
3547,"Smartphone","Bing","Ordem alfabética","x","smartphone xiaomi redmi note 14 pro 5g","pt","br","1.9K","0.33"
3548,"Smartphone","Bing","Ordem alfabética","x","smartphone xiaomi poco x7 pro","pt","br","0","-"
3549,"Smartphone","Bing","Ordem alfabética","x","smartphone xiaomi poco x7 pro 5g","pt","br","0","-"
3550,"Smartphone","Bing","Ordem alfabética","x","smartphone xiaomi redmi note 14 5g","pt","br","0","-"
3551,"Smartphone","Bing","Ordem alfabética","x","smartphone xiaomi redmi note 15 pro","pt","br","0","-"
3552,"Smartphone","Bing","Ordem alfabética","x","smartphone xiaomi redmi note 15","pt","br","0","-"
3553,"Smartphone","Bing","Ordem alfabética","x","smartphone xiaomi redmi a5","pt","br","0","-"
3554,"Smartphone","Bing","Ordem alfabética","x","smartphone xiaomi 15 pro","pt","br","0","-"
3555,"Smartphone","Bing","Ordem alfabética","x","smartphone xiaomi redmi note 15 5g","pt","br","0","-"
3556,"Smartphone","Bing","Ordem alfabética","x","smartphone xiaomi 15t pro","pt","br","0","-"
3557,"Smartphone","Bing","Ordem alfabética","y","smartphone year invented","pt","br","10","-"
3558,"Smartphone","Bing","Ordem alfabética","y","smartphone yonis","pt","br","10","-"
3559,"Smartphone","Bing","Ordem alfabética","y","smartphone yojana","pt","br","10","-"
3560,"Smartphone","Bing","Ordem alfabética","y","smartphone youtube","pt","br","0","-"
3561,"Smartphone","Bing","Ordem alfabética","y","smartphone yizhood","pt","br","0","-"
3562,"Smartphone","Bing","Ordem alfabética","y","smartphone yas","pt","br","0","-"
3563,"Smartphone","Bing","Ordem alfabética","y","smartphone yang support esim","pt","br","0","-"
3564,"Smartphone","Bing","Ordem alfabética","z","smartphone zte","pt","br","210","0.06"
3565,"Smartphone","Bing","Ordem alfabética","z","smartphone zebra","pt","br","40","0.29"
3566,"Smartphone","Bing","Ordem alfabética","z","smartphone zombie","pt","br","10","-"
3567,"Smartphone","Bing","Comparações","e","smartphone e ink","pt","br","260","0.11"
3568,"Smartphone","Bing","Comparações","e","smartphone e celular diferença","pt","br","0","-"
3569,"Smartphone","Bing","Comparações","e","smartphone e tablet","pt","br","0","-"
3570,"Smartphone","Bing","Comparações","e","smartphone e celulares","pt","br","0","-"
3571,"Smartphone","Bing","Comparações","e","smartphone e computer","pt","br","0","-"
3572,"Smartphone","Bing","Comparações","e","smartphone e kyc","pt","br","0","-"
3573,"Smartphone","Bing","Comparações","ou","smartphone ou celular","pt","br","90","-"
3574,"Smartphone","Bing","Comparações","ou","smartphone ou iphone","pt","br","90","0.08"
3575,"Smartphone","Bing","Comparações","ou","smartphone ou android","pt","br","30","-"
3576,"Smartphone","Bing","Comparações","ou","smartphone ou appareil photo","pt","br","0","-"
3577,"Smartphone","Bing","Comparações","ou","smartphone ou tablette","pt","br","0","-"
3578,"Smartphone","Bing","Comparações","ou","smartphone ou iphone que choisir","pt","br","0","-"
3579,"Smartphone","Bing","Comparações","ou","smartphone ou montre connectée","pt","br","0","-"
3580,"Smartphone","Bing","Comparações","ou","smartphone ou ordinateur portable","pt","br","0","-"
3581,"Smartphone","Bing","Comparações","ou","smartphone ou téléphone classique","pt","br","0","-"
3582,"Smartphone","Bing","Comparações","ou","smartphone ou iphone quelle différence","pt","br","0","-"
3583,"Smartphone","Bing","Comparações","ou","smartphone ou gsm","pt","br","0","-"
3584,"Smartphone","Bing","Comparações","ou","smartphone ou téléphone","pt","br","0","-"
3585,"Smartphone","Bing","Comparações","versus","smartphone versus tablet","pt","br","10","-"
3586,"Smartphone","Bing","Comparações","versus","smartphone versus tablet comparison","pt","br","0","-"
3587,"Smartphone","Bing","Comparações","versus","smartphone versus camera","pt","br","0","-"
3588,"Smartphone","Bing","Comparações","versus","smartphone versus laptop","pt","br","0","-"
3589,"Smartphone","Bing","Comparações","versus","smartphone versus desktop","pt","br","0","-"
3590,"Smartphone","Bing","Comparações","versus","smartphone versus tablet for kids","pt","br","0","-"
3591,"Smartphone","Bing","Comparações","versus","smartphone versus tablet for gaming","pt","br","0","-"
3592,"Smartphone","Bing","Comparações","versus","smartphone versus tablet for travel","pt","br","0","-"
3593,"Smartphone","Bing","Comparações","versus","smartphone versus tablet for seniors","pt","br","0","-"
3594,"Smartphone","Bing","Comparações","versus","smartphone versus tablet for business","pt","br","0","-"
3595,"Smartphone","Bing","Comparações","versus","smartphone versus tablet market share","pt","br","0","-"
3596,"Smartphone","Bing","Comparações","versus","smartphone versus tablet for education","pt","br","0","-"
3597,"Smartphone","Bing","Comparações","vs","smartphone vs iphone","pt","br","10","-"
3598,"Smartphone","Bing","Comparações","vs","smartphone vs cell phone","pt","br","10","-"
3599,"Smartphone","Bing","Comparações","vs","smartphone vs tablet","pt","br","10","-"
3600,"Smartphone","Bing","Comparações","vs","smartphone vs android","pt","br","0","-"
3601,"Smartphone","Bing","Comparações","vs","smartphone vs mobile phone","pt","br","0","-"
3602,"Smartphone","Bing","Comparações","vs","smartphone vs smartwatch","pt","br","0","-"
3603,"Smartphone","Bing","Comparações","vs","smartphone vs smart phone","pt","br","0","-"
3604,"Smartphone","Bing","Comparações","vs","smartphone vs digital camera","pt","br","0","-"
3605,"Smartphone","Bing","Comparações","vs","smartphone vs e reader","pt","br","0","-"
3606,"Smartphone","Bing","Comparações","vs","smartphone vs feature phone","pt","br","0","-"
3607,"Smartphone","Bing","Comparações","vs","smartphone vs gaming console","pt","br","0","-"
3608,"Smartphone","Bing","Comparações","vs","smartphone vs cámara digital","pt","br","0","-"
3609,"Smartphone","Bing","Números","1","smartphone 128gb","pt","br","1.9K","0.48"
3610,"Smartphone","Bing","Números","1","smartphone 12gb ram","pt","br","880","0.23"
3611,"Smartphone","Bing","Números","1","smartphone 16gb ram","pt","br","590","0.33"
3612,"Smartphone","Bing","Números","1","smartphone 1tb","pt","br","0","-"
3613,"Smartphone","Bing","Números","1","smartphone 128gb 8gb ram","pt","br","0","-"
3614,"Smartphone","Bing","Números","1","smartphone 10000mah","pt","br","0","-"
3615,"Smartphone","Bing","Números","1","smartphone 17","pt","br","0","-"
3616,"Smartphone","Bing","Números","1","smartphone 120hz","pt","br","0","-"
3617,"Smartphone","Bing","Números","1","smartphone 17 pro max","pt","br","0","-"
3618,"Smartphone","Bing","Números","1","smartphone 120hz display","pt","br","0","-"
3619,"Smartphone","Bing","Números","1","smartphone 100 euro","pt","br","0","-"
3620,"Smartphone","Bing","Números","1","smartphone 12gb ram 512gb rom","pt","br","0","-"
3621,"Smartphone","Bing","Números","2","smartphone 256gb","pt","br","6.6K","0.43"
3622,"Smartphone","Bing","Números","2","smartphone 256gb 8gb ram","pt","br","1.3K","0.44"
3623,"Smartphone","Bing","Números","2","smartphone 2025","pt","br","720","0.28"
3624,"Smartphone","Bing","Números","2","smartphone 256gb 5g","pt","br","0","-"
3625,"Smartphone","Bing","Números","2","smartphone 2026","pt","br","0","-"
3626,"Smartphone","Bing","Números","2","smartphone 256gb 12gb ram","pt","br","0","-"
3627,"Smartphone","Bing","Números","2","smartphone 2010","pt","br","0","-"
3628,"Smartphone","Bing","Números","2","smartphone 2007","pt","br","0","-"
3629,"Smartphone","Bing","Números","2","smartphone 2024","pt","br","0","-"
3630,"Smartphone","Bing","Números","2","smartphone 200mp camera","pt","br","0","-"
3631,"Smartphone","Bing","Números","2","smartphone 256gb storage","pt","br","0","-"
3632,"Smartphone","Bing","Números","2","smartphone 240hz display","pt","br","0","-"
3633,"Smartphone","Bing","Números","3","smartphone 3d","pt","br","50","-"
3634,"Smartphone","Bing","Números","3","smartphone 3d model","pt","br","20","-"
3635,"Smartphone","Bing","Números","3","smartphone 3d display","pt","br","10","-"
3636,"Smartphone","Bing","Números","3","smartphone 3d camera","pt","br","0","-"
3637,"Smartphone","Bing","Números","3","smartphone 300€","pt","br","0","-"
3638,"Smartphone","Bing","Números","3","smartphone 300 euro","pt","br","0","-"
3639,"Smartphone","Bing","Números","3","smartphone 3d wallpaper","pt","br","0","-"
3640,"Smartphone","Bing","Números","3","smartphone 3d games","pt","br","0","-"
3641,"Smartphone","Bing","Números","3","smartphone 3g support","pt","br","0","-"
3642,"Smartphone","Bing","Números","4","smartphone 4gb ram","pt","br","140","0.42"
3643,"Smartphone","Bing","Números","4","smartphone 4g double sim","pt","br","10","-"
3644,"Smartphone","Bing","Números","4","smartphone 4 inch display","pt","br","10","-"
3645,"Smartphone","Bing","Números","4","smartphone 4k screen","pt","br","0","-"
3646,"Smartphone","Bing","Números","4","smartphone 4k display","pt","br","0","-"
3647,"Smartphone","Bing","Números","4","smartphone 4 camera setup","pt","br","0","-"
3648,"Smartphone","Bing","Números","4","smartphone 4g enabled","pt","br","0","-"
3649,"Smartphone","Bing","Números","5","smartphone 512gb","pt","br","3.6K","0.29"
3650,"Smartphone","Bing","Números","5","smartphone 512gb 12gb ram","pt","br","1.3K","0.29"
3651,"Smartphone","Bing","Números","5","smartphone 5g 256gb","pt","br","1.3K","0.31"
3652,"Smartphone","Bing","Números","5","smartphone 5g 256gb 8gb ram","pt","br","0","-"
3653,"Smartphone","Bing","Números","5","smartphone 5g barato","pt","br","0","-"
3654,"Smartphone","Bing","Números","5","smartphone 5","pt","br","0","-"
3655,"Smartphone","Bing","Números","5","smartphone 5g features","pt","br","0","-"
3656,"Smartphone","Bing","Números","6","smartphone 6gb ram","pt","br","590","0.39"
3657,"Smartphone","Bing","Números","6","smartphone 64gb","pt","br","390","0.34"
3658,"Smartphone","Bing","Números","6","smartphone 6gb ram 128gb","pt","br","140","0.31"
3659,"Smartphone","Bing","Números","6","smartphone 6gb","pt","br","0","-"
3660,"Smartphone","Bing","Números","6","smartphone 6","pt","br","0","-"
3661,"Smartphone","Bing","Números","6","smartphone 6 inch","pt","br","0","-"
3662,"Smartphone","Bing","Números","7","smartphone motorola edge 70","pt","br","2.4K","0.4"
3663,"Smartphone","Bing","Números","7","smartphone 7000mah","pt","br","170","0.15"
3664,"Smartphone","Bing","Números","7","smartphone honor magic 7 lite","pt","br","170","0.2"
3665,"Smartphone","Bing","Números","7","smartphone motorola edge 70 fusion 5g","pt","br","0","-"
3666,"Smartphone","Bing","Números","7","smartphone 7 inch","pt","br","0","-"
3667,"Smartphone","Bing","Números","7","smartphone 7 inch display","pt","br","0","-"
3668,"Smartphone","Bing","Números","8","smartphone 8gb ram","pt","br","1.6K","0.5"
3669,"Smartphone","Bing","Números","8","smartphone 8gb ram 256gb","pt","br","720","0.52"
3670,"Smartphone","Bing","Números","8","smartphone 8gb","pt","br","210","0.58"
3671,"Smartphone","Bing","Números","8","smartphone 8gb ram 5g","pt","br","0","-"
3672,"Smartphone","Bing","Números","8","smartphone 8gb ram 256gb 5g","pt","br","0","-"
3673,"Smartphone","Bing","Números","8","smartphone 8gb ram 128gb","pt","br","0","-"
3674,"Smartphone","Bing","Números","8","smartphone 8gb 128gb","pt","br","0","-"
3675,"Smartphone","Bing","Números","8","smartphone 8gb ram 256gb rom","pt","br","0","-"
3676,"Smartphone","Bing","Números","8","smartphone 8 inch display","pt","br","0","-"
3677,"Smartphone","Bing","Números","8","smartphone 8 core processor","pt","br","0","-"
3678,"Smartphone","Bing","Números","9","smartphone pixel 9","pt","br","140","0.12"
3679,"Smartphone","Bing","Números","9","smartphone infinix smart 9","pt","br","140","0.25"
3680,"Smartphone","Bing","Números","9","smartphone google pixel 9 pro xl","pt","br","30","-"
3681,"Smartphone","Bing","Números","9","smartphone 900","pt","br","0","-"
3682,"Smartphone","Bing","Números","9","smartphone google pixel 9a","pt","br","0","-"
3683,"Smartphone","Bing","Números","9","smartphone 974","pt","br","0","-"
3684,"Smartphone","Bing","Preposições","com","smartphone com nfc","pt","br","1.6K","0.27"
3685,"Smartphone","Bing","Preposições","com","smartphone com melhor camera","pt","br","720","0.18"
3686,"Smartphone","Bing","Preposições","com","smartphone com nfc barato","pt","br","390","0.27"
3687,"Smartphone","Bing","Preposições","com","smartphone com camera boa","pt","br","0","-"
3688,"Smartphone","Bing","Preposições","com","smartphone com carregamento por indução","pt","br","0","-"
3689,"Smartphone","Bing","Preposições","com","smartphone com esim","pt","br","0","-"
3690,"Smartphone","Bing","Preposições","com","smartphone com processador snapdragon","pt","br","0","-"
3691,"Smartphone","Bing","Preposições","com","smartphone com melhor custo benefício","pt","br","0","-"
3692,"Smartphone","Bing","Preposições","com","smartphone com bateria de longa duração","pt","br","0","-"
3693,"Smartphone","Bing","Preposições","com","smartphone com snapdragon 8 elite","pt","br","0","-"
3694,"Smartphone","Bing","Preposições","com","smartphone com radio fm","pt","br","0","-"
3695,"Smartphone","Bing","Preposições","com","smartphone com 4 anos está novo","pt","br","0","-"
3696,"Smartphone","Bing","Preposições","como","smartphone como webcam","pt","br","0","-"
3697,"Smartphone","Bing","Preposições","para","smartphone para idosos","pt","br","2.4K","0.18"
3698,"Smartphone","Bing","Preposições","para","smartphone para jogos","pt","br","320","0.15"
3699,"Smartphone","Bing","Preposições","para","smartphone para empresa","pt","br","40","1.49"
3700,"Smartphone","Bing","Preposições","para","smartphone para juegos","pt","br","0","-"
3701,"Smartphone","Bing","Preposições","para","smartphone para personas mayores","pt","br","0","-"
3702,"Smartphone","Bing","Preposições","para","smartphone para seniores","pt","br","0","-"
3703,"Smartphone","Bing","Preposições","para","smartphone para mayores","pt","br","0","-"
3704,"Smartphone","Bing","Preposições","para","smartphone para fotografía","pt","br","0","-"
3705,"Smartphone","Bing","Preposições","para","smartphone para trabajo","pt","br","0","-"
3706,"Smartphone","Bing","Preposições","para","smartphone para viajar","pt","br","0","-"
3707,"Smartphone","Bing","Preposições","para","smartphone para niños","pt","br","0","-"
3708,"Smartphone","Bing","Preposições","para","smartphone para adultos mayores","pt","br","0","-"
3709,"Smartphone","Bing","Preposições","parecido com","smartphone parecido com iphone","pt","br","140","0.12"
3710,"Smartphone","Bing","Preposições","perto","loja de smartphone perto de mim","pt","br","0","-"
3711,"Smartphone","Bing","Preposições","sem","smartphone sem android","pt","br","10","-"
3712,"Smartphone","Bing","Perguntas","como","usar smartphone como webcam","pt","br","50","-"
3713,"Smartphone","Bing","Perguntas","como","smartphone como webcam","pt","br","10","-"
3714,"Smartphone","Bing","Perguntas","como","como transferir fotos do smartphone para o pc","pt","br","10","0.27"
3715,"Smartphone","Bing","Perguntas","como","como smartphone funciona","pt","br","0","-"
3716,"Smartphone","Bing","Perguntas","como","como smartphone configurar","pt","br","0","-"
3717,"Smartphone","Bing","Perguntas","como","como conectar smartphone a wifi","pt","br","0","-"
3718,"Smartphone","Bing","Perguntas","é","iphone é smartphone","pt","br","390","0.08"
3719,"Smartphone","Bing","Perguntas","o que","smartphone o que é","pt","br","2.4K","0.21"
3720,"Smartphone","Bing","Perguntas","onde","onde comprar smartphone barato","pt","br","70","0.13"
3721,"Smartphone","Bing","Perguntas","onde","onde comprar smartphone","pt","br","40","0.14"
3722,"Smartphone","Bing","Perguntas","onde","onde elettromagnetiche smartphone","pt","br","0","-"
3723,"Smartphone","Bing","Perguntas","qual","qual smartphone tem a melhor câmera","pt","br","390","0.16"
3724,"Smartphone","Bing","Perguntas","qual","qual smartphone mais barato","pt","br","260","0.12"
3725,"Smartphone","Bing","Perguntas","qual","qual smartphone comprar","pt","br","170","0.09"
3726,"Smartphone","Bing","Perguntas","qual","qual smartphone tem a melhor bateria","pt","br","0","-"
3727,"Smartphone","Bing","Perguntas","qual","qual smartphone comprar 2025","pt","br","0","-"
3728,"Smartphone","Bing","Perguntas","qual","qual smartphone comprar 2026","pt","br","0","-"
3729,"Smartphone","Bing","Perguntas","qual","qual smartphone comprar 2024","pt","br","0","-"
3730,"Smartphone","Bing","Perguntas","qual","qual melhor smartphone para 2025","pt","br","0","-"
3731,"Smartphone","Bing","Perguntas","quando","quando o smartphone foi criado","pt","br","110","-"
3732,"Smartphone","Bing","Perguntas","quando","smartphone quando surgiu","pt","br","30","-"
3733,"Smartphone","Bing","Perguntas","quando","quando è nato lo smartphone","pt","br","0","-"
3734,"Smartphone","Bing","Perguntas","quem","quem inventou o smartphone","pt","br","390","-"
3735,"Smartphone","Bing","Perguntas","quem","quem criou o primeiro smartphone","pt","br","70","-"
3736,"Smartphone","YouTube","Ordem alfabética","a","smartphone asus","pt","br","1.6K","0.15"
3737,"Smartphone","YouTube","Ordem alfabética","a","smartphone a56","pt","br","1.0K","0.42"
3738,"Smartphone","YouTube","Ordem alfabética","a","smartphone a16","pt","br","880","0.44"
3739,"Smartphone","YouTube","Ordem alfabética","a","smartphone ate 1000","pt","br","0","-"
3740,"Smartphone","YouTube","Ordem alfabética","a","smartphone ate 2000","pt","br","0","-"
3741,"Smartphone","YouTube","Ordem alfabética","a","smartphone ate 1500","pt","br","0","-"
3742,"Smartphone","YouTube","Ordem alfabética","a","smartphone ate 700 reais","pt","br","0","-"
3743,"Smartphone","YouTube","Ordem alfabética","a","smartphone ate 2500","pt","br","0","-"
3744,"Smartphone","YouTube","Ordem alfabética","a","smartphone ate 800","pt","br","0","-"
3745,"Smartphone","YouTube","Ordem alfabética","a","smartphone a56 samsung","pt","br","0","-"
3746,"Smartphone","YouTube","Ordem alfabética","a","smartphone a07","pt","br","0","-"
3747,"Smartphone","YouTube","Ordem alfabética","a","smartphone a17","pt","br","0","-"
3748,"Smartphone","YouTube","Ordem alfabética","a","smartphone até 1000 reais 2025","pt","br","0","-"
3749,"Smartphone","YouTube","Ordem alfabética","a","smartphone até 1500 reais 2025","pt","br","0","-"
3750,"Smartphone","YouTube","Ordem alfabética","a","smartphone a36","pt","br","0","-"
3751,"Smartphone","YouTube","Ordem alfabética","b","smartphone barato","pt","br","6.6K","0.25"
3752,"Smartphone","YouTube","Ordem alfabética","b","smartphone bom e barato","pt","br","2.4K","0.33"
3753,"Smartphone","YouTube","Ordem alfabética","b","smartphone bom e barato 2025","pt","br","590","0.32"
3754,"Smartphone","YouTube","Ordem alfabética","b","smartphone blackview","pt","br","0","-"
3755,"Smartphone","YouTube","Ordem alfabética","b","smartphone blu","pt","br","0","-"
3756,"Smartphone","YouTube","Ordem alfabética","b","smartphone black friday","pt","br","0","-"
3757,"Smartphone","YouTube","Ordem alfabética","b","smartphone blackberry","pt","br","0","-"
3758,"Smartphone","YouTube","Ordem alfabética","b","smartphone bom","pt","br","0","-"
3759,"Smartphone","YouTube","Ordem alfabética","b","smartphone bml","pt","br","0","-"
3760,"Smartphone","YouTube","Ordem alfabética","b","smartphone blackview bv9300 pro","pt","br","0","-"
3761,"Smartphone","YouTube","Ordem alfabética","b","smartphone barato com camera boa","pt","br","0","-"
3762,"Smartphone","YouTube","Ordem alfabética","b","smartphone barato 2025","pt","br","0","-"
3763,"Smartphone","YouTube","Ordem alfabética","b","smartphone bom e barato para jogos","pt","br","0","-"
3764,"Smartphone","YouTube","Ordem alfabética","b","smartphone black friday 2025","pt","br","0","-"
3765,"Smartphone","YouTube","Ordem alfabética","b","smartphone bml s24 ultra","pt","br","0","-"
3766,"Smartphone","YouTube","Ordem alfabética","c","smartphone caterpillar","pt","br","1.9K","0.11"
3767,"Smartphone","YouTube","Ordem alfabética","c","smartphone custo beneficio 2025","pt","br","1.3K","0.08"
3768,"Smartphone","YouTube","Ordem alfabética","c","smartphone cubot","pt","br","590","0.12"
3769,"Smartphone","YouTube","Ordem alfabética","c","smartphone custo beneficio","pt","br","0","-"
3770,"Smartphone","YouTube","Ordem alfabética","c","smartphone com carregamento por indução","pt","br","0","-"
3771,"Smartphone","YouTube","Ordem alfabética","c","smartphone c75","pt","br","0","-"
3772,"Smartphone","YouTube","Ordem alfabética","c","smartphone compacto","pt","br","0","-"
3773,"Smartphone","YouTube","Ordem alfabética","c","smartphone cubot kingkong es 6gb ram 128gb rom android 14","pt","br","0","-"
3774,"Smartphone","YouTube","Ordem alfabética","c","smartphone custo beneficio 2026","pt","br","0","-"
3775,"Smartphone","YouTube","Ordem alfabética","c","smartphone com as melhores câmeras","pt","br","0","-"
3776,"Smartphone","YouTube","Ordem alfabética","c","smartphone com melhor camera 2025","pt","br","0","-"
3777,"Smartphone","YouTube","Ordem alfabética","c","smartphone custo beneficio 2025 ate 1000","pt","br","0","-"
3778,"Smartphone","YouTube","Ordem alfabética","c","smartphone custo beneficio 2025 ate 1500","pt","br","0","-"
3779,"Smartphone","YouTube","Ordem alfabética","c","smartphone camera boa 2025","pt","br","0","-"
3780,"Smartphone","YouTube","Ordem alfabética","c","smartphone custo beneficio 2025 ate 2000","pt","br","0","-"
3781,"Smartphone","YouTube","Ordem alfabética","d","smartphone dobravel","pt","br","6.6K","0.19"
3782,"Smartphone","YouTube","Ordem alfabética","d","smartphone doogee","pt","br","720","0.18"
3783,"Smartphone","YouTube","Ordem alfabética","d","smartphone da samsung","pt","br","480","0.24"
3784,"Smartphone","YouTube","Ordem alfabética","d","smartphone da tesla","pt","br","0","-"
3785,"Smartphone","YouTube","Ordem alfabética","d","smartphone da xiaomi","pt","br","0","-"
3786,"Smartphone","YouTube","Ordem alfabética","d","smartphone da google","pt","br","0","-"
3787,"Smartphone","YouTube","Ordem alfabética","d","smartphone da apple","pt","br","0","-"
3788,"Smartphone","YouTube","Ordem alfabética","d","smartphone da motorola","pt","br","0","-"
3789,"Smartphone","YouTube","Ordem alfabética","d","smartphone da oppo","pt","br","0","-"
3790,"Smartphone","YouTube","Ordem alfabética","d","smartphone doogee s200","pt","br","0","-"
3791,"Smartphone","YouTube","Ordem alfabética","d","smartphone doogee blade 20 ultra","pt","br","0","-"
3792,"Smartphone","YouTube","Ordem alfabética","d","smartphone da shopee","pt","br","0","-"
3793,"Smartphone","YouTube","Ordem alfabética","d","smartphone de entrada 2025","pt","br","0","-"
3794,"Smartphone","YouTube","Ordem alfabética","d","smartphone doogee blade 10 pro","pt","br","0","-"
3795,"Smartphone","YouTube","Ordem alfabética","d","smartphone da xiaomi bom e barato","pt","br","0","-"
3796,"Smartphone","YouTube","Ordem alfabética","e","smartphone edge 60","pt","br","0","-"
3797,"Smartphone","YouTube","Ordem alfabética","e","smartphone edge 60 pro","pt","br","0","-"
3798,"Smartphone","YouTube","Ordem alfabética","e","smartphone e ink","pt","br","0","-"
3799,"Smartphone","YouTube","Ordem alfabética","e","smartphone edge 50","pt","br","0","-"
3800,"Smartphone","YouTube","Ordem alfabética","e","smartphone edge","pt","br","0","-"
3801,"Smartphone","YouTube","Ordem alfabética","e","smartphone edge 60 fusion","pt","br","0","-"
3802,"Smartphone","YouTube","Ordem alfabética","e","smartphone está iniciando","pt","br","0","-"
3803,"Smartphone","YouTube","Ordem alfabética","e","smartphone esquentando muito","pt","br","0","-"
3804,"Smartphone","YouTube","Ordem alfabética","e","smartphone está iniciando como resolver","pt","br","0","-"
3805,"Smartphone","YouTube","Ordem alfabética","e","smartphone edge 60 fusion 5g 256gb 24gb cinza motorola","pt","br","0","-"
3806,"Smartphone","YouTube","Ordem alfabética","e","smartphone evolution","pt","br","0","-"
3807,"Smartphone","YouTube","Ordem alfabética","e","smartphone está iniciando como resolver motorola","pt","br","0","-"
3808,"Smartphone","YouTube","Ordem alfabética","e","smartphone edge 50 neo","pt","br","0","-"
3809,"Smartphone","YouTube","Ordem alfabética","e","smartphone em 2025","pt","br","0","-"
3810,"Smartphone","YouTube","Ordem alfabética","e","smartphone está iniciando como resolver a31","pt","br","0","-"
3811,"Smartphone","YouTube","Ordem alfabética","f","smartphone flip","pt","br","1.0K","0.14"
3812,"Smartphone","YouTube","Ordem alfabética","f","smartphone fold","pt","br","140","0.14"
3813,"Smartphone","YouTube","Ordem alfabética","f","smartphone flash tool","pt","br","50","-"
3814,"Smartphone","YouTube","Ordem alfabética","f","smartphone fino","pt","br","0","-"
3815,"Smartphone","YouTube","Ordem alfabética","f","smartphone fisher price","pt","br","0","-"
3816,"Smartphone","YouTube","Ordem alfabética","f","smartphone free fire","pt","br","0","-"
3817,"Smartphone","YouTube","Ordem alfabética","f","smartphone foto","pt","br","0","-"
3818,"Smartphone","YouTube","Ordem alfabética","f","smartphone fivem","pt","br","0","-"
3819,"Smartphone","YouTube","Ordem alfabética","f","smartphone farm","pt","br","0","-"
3820,"Smartphone","YouTube","Ordem alfabética","f","smartphone flash tool v6","pt","br","0","-"
3821,"Smartphone","YouTube","Ordem alfabética","f","smartphone flip 2025","pt","br","0","-"
3822,"Smartphone","YouTube","Ordem alfabética","f","smartphone fossibot f101","pt","br","0","-"
3823,"Smartphone","YouTube","Ordem alfabética","f","smartphone fossibot","pt","br","0","-"
3824,"Smartphone","YouTube","Ordem alfabética","f","smartphone flash tool como usar","pt","br","0","-"
3825,"Smartphone","YouTube","Ordem alfabética","f","smartphone f25 pro","pt","br","0","-"
3826,"Smartphone","YouTube","Ordem alfabética","g","smartphone google","pt","br","1.0K","0.12"
3827,"Smartphone","YouTube","Ordem alfabética","g","smartphone gamer","pt","br","1.0K","0.15"
3828,"Smartphone","YouTube","Ordem alfabética","g","smartphone galaxy","pt","br","880","0.48"
3829,"Smartphone","YouTube","Ordem alfabética","g","smartphone google pixel","pt","br","0","-"
3830,"Smartphone","YouTube","Ordem alfabética","g","smartphone galaxy a06","pt","br","0","-"
3831,"Smartphone","YouTube","Ordem alfabética","g","smartphone galaxy a56","pt","br","0","-"
3832,"Smartphone","YouTube","Ordem alfabética","g","smartphone galaxy a16","pt","br","0","-"
3833,"Smartphone","YouTube","Ordem alfabética","g","smartphone g15","pt","br","0","-"
3834,"Smartphone","YouTube","Ordem alfabética","g","smartphone gamer barato","pt","br","0","-"
3835,"Smartphone","YouTube","Ordem alfabética","g","smartphone google pixel 9","pt","br","0","-"
3836,"Smartphone","YouTube","Ordem alfabética","g","smartphone gt 20 pro","pt","br","0","-"
3837,"Smartphone","YouTube","Ordem alfabética","g","smartphone galaxy a36","pt","br","0","-"
3838,"Smartphone","YouTube","Ordem alfabética","g","smartphone gamer 2025","pt","br","0","-"
3839,"Smartphone","YouTube","Ordem alfabética","g","smartphone galaxy a26 5g 256gb","pt","br","0","-"
3840,"Smartphone","YouTube","Ordem alfabética","g","smartphone gamer custo beneficio 2025","pt","br","0","-"
3841,"Smartphone","YouTube","Ordem alfabética","h","smartphone huawei","pt","br","2.9K","0.17"
3842,"Smartphone","YouTube","Ordem alfabética","h","smartphone honor","pt","br","1.3K","0.11"
3843,"Smartphone","YouTube","Ordem alfabética","h","smartphone honor x7c","pt","br","320","0.11"
3844,"Smartphone","YouTube","Ordem alfabética","h","smartphone huawei mate xt","pt","br","0","-"
3845,"Smartphone","YouTube","Ordem alfabética","h","smartphone honor magic 7 lite","pt","br","0","-"
3846,"Smartphone","YouTube","Ordem alfabética","h","smartphone huawei pura 80 ultra","pt","br","0","-"
3847,"Smartphone","YouTube","Ordem alfabética","h","smartphone honor x5b plus","pt","br","0","-"
3848,"Smartphone","YouTube","Ordem alfabética","h","smartphone huawei mate xt ultimate","pt","br","0","-"
3849,"Smartphone","YouTube","Ordem alfabética","h","smartphone honor x5b","pt","br","0","-"
3850,"Smartphone","YouTube","Ordem alfabética","h","smartphone huawei 2025","pt","br","0","-"
3851,"Smartphone","YouTube","Ordem alfabética","h","smartphone huawei pura 80 pro","pt","br","0","-"
3852,"Smartphone","YouTube","Ordem alfabética","h","smartphone huawei mate x6","pt","br","0","-"
3853,"Smartphone","YouTube","Ordem alfabética","h","smartphone honor x6b 5g","pt","br","0","-"
3854,"Smartphone","YouTube","Ordem alfabética","h","smartphone honor magic 7 lite 5g + 512gb (12gb ram+12gb turbo) preto","pt","br","0","-"
3855,"Smartphone","YouTube","Ordem alfabética","h","smartphone honor x7c 4g 256gb 16gb ram (8 + 8) tela 6 77 120hz câmera dupla 108mp branco","pt","br","0","-"
3856,"Smartphone","YouTube","Ordem alfabética","i","smartphone infinix","pt","br","2.9K","-"
3857,"Smartphone","YouTube","Ordem alfabética","i","smartphone infinix note 40","pt","br","590","0.14"
3858,"Smartphone","YouTube","Ordem alfabética","i","smartphone indestrutível","pt","br","590","0.14"
3859,"Smartphone","YouTube","Ordem alfabética","i","smartphone infinix hot 50i","pt","br","0","-"
3860,"Smartphone","YouTube","Ordem alfabética","i","smartphone intermediário 2025","pt","br","0","-"
3861,"Smartphone","YouTube","Ordem alfabética","i","smartphone infinix note 40 5g","pt","br","0","-"
3862,"Smartphone","YouTube","Ordem alfabética","i","smartphone infinix smart 8 pro","pt","br","0","-"
3863,"Smartphone","YouTube","Ordem alfabética","i","smartphone infinix hot 50 pro","pt","br","0","-"
3864,"Smartphone","YouTube","Ordem alfabética","i","smartphone infinix é bom","pt","br","0","-"
3865,"Smartphone","YouTube","Ordem alfabética","i","smartphone infinix hot 40i","pt","br","0","-"
3866,"Smartphone","YouTube","Ordem alfabética","i","smartphone infinix smart 9","pt","br","0","-"
3867,"Smartphone","YouTube","Ordem alfabética","i","smartphone indestrutível 2025","pt","br","0","-"
3868,"Smartphone","YouTube","Ordem alfabética","i","smartphone infinix smart 10","pt","br","0","-"
3869,"Smartphone","YouTube","Ordem alfabética","i","smartphone infinix hot 60 pro","pt","br","0","-"
3870,"Smartphone","YouTube","Ordem alfabética","i","smartphone infinix hot 40i 256gb preto 8gb ram 6 6 câm. dupla dual chip","pt","br","0","-"
3871,"Smartphone","YouTube","Ordem alfabética","j","smartphone jovi","pt","br","1.9K","0.19"
3872,"Smartphone","YouTube","Ordem alfabética","j","smartphone jovi v50","pt","br","1.6K","0.15"
3873,"Smartphone","YouTube","Ordem alfabética","j","smartphone jovi v50 5g 512gb 12gb ram","pt","br","480","0.2"
3874,"Smartphone","YouTube","Ordem alfabética","j","smartphone jovi y29","pt","br","0","-"
3875,"Smartphone","YouTube","Ordem alfabética","j","smartphone jovi v50 lite 5g 256gb 8gb ram","pt","br","0","-"
3876,"Smartphone","YouTube","Ordem alfabética","j","smartphone jovi é bom","pt","br","0","-"
3877,"Smartphone","YouTube","Ordem alfabética","j","smartphone jovi v50 lite","pt","br","0","-"
3878,"Smartphone","YouTube","Ordem alfabética","j","smartphone joystick","pt","br","0","-"
3879,"Smartphone","YouTube","Ordem alfabética","j","smartphone japan","pt","br","0","-"
3880,"Smartphone","YouTube","Ordem alfabética","j","smartphone jovi y19s","pt","br","0","-"
3881,"Smartphone","YouTube","Ordem alfabética","j","smartphone jelly","pt","br","0","-"
3882,"Smartphone","YouTube","Ordem alfabética","j","smartphone jovi y29 256gb","pt","br","0","-"
3883,"Smartphone","YouTube","Ordem alfabética","j","smartphone jovi y29s","pt","br","0","-"
3884,"Smartphone","YouTube","Ordem alfabética","j","smartphone jester fivem","pt","br","0","-"
3885,"Smartphone","YouTube","Ordem alfabética","j","smartphone jobs working from home","pt","br","0","-"
3886,"Smartphone","YouTube","Ordem alfabética","k","smartphone king kong","pt","br","210","0.14"
3887,"Smartphone","YouTube","Ordem alfabética","k","smartphone keyboard","pt","br","70","-"
3888,"Smartphone","YouTube","Ordem alfabética","k","smartphone king kong 9","pt","br","70","0.12"
3889,"Smartphone","YouTube","Ordem alfabética","k","smartphone king kong 8","pt","br","0","-"
3890,"Smartphone","YouTube","Ordem alfabética","k","smartphone k62+","pt","br","0","-"
3891,"Smartphone","YouTube","Ordem alfabética","k","smartphone kpop","pt","br","0","-"
3892,"Smartphone","YouTube","Ordem alfabética","k","smartphone king","pt","br","0","-"
3893,"Smartphone","YouTube","Ordem alfabética","k","smartphone keychain","pt","br","0","-"
3894,"Smartphone","YouTube","Ordem alfabética","k","smartphone kali linux","pt","br","0","-"
3895,"Smartphone","YouTube","Ordem alfabética","k","smartphone keyboard sound effect","pt","br","0","-"
3896,"Smartphone","YouTube","Ordem alfabética","k","smartphone king kong x","pt","br","0","-"
3897,"Smartphone","YouTube","Ordem alfabética","k","smartphone king kong es","pt","br","0","-"
3898,"Smartphone","YouTube","Ordem alfabética","k","smartphone k62+ 4g tela 6.6' 128gb 4gb ram branco lg","pt","br","0","-"
3899,"Smartphone","YouTube","Ordem alfabética","k","smartphone king kong 11","pt","br","0","-"
3900,"Smartphone","YouTube","Ordem alfabética","k","smartphone keyboard sound","pt","br","0","-"
3901,"Smartphone","YouTube","Ordem alfabética","l","smartphone lg","pt","br","1.9K","0.19"
3902,"Smartphone","YouTube","Ordem alfabética","l","smartphone lançamento 2025","pt","br","480","0.17"
3903,"Smartphone","YouTube","Ordem alfabética","l","smartphone lançamento","pt","br","480","0.18"
3904,"Smartphone","YouTube","Ordem alfabética","l","smartphone lenovo","pt","br","0","-"
3905,"Smartphone","YouTube","Ordem alfabética","l","smartphone lg k62","pt","br","0","-"
3906,"Smartphone","YouTube","Ordem alfabética","l","smartphone lg k41s","pt","br","0","-"
3907,"Smartphone","YouTube","Ordem alfabética","l","smartphone lenovo legion","pt","br","0","-"
3908,"Smartphone","YouTube","Ordem alfabética","l","smartphone lg k52","pt","br","0","-"
3909,"Smartphone","YouTube","Ordem alfabética","l","smartphone lenovo legion phone duel 256gb","pt","br","0","-"
3910,"Smartphone","YouTube","Ordem alfabética","l","smartphone linux","pt","br","0","-"
3911,"Smartphone","YouTube","Ordem alfabética","l","smartphone lento e travando","pt","br","0","-"
3912,"Smartphone","YouTube","Ordem alfabética","l","smartphone leioa","pt","br","0","-"
3913,"Smartphone","YouTube","Ordem alfabética","l","smartphone lenovo legion phone duel 256gb - vengeance red 5g 12gb ram 6 65 câm. dupla","pt","br","0","-"
3914,"Smartphone","YouTube","Ordem alfabética","l","smartphone lg 2025","pt","br","0","-"
3915,"Smartphone","YouTube","Ordem alfabética","l","smartphone lg k62+ 128gb branco 4g octa-core - 4gb ram tela 6 59 câm. quádrupla + selfie 28mp","pt","br","0","-"
3916,"Smartphone","YouTube","Ordem alfabética","m","smartphone motorola edge 60 pro 5g","pt","br","27.1K","0.35"
3917,"Smartphone","YouTube","Ordem alfabética","m","smartphone motorola edge 60 5g","pt","br","18.1K","0.38"
3918,"Smartphone","YouTube","Ordem alfabética","m","smartphone motorola","pt","br","18.1K","0.41"
3919,"Smartphone","YouTube","Ordem alfabética","m","smartphone motorola edge 60 pro","pt","br","0","-"
3920,"Smartphone","YouTube","Ordem alfabética","m","smartphone motorola edge 60 fusion 5g","pt","br","0","-"
3921,"Smartphone","YouTube","Ordem alfabética","m","smartphone motorola edge 60","pt","br","0","-"
3922,"Smartphone","YouTube","Ordem alfabética","m","smartphone motorola edge 60 pro 5g 512gb","pt","br","0","-"
3923,"Smartphone","YouTube","Ordem alfabética","m","smartphone motorola edge 50 5g","pt","br","0","-"
3924,"Smartphone","YouTube","Ordem alfabética","m","smartphone motorola moto g56 5g","pt","br","0","-"
3925,"Smartphone","YouTube","Ordem alfabética","m","smartphone motorola moto g05","pt","br","0","-"
3926,"Smartphone","YouTube","Ordem alfabética","m","smartphone motorola moto g15","pt","br","0","-"
3927,"Smartphone","YouTube","Ordem alfabética","m","smartphone motorola edge 50 fusion 5g","pt","br","0","-"
3928,"Smartphone","YouTube","Ordem alfabética","m","smartphone motorola moto g35","pt","br","0","-"
3929,"Smartphone","YouTube","Ordem alfabética","m","smartphone motorola edge 60 fusion","pt","br","0","-"
3930,"Smartphone","YouTube","Ordem alfabética","m","smartphone motorola razr 60 5g","pt","br","0","-"
3931,"Smartphone","YouTube","Ordem alfabética","n","smartphone nokia","pt","br","1.9K","0.09"
3932,"Smartphone","YouTube","Ordem alfabética","n","smartphone novo","pt","br","590","0.3"
3933,"Smartphone","YouTube","Ordem alfabética","n","smartphone nokia 2025","pt","br","480","0.11"
3934,"Smartphone","YouTube","Ordem alfabética","n","smartphone nubia","pt","br","0","-"
3935,"Smartphone","YouTube","Ordem alfabética","n","smartphone note 14","pt","br","0","-"
3936,"Smartphone","YouTube","Ordem alfabética","n","smartphone no paraguai","pt","br","0","-"
3937,"Smartphone","YouTube","Ordem alfabética","n","smartphone nokia 5.4","pt","br","0","-"
3938,"Smartphone","YouTube","Ordem alfabética","n","smartphone note 60","pt","br","0","-"
3939,"Smartphone","YouTube","Ordem alfabética","n","smartphone não permitido","pt","br","0","-"
3940,"Smartphone","YouTube","Ordem alfabética","n","smartphone nothing phone","pt","br","0","-"
3941,"Smartphone","YouTube","Ordem alfabética","n","smartphone nokia 2.4","pt","br","0","-"
3942,"Smartphone","YouTube","Ordem alfabética","n","smartphone nokia 2.4 nk015 tela 6.5'' 64gb 3gb ram cinza","pt","br","0","-"
3943,"Smartphone","YouTube","Ordem alfabética","n","smartphone não carrega","pt","br","0","-"
3944,"Smartphone","YouTube","Ordem alfabética","n","smartphone não permitido j7 prime","pt","br","0","-"
3945,"Smartphone","YouTube","Ordem alfabética","n","smartphone note 14 pro","pt","br","0","-"
3946,"Smartphone","YouTube","Ordem alfabética","o","smartphone oppo","pt","br","4.4K","0.23"
3947,"Smartphone","YouTube","Ordem alfabética","o","smartphone oppo é bom","pt","br","720","0.27"
3948,"Smartphone","YouTube","Ordem alfabética","o","smartphone oppo a5","pt","br","480","0.39"
3949,"Smartphone","YouTube","Ordem alfabética","o","smartphone oppo a60","pt","br","0","-"
3950,"Smartphone","YouTube","Ordem alfabética","o","smartphone oppo a40","pt","br","0","-"
3951,"Smartphone","YouTube","Ordem alfabética","o","smartphone oppo reno 13","pt","br","0","-"
3952,"Smartphone","YouTube","Ordem alfabética","o","smartphone oppo reno 14","pt","br","0","-"
3953,"Smartphone","YouTube","Ordem alfabética","o","smartphone oukitel","pt","br","0","-"
3954,"Smartphone","YouTube","Ordem alfabética","o","smartphone oppo a5 pro","pt","br","0","-"
3955,"Smartphone","YouTube","Ordem alfabética","o","smartphone oppo reno 13 f","pt","br","0","-"
3956,"Smartphone","YouTube","Ordem alfabética","o","smartphone oppo a60 256gb 8gb","pt","br","0","-"
3957,"Smartphone","YouTube","Ordem alfabética","o","smartphone oppo a5 256gb","pt","br","0","-"
3958,"Smartphone","YouTube","Ordem alfabética","o","smartphone oppo reno 14f","pt","br","0","-"
3959,"Smartphone","YouTube","Ordem alfabética","o","smartphone oppo a5 4g","pt","br","0","-"
3960,"Smartphone","YouTube","Ordem alfabética","o","smartphone oppo reno 14 f 256gb 24gb ram 5g dark side limited edition","pt","br","0","-"
3961,"Smartphone","YouTube","Ordem alfabética","p","smartphone poco","pt","br","2.4K","0.21"
3962,"Smartphone","YouTube","Ordem alfabética","p","smartphone poco x7 pro","pt","br","1.6K","0.27"
3963,"Smartphone","YouTube","Ordem alfabética","p","smartphone para idoso","pt","br","1.3K","0.19"
3964,"Smartphone","YouTube","Ordem alfabética","p","smartphone pequeno","pt","br","0","-"
3965,"Smartphone","YouTube","Ordem alfabética","p","smartphone positivo","pt","br","0","-"
3966,"Smartphone","YouTube","Ordem alfabética","p","smartphone poco x7","pt","br","0","-"
3967,"Smartphone","YouTube","Ordem alfabética","p","smartphone poco c75","pt","br","0","-"
3968,"Smartphone","YouTube","Ordem alfabética","p","smartphone poco f7","pt","br","0","-"
3969,"Smartphone","YouTube","Ordem alfabética","p","smartphone para jogos","pt","br","0","-"
3970,"Smartphone","YouTube","Ordem alfabética","p","smartphone poco c71","pt","br","0","-"
3971,"Smartphone","YouTube","Ordem alfabética","p","smartphone pequeno 2025","pt","br","0","-"
3972,"Smartphone","YouTube","Ordem alfabética","p","smartphone positivo twist 5","pt","br","0","-"
3973,"Smartphone","YouTube","Ordem alfabética","p","smartphone poco m7 pro","pt","br","0","-"
3974,"Smartphone","YouTube","Ordem alfabética","p","smartphone poco c71 4+4gb ram virtual + 128gb preto","pt","br","0","-"
3975,"Smartphone","YouTube","Ordem alfabética","p","smartphone poco c85","pt","br","0","-"
3976,"Smartphone","YouTube","Ordem alfabética","q","smartphone quantum","pt","br","210","0.05"
3977,"Smartphone","YouTube","Ordem alfabética","q","smartphone qwerty","pt","br","140","0.25"
3978,"Smartphone","YouTube","Ordem alfabética","q","smartphone quadrado","pt","br","110","0.11"
3979,"Smartphone","YouTube","Ordem alfabética","q","smartphone que não quebra","pt","br","0","-"
3980,"Smartphone","YouTube","Ordem alfabética","q","smartphone que não trava","pt","br","0","-"
3981,"Smartphone","YouTube","Ordem alfabética","q","smartphone que nao esquenta","pt","br","0","-"
3982,"Smartphone","YouTube","Ordem alfabética","q","smartphone qwerty 2025","pt","br","0","-"
3983,"Smartphone","YouTube","Ordem alfabética","q","smartphone quiz","pt","br","0","-"
3984,"Smartphone","YouTube","Ordem alfabética","q","smartphone qr code scanner","pt","br","0","-"
3985,"Smartphone","YouTube","Ordem alfabética","q","smartphone que es","pt","br","0","-"
3986,"Smartphone","YouTube","Ordem alfabética","q","smartphone quadrato","pt","br","0","-"
3987,"Smartphone","YouTube","Ordem alfabética","q","smartphone que vale a pena comprar 2025","pt","br","0","-"
3988,"Smartphone","YouTube","Ordem alfabética","q","smartphone qualità prezzo 2025","pt","br","0","-"
3989,"Smartphone","YouTube","Ordem alfabética","q","smartphone qualité prix","pt","br","0","-"
3990,"Smartphone","YouTube","Ordem alfabética","r","smartphone realme","pt","br","2.4K","0.18"
3991,"Smartphone","YouTube","Ordem alfabética","r","smartphone redmi","pt","br","1.6K","0.23"
3992,"Smartphone","YouTube","Ordem alfabética","r","smartphone realme c75","pt","br","880","0.16"
3993,"Smartphone","YouTube","Ordem alfabética","r","smartphone realme c61","pt","br","0","-"
3994,"Smartphone","YouTube","Ordem alfabética","r","smartphone redmi 15","pt","br","0","-"
3995,"Smartphone","YouTube","Ordem alfabética","r","smartphone realme c63","pt","br","0","-"
3996,"Smartphone","YouTube","Ordem alfabética","r","smartphone realme note 50","pt","br","0","-"
3997,"Smartphone","YouTube","Ordem alfabética","r","smartphone realme note 60x","pt","br","0","-"
3998,"Smartphone","YouTube","Ordem alfabética","r","smartphone redmi note 14 pro 5g","pt","br","0","-"
3999,"Smartphone","YouTube","Ordem alfabética","r","smartphone realme note 60","pt","br","0","-"
4000,"Smartphone","YouTube","Ordem alfabética","r","smartphone realme note 60s","pt","br","0","-"
4001,"Smartphone","YouTube","Ordem alfabética","r","smartphone realme c75x","pt","br","0","-"
4002,"Smartphone","YouTube","Ordem alfabética","r","smartphone realme note 60s dual sim 128gb 4gb ram verde","pt","br","0","-"
4003,"Smartphone","YouTube","Ordem alfabética","r","smartphone redmi note 14","pt","br","0","-"
4004,"Smartphone","YouTube","Ordem alfabética","r","smartphone redmi 14c 8gb ram 256gb rom midnight black (preto)","pt","br","0","-"
4005,"Smartphone","YouTube","Ordem alfabética","s","smartphone samsung","pt","br","40.5K","0.52"
4006,"Smartphone","YouTube","Ordem alfabética","s","smartphone samsung galaxy s24 ultra","pt","br","2.9K","0.68"
4007,"Smartphone","YouTube","Ordem alfabética","s","smartphone samsung galaxy s24 fe","pt","br","1.9K","0.77"
4008,"Smartphone","YouTube","Ordem alfabética","s","smartphone samsung galaxy s24","pt","br","0","-"
4009,"Smartphone","YouTube","Ordem alfabética","s","smartphone samsung galaxy a06","pt","br","0","-"
4010,"Smartphone","YouTube","Ordem alfabética","s","smartphone sony","pt","br","0","-"
4011,"Smartphone","YouTube","Ordem alfabética","s","smartphone samsung galaxy a16","pt","br","0","-"
4012,"Smartphone","YouTube","Ordem alfabética","s","smartphone samsung galaxy a56","pt","br","0","-"
4013,"Smartphone","YouTube","Ordem alfabética","s","smartphone samsung galaxy a05s","pt","br","0","-"
4014,"Smartphone","YouTube","Ordem alfabética","s","smartphone samsung galaxy a36","pt","br","0","-"
4015,"Smartphone","YouTube","Ordem alfabética","s","smartphone samsung a07","pt","br","0","-"
4016,"Smartphone","YouTube","Ordem alfabética","s","smartphone samsung galaxy a17","pt","br","0","-"
4017,"Smartphone","YouTube","Ordem alfabética","s","smartphone samsung custo beneficio 2025","pt","br","0","-"
4018,"Smartphone","YouTube","Ordem alfabética","s","smartphone simplificado","pt","br","0","-"
4019,"Smartphone","YouTube","Ordem alfabética","s","smartphone samsung galaxy a06 128gb 4gb ram branco 6.7 câm. dupla + selfie 8mp","pt","br","0","-"
4020,"Smartphone","YouTube","Ordem alfabética","t","smartphone tesla","pt","br","2.9K","0.1"
4021,"Smartphone","YouTube","Ordem alfabética","t","smartphone tcl","pt","br","1.3K","0.12"
4022,"Smartphone","YouTube","Ordem alfabética","t","smartphone transparente","pt","br","590","0.13"
4023,"Smartphone","YouTube","Ordem alfabética","t","smartphone tecno","pt","br","0","-"
4024,"Smartphone","YouTube","Ordem alfabética","t","smartphone tela pequena","pt","br","0","-"
4025,"Smartphone","YouTube","Ordem alfabética","t","smartphone tela grande","pt","br","0","-"
4026,"Smartphone","YouTube","Ordem alfabética","t","smartphone tcl 40 se","pt","br","0","-"
4027,"Smartphone","YouTube","Ordem alfabética","t","smartphone tcl 605","pt","br","0","-"
4028,"Smartphone","YouTube","Ordem alfabética","t","smartphone tcl 60 nxtpaper","pt","br","0","-"
4029,"Smartphone","YouTube","Ordem alfabética","t","smartphone top de linha 2025","pt","br","0","-"
4030,"Smartphone","YouTube","Ordem alfabética","t","smartphone tcl 60 se","pt","br","0","-"
4031,"Smartphone","YouTube","Ordem alfabética","t","smartphone tcl 505","pt","br","0","-"
4032,"Smartphone","YouTube","Ordem alfabética","t","smartphone tcl l5","pt","br","0","-"
4033,"Smartphone","YouTube","Ordem alfabética","t","smartphone tcl 60 nxtpaper 512gb","pt","br","0","-"
4034,"Smartphone","YouTube","Ordem alfabética","t","smartphone tecno spark go 1","pt","br","0","-"
4035,"Smartphone","YouTube","Ordem alfabética","u","smartphone umidigi","pt","br","140","0.08"
4036,"Smartphone","YouTube","Ordem alfabética","u","smartphone ultra","pt","br","140","0.19"
4037,"Smartphone","YouTube","Ordem alfabética","u","smartphone ulefone","pt","br","90","0.09"
4038,"Smartphone","YouTube","Ordem alfabética","u","smartphone ultra resistente","pt","br","0","-"
4039,"Smartphone","YouTube","Ordem alfabética","u","smartphone unboxing","pt","br","0","-"
4040,"Smartphone","YouTube","Ordem alfabética","u","smartphone ulefone armor 26 ultra","pt","br","0","-"
4041,"Smartphone","YouTube","Ordem alfabética","u","smartphone ulefone armor 24","pt","br","0","-"
4042,"Smartphone","YouTube","Ordem alfabética","u","smartphone usado alem do normal motorola","pt","br","0","-"
4043,"Smartphone","YouTube","Ordem alfabética","u","smartphone ulefone armor 22","pt","br","0","-"
4044,"Smartphone","YouTube","Ordem alfabética","u","smartphone ulefone armor 28 ultra","pt","br","0","-"
4045,"Smartphone","YouTube","Ordem alfabética","u","smartphone upgrade","pt","br","0","-"
4046,"Smartphone","YouTube","Ordem alfabética","u","smartphone umidigi note 90","pt","br","0","-"
4047,"Smartphone","YouTube","Ordem alfabética","u","smartphone unboxing asmr","pt","br","0","-"
4048,"Smartphone","YouTube","Ordem alfabética","u","smartphone ulefone armor 21 dual sim robusto 256gb","pt","br","0","-"
4049,"Smartphone","YouTube","Ordem alfabética","u","smartphone unboxing aesthetic","pt","br","0","-"
4050,"Smartphone","YouTube","Ordem alfabética","v","smartphone vivo","pt","br","1.9K","0.21"
4051,"Smartphone","YouTube","Ordem alfabética","v","smartphone vertu","pt","br","480","0.08"
4052,"Smartphone","YouTube","Ordem alfabética","v","smartphone vivo x200 pro","pt","br","260","0.09"
4053,"Smartphone","YouTube","Ordem alfabética","v","smartphone vivo v50","pt","br","0","-"
4054,"Smartphone","YouTube","Ordem alfabética","v","smartphone vivo x200 ultra","pt","br","0","-"
4055,"Smartphone","YouTube","Ordem alfabética","v","smartphone via satélite","pt","br","0","-"
4056,"Smartphone","YouTube","Ordem alfabética","v","smartphone vivo x100 pro","pt","br","0","-"
4057,"Smartphone","YouTube","Ordem alfabética","v","smartphone vivo x200","pt","br","0","-"
4058,"Smartphone","YouTube","Ordem alfabética","v","smartphone virtual","pt","br","0","-"
4059,"Smartphone","YouTube","Ordem alfabética","v","smartphone vivo y55","pt","br","0","-"
4060,"Smartphone","YouTube","Ordem alfabética","v","smartphone vivo x200 fe","pt","br","0","-"
4061,"Smartphone","YouTube","Ordem alfabética","v","smartphone vivo y51","pt","br","0","-"
4062,"Smartphone","YouTube","Ordem alfabética","v","smartphone vivo x300 pro","pt","br","0","-"
4063,"Smartphone","YouTube","Ordem alfabética","v","smartphone vivo v21","pt","br","0","-"
4064,"Smartphone","YouTube","Ordem alfabética","v","smartphone vibration sound effect","pt","br","0","-"
4065,"Smartphone","YouTube","Ordem alfabética","w","smartphone watch","pt","br","49.5K","0.11"
4066,"Smartphone","YouTube","Ordem alfabética","w","smartphone wallpaper","pt","br","320","0.29"
4067,"Smartphone","YouTube","Ordem alfabética","w","smartphone with the best camera","pt","br","260","0.28"
4068,"Smartphone","YouTube","Ordem alfabética","w","smartphone windows","pt","br","0","-"
4069,"Smartphone","YouTube","Ordem alfabética","w","smartphone wifi 6","pt","br","0","-"
4070,"Smartphone","YouTube","Ordem alfabética","w","smartphone wifi 7","pt","br","0","-"
4071,"Smartphone","YouTube","Ordem alfabética","w","smartphone whatsapp","pt","br","0","-"
4072,"Smartphone","YouTube","Ordem alfabética","w","smartphone wire camera","pt","br","0","-"
4073,"Smartphone","YouTube","Ordem alfabética","w","smartphone webcam pc","pt","br","0","-"
4074,"Smartphone","YouTube","Ordem alfabética","w","smartphone water","pt","br","0","-"
4075,"Smartphone","YouTube","Ordem alfabética","w","smartphone waterproof case","pt","br","0","-"
4076,"Smartphone","YouTube","Ordem alfabética","w","smartphone wallet","pt","br","0","-"
4077,"Smartphone","YouTube","Ordem alfabética","w","smartphone welcome","pt","br","0","-"
4078,"Smartphone","YouTube","Ordem alfabética","w","smartphone water test","pt","br","0","-"
4079,"Smartphone","YouTube","Ordem alfabética","w","smartphone with physical keyboard 2025","pt","br","0","-"
4080,"Smartphone","YouTube","Ordem alfabética","x","smartphone xiaomi","pt","br","18.1K","0.21"
4081,"Smartphone","YouTube","Ordem alfabética","x","smartphone xiaomi redmi note 14","pt","br","2.4K","0.41"
4082,"Smartphone","YouTube","Ordem alfabética","x","smartphone xiaomi redmi note 14 pro 5g","pt","br","1.9K","0.33"
4083,"Smartphone","YouTube","Ordem alfabética","x","smartphone xiaomi poco x7 pro","pt","br","0","-"
4084,"Smartphone","YouTube","Ordem alfabética","x","smartphone xiaomi poco x7 pro 5g","pt","br","0","-"
4085,"Smartphone","YouTube","Ordem alfabética","x","smartphone xiaomi redmi note 14 pro","pt","br","0","-"
4086,"Smartphone","YouTube","Ordem alfabética","x","smartphone xiaomi redmi note 14 5g","pt","br","0","-"
4087,"Smartphone","YouTube","Ordem alfabética","x","smartphone xiaomi 14t","pt","br","0","-"
4088,"Smartphone","YouTube","Ordem alfabética","x","smartphone xiaomi redmi 15","pt","br","0","-"
4089,"Smartphone","YouTube","Ordem alfabética","x","smartphone xiaomi redmi note 14 midnight black (preto) 8gb ram 256gb rom","pt","br","0","-"
4090,"Smartphone","YouTube","Ordem alfabética","x","smartphone xiaomi poco c75 nfc black (preto) 8gb ram 256gb rom 2410fpcc5g","pt","br","0","-"
4091,"Smartphone","YouTube","Ordem alfabética","x","smartphone xiaomi redmi note 14 pro 5g midnight black (preto) 8gb ram 256gb rom nfc","pt","br","0","-"
4092,"Smartphone","YouTube","Ordem alfabética","x","smartphone xiaomi redmi note 14 5g nfc midnight black (preto) 8gb ram 256gb rom","pt","br","0","-"
4093,"Smartphone","YouTube","Ordem alfabética","x","smartphone xiaomi poco x7 pro 5g nfc black (preto) 12gb ram 512gb rom 2412dpc0ag","pt","br","0","-"
4094,"Smartphone","YouTube","Ordem alfabética","x","smartphone xiaomi poco x7 5g nfc black (preto) 12gb ram 512gb rom","pt","br","0","-"
4095,"Smartphone","YouTube","Ordem alfabética","y","smartphone yena","pt","br","10","-"
4096,"Smartphone","YouTube","Ordem alfabética","y","smartphone youtube","pt","br","10","-"
4097,"Smartphone","YouTube","Ordem alfabética","y","smartphone youtube channel","pt","br","10","-"
4098,"Smartphone","YouTube","Ordem alfabética","y","smartphone y19","pt","br","0","-"
4099,"Smartphone","YouTube","Ordem alfabética","y","smartphone yena lyrics","pt","br","0","-"
4100,"Smartphone","YouTube","Ordem alfabética","y","smartphone year","pt","br","0","-"
4101,"Smartphone","YouTube","Ordem alfabética","y","smartphone yena instrumental","pt","br","0","-"
4102,"Smartphone","YouTube","Ordem alfabética","y","smartphone yena mirror","pt","br","0","-"
4103,"Smartphone","YouTube","Ordem alfabética","y","smartphone yena dance cover","pt","br","0","-"
4104,"Smartphone","YouTube","Ordem alfabética","y","smartphone yena dance","pt","br","0","-"
4105,"Smartphone","YouTube","Ordem alfabética","y","smartphone youtube setup","pt","br","0","-"
4106,"Smartphone","YouTube","Ordem alfabética","y","smartphone yena reaction","pt","br","0","-"
4107,"Smartphone","YouTube","Ordem alfabética","y","smartphone youtube studio setup","pt","br","0","-"
4108,"Smartphone","YouTube","Ordem alfabética","y","smartphone yena fancam","pt","br","0","-"
4109,"Smartphone","YouTube","Ordem alfabética","y","smartphone yojana latest news","pt","br","0","-"
4110,"Smartphone","YouTube","Ordem alfabética","z","smartphone zoom","pt","br","260","0.09"
4111,"Smartphone","YouTube","Ordem alfabética","z","smartphone zte","pt","br","210","0.06"
4112,"Smartphone","YouTube","Ordem alfabética","z","smartphone zte blade a3","pt","br","140","0.1"
4113,"Smartphone","YouTube","Ordem alfabética","z","smartphone z flip","pt","br","0","-"
4114,"Smartphone","YouTube","Ordem alfabética","z","smartphone zte blade v50","pt","br","0","-"
4115,"Smartphone","YouTube","Ordem alfabética","z","smartphone z flip 7","pt","br","0","-"
4116,"Smartphone","YouTube","Ordem alfabética","z","smartphone zoom test","pt","br","0","-"
4117,"Smartphone","YouTube","Ordem alfabética","z","smartphone zoom lens","pt","br","0","-"
4118,"Smartphone","YouTube","Ordem alfabética","z","smartphone zoom 100x","pt","br","0","-"
4119,"Smartphone","YouTube","Ordem alfabética","z","smartphone zte blade a35e","pt","br","0","-"
4120,"Smartphone","YouTube","Ordem alfabética","z","smartphone zoom 200x","pt","br","0","-"
4121,"Smartphone","YouTube","Ordem alfabética","z","smartphone zoom 120x","pt","br","0","-"
4122,"Smartphone","YouTube","Ordem alfabética","z","smartphone zte blade a56 pro","pt","br","0","-"
4123,"Smartphone","YouTube","Ordem alfabética","z","smartphone zowi","pt","br","0","-"
4124,"Smartphone","YouTube","Ordem alfabética","z","smartphone zte nubia air","pt","br","0","-"
4125,"Smartphone","YouTube","Comparações","e","smartphone bom e barato","pt","br","2.4K","0.33"
4126,"Smartphone","YouTube","Comparações","e","smartphone bom e barato 2025","pt","br","590","0.32"
4127,"Smartphone","YouTube","Comparações","e","smartphone e ink","pt","br","260","0.11"
4128,"Smartphone","YouTube","Comparações","e","smartphone pequeno e potente","pt","br","0","-"
4129,"Smartphone","YouTube","Comparações","e","smartphone e sim","pt","br","0","-"
4130,"Smartphone","YouTube","Comparações","e","smartphone bom e barato para jogos","pt","br","0","-"
4131,"Smartphone","YouTube","Comparações","e","smartphone e ink color","pt","br","0","-"
4132,"Smartphone","YouTube","Comparações","e","smartphone lento e travando","pt","br","0","-"
4133,"Smartphone","YouTube","Comparações","e","smartphone bom e barato 2026","pt","br","0","-"
4134,"Smartphone","YouTube","Comparações","ou","smartphone ou iphone","pt","br","90","0.08"
4135,"Smartphone","YouTube","Comparações","ou","smartphone samsung ou motorola","pt","br","70","0.18"
4136,"Smartphone","YouTube","Comparações","ou","smartphone ou tablet","pt","br","20","-"
4137,"Smartphone","YouTube","Comparações","ou","smartphone 4g ou 5g","pt","br","0","-"
4138,"Smartphone","YouTube","Comparações","ou","smartphone ou appareil photo","pt","br","0","-"
4139,"Smartphone","YouTube","Comparações","ou","iphone ou smartphone qual o melhor","pt","br","0","-"
4140,"Smartphone","YouTube","Comparações","ou","gps ou smartphone","pt","br","0","-"
4141,"Smartphone","YouTube","Comparações","ou","tablette ou smartphone","pt","br","0","-"
4142,"Smartphone","YouTube","Comparações","versus","smartphone versus","pt","br","20","-"
4143,"Smartphone","YouTube","Comparações","versus","smartphone versus iphone","pt","br","10","-"
4144,"Smartphone","YouTube","Comparações","versus","smartphone versus nokia","pt","br","10","-"
4145,"Smartphone","YouTube","Comparações","versus","smartphone versus samsung","pt","br","0","-"
4146,"Smartphone","YouTube","Comparações","versus","smartphone versus smart watch","pt","br","0","-"
4147,"Smartphone","YouTube","Comparações","versus","smartphone versus chhoti rani","pt","br","0","-"
4148,"Smartphone","YouTube","Comparações","vs","smartphone vs camera","pt","br","10","-"
4149,"Smartphone","YouTube","Comparações","vs","smartphone vs tablet","pt","br","10","-"
4150,"Smartphone","YouTube","Comparações","vs","smartphone vs camera photography","pt","br","10","-"
4151,"Smartphone","YouTube","Comparações","vs","smartphone vs iphone","pt","br","0","-"
4152,"Smartphone","YouTube","Comparações","vs","smartphone vs nokia","pt","br","0","-"
4153,"Smartphone","YouTube","Comparações","vs","smartphone vs dap","pt","br","0","-"
4154,"Smartphone","YouTube","Comparações","vs","smartphone vs pc","pt","br","0","-"
4155,"Smartphone","YouTube","Comparações","vs","smartphone vs dslr","pt","br","0","-"
4156,"Smartphone","YouTube","Comparações","vs","smartphone vs digital camera","pt","br","0","-"
4157,"Smartphone","YouTube","Comparações","vs","smartphone vs action camera","pt","br","0","-"
4158,"Smartphone","YouTube","Comparações","vs","smartphone vs computer","pt","br","0","-"
4159,"Smartphone","YouTube","Comparações","vs","smartphone vs mirrorless camera","pt","br","0","-"
4160,"Smartphone","YouTube","Comparações","vs","smartphone vs compact camera","pt","br","0","-"
4161,"Smartphone","YouTube","Comparações","vs","smartphone vs camera video","pt","br","0","-"
4162,"Smartphone","YouTube","Números","0","smartphone with 0.5 camera","pt","br","10","-"
4163,"Smartphone","YouTube","Números","0","smartphone under 20 000","pt","br","10","-"
4164,"Smartphone","YouTube","Números","0","smartphone moto g 06","pt","br","10","0.15"
4165,"Smartphone","YouTube","Números","0","xyz 007 smartphone","pt","br","0","-"
4166,"Smartphone","YouTube","Números","0","smartphone under 10 000","pt","br","0","-"
4167,"Smartphone","YouTube","Números","0","smartphone under 15 000","pt","br","0","-"
4168,"Smartphone","YouTube","Números","0","smartphone under 5 000","pt","br","0","-"
4169,"Smartphone","YouTube","Números","0","smartphone tech 02","pt","br","0","-"
4170,"Smartphone","YouTube","Números","0","smartphone under 30 000","pt","br","0","-"
4171,"Smartphone","YouTube","Números","0","10 000 smartphone","pt","br","0","-"
4172,"Smartphone","YouTube","Números","0","smartphone under 25 000","pt","br","0","-"
4173,"Smartphone","YouTube","Números","0","smartphone under 40 000","pt","br","0","-"
4174,"Smartphone","YouTube","Números","1","smartphone 12gb ram","pt","br","880","0.23"
4175,"Smartphone","YouTube","Números","1","smartphone 16gb ram","pt","br","590","0.33"
4176,"Smartphone","YouTube","Números","1","smartphone 1tb","pt","br","480","0.26"
4177,"Smartphone","YouTube","Números","1","smartphone 15","pt","br","0","-"
4178,"Smartphone","YouTube","Números","1","smartphone 16","pt","br","0","-"
4179,"Smartphone","YouTube","Números","1","smartphone 14","pt","br","0","-"
4180,"Smartphone","YouTube","Números","1","smartphone 11","pt","br","0","-"
4181,"Smartphone","YouTube","Números","1","smartphone 13","pt","br","0","-"
4182,"Smartphone","YouTube","Números","1","smartphone 12","pt","br","0","-"
4183,"Smartphone","YouTube","Números","1","smartphone 1000 reais","pt","br","0","-"
4184,"Smartphone","YouTube","Números","1","smartphone 10000mah","pt","br","0","-"
4185,"Smartphone","YouTube","Números","1","smartphone 1 terabyte","pt","br","0","-"
4186,"Smartphone","YouTube","Números","1","smartphone 1500 reais","pt","br","0","-"
4187,"Smartphone","YouTube","Números","1","smartphone 17","pt","br","0","-"
4188,"Smartphone","YouTube","Números","1","smartphone 17 pro max","pt","br","0","-"
4189,"Smartphone","YouTube","Números","2","smartphone 256gb","pt","br","6.6K","0.43"
4190,"Smartphone","YouTube","Números","2","smartphone 256gb 8gb ram 5g","pt","br","1.0K","0.35"
4191,"Smartphone","YouTube","Números","2","smartphone 2025","pt","br","720","0.28"
4192,"Smartphone","YouTube","Números","2","smartphone 2026","pt","br","0","-"
4193,"Smartphone","YouTube","Números","2","smartphone 2000","pt","br","0","-"
4194,"Smartphone","YouTube","Números","2","smartphone 2000 reais","pt","br","0","-"
4195,"Smartphone","YouTube","Números","2","smartphone 2024","pt","br","0","-"
4196,"Smartphone","YouTube","Números","2","smartphone 2025 samsung","pt","br","0","-"
4197,"Smartphone","YouTube","Números","2","smartphone 2015","pt","br","0","-"
4198,"Smartphone","YouTube","Números","2","smartphone 2005","pt","br","0","-"
4199,"Smartphone","YouTube","Números","2","smartphone 2025 xiaomi","pt","br","0","-"
4200,"Smartphone","YouTube","Números","2","smartphone 2025 custo beneficio","pt","br","0","-"
4201,"Smartphone","YouTube","Números","2","smartphone 2025 ate 2000","pt","br","0","-"
4202,"Smartphone","YouTube","Números","2","smartphone 2025 ate 1500","pt","br","0","-"
4203,"Smartphone","YouTube","Números","2","smartphone 2025 motorola","pt","br","0","-"
4204,"Smartphone","YouTube","Números","3","smartphone 32gb ram","pt","br","90","0.18"
4205,"Smartphone","YouTube","Números","3","smartphone 3d","pt","br","50","-"
4206,"Smartphone","YouTube","Números","3","smartphone 3 telas","pt","br","30","-"
4207,"Smartphone","YouTube","Números","3","smartphone 3g","pt","br","0","-"
4208,"Smartphone","YouTube","Números","3","smartphone 3000","pt","br","0","-"
4209,"Smartphone","YouTube","Números","3","smartphone 3d scanner","pt","br","0","-"
4210,"Smartphone","YouTube","Números","3","smartphone 300","pt","br","0","-"
4211,"Smartphone","YouTube","Números","3","smartphone 3d animation","pt","br","0","-"
4212,"Smartphone","YouTube","Números","3","smartphone 3d after effects","pt","br","0","-"
4213,"Smartphone","YouTube","Números","3","smartphone 360 camera","pt","br","0","-"
4214,"Smartphone","YouTube","Números","3","smartphone 33000mah","pt","br","0","-"
4215,"Smartphone","YouTube","Números","3","smartphone 3500","pt","br","0","-"
4216,"Smartphone","YouTube","Números","3","smartphone 3 fold","pt","br","0","-"
4217,"Smartphone","YouTube","Números","3","smartphone 3d green screen","pt","br","0","-"
4218,"Smartphone","YouTube","Números","3","smartphone 300 euros 2025","pt","br","0","-"
4219,"Smartphone","YouTube","Números","4","smartphone 4g","pt","br","140","0.19"
4220,"Smartphone","YouTube","Números","4","smartphone 4k","pt","br","110","0.09"
4221,"Smartphone","YouTube","Números","4","smartphone 4g ou 5g","pt","br","20","-"
4222,"Smartphone","YouTube","Números","4","smartphone 40 pro","pt","br","0","-"
4223,"Smartphone","YouTube","Números","4","smartphone 4000","pt","br","0","-"
4224,"Smartphone","YouTube","Números","4","smartphone 4k 60fps","pt","br","0","-"
4225,"Smartphone","YouTube","Números","4","smartphone 4g vs 5g","pt","br","0","-"
4226,"Smartphone","YouTube","Números","4","smartphone 4k camera","pt","br","0","-"
4227,"Smartphone","YouTube","Números","4","smartphone 4 inch","pt","br","0","-"
4228,"Smartphone","YouTube","Números","4","smartphone 4 64","pt","br","0","-"
4229,"Smartphone","YouTube","Números","4","smartphone 4 inch display","pt","br","0","-"
4230,"Smartphone","YouTube","Números","4","smartphone 4k 120fps","pt","br","0","-"
4231,"Smartphone","YouTube","Números","4","smartphone 4k display","pt","br","0","-"
4232,"Smartphone","YouTube","Números","4","smartphone 4k video test","pt","br","0","-"
4233,"Smartphone","YouTube","Números","4","smartphone 4 jutaan terbaik 2025","pt","br","0","-"
4234,"Smartphone","YouTube","Números","5","smartphone 5g","pt","br","5.4K","0.32"
4235,"Smartphone","YouTube","Números","5","smartphone 512gb","pt","br","3.6K","0.29"
4236,"Smartphone","YouTube","Números","5","smartphone 5g mais barato","pt","br","390","0.21"
4237,"Smartphone","YouTube","Números","5","smartphone 5g samsung","pt","br","0","-"
4238,"Smartphone","YouTube","Números","5","smartphone 5g barato","pt","br","0","-"
4239,"Smartphone","YouTube","Números","5","smartphone 5g nfc","pt","br","0","-"
4240,"Smartphone","YouTube","Números","5","smartphone 500 reais","pt","br","0","-"
4241,"Smartphone","YouTube","Números","5","smartphone 5 polegadas","pt","br","0","-"
4242,"Smartphone","YouTube","Números","5","smartphone 5g ate 1000 reais","pt","br","0","-"
4243,"Smartphone","YouTube","Números","5","smartphone 5g bom e barato","pt","br","0","-"
4244,"Smartphone","YouTube","Números","5","smartphone 50","pt","br","0","-"
4245,"Smartphone","YouTube","Números","5","smartphone 5g 2025","pt","br","0","-"
4246,"Smartphone","YouTube","Números","5","smartphone 5g custo beneficio 2025","pt","br","0","-"
4247,"Smartphone","YouTube","Números","5","smartphone 512gb 2025","pt","br","0","-"
4248,"Smartphone","YouTube","Números","5","smartphone 5k","pt","br","0","-"
4249,"Smartphone","YouTube","Números","6","smartphone 6gb ram","pt","br","590","0.39"
4250,"Smartphone","YouTube","Números","6","smartphone 6000mah","pt","br","140","0.23"
4251,"Smartphone","YouTube","Números","6","smartphone 6g","pt","br","40","0.22"
4252,"Smartphone","YouTube","Números","6","smartphone 6.1","pt","br","0","-"
4253,"Smartphone","YouTube","Números","6","smartphone 60","pt","br","0","-"
4254,"Smartphone","YouTube","Números","6","smartphone 6.9","pt","br","0","-"
4255,"Smartphone","YouTube","Números","6","smartphone 6.9 inch","pt","br","0","-"
4256,"Smartphone","YouTube","Números","6","smartphone 60hz vs 120hz","pt","br","0","-"
4257,"Smartphone","YouTube","Números","6","smartphone 6.8 inch display","pt","br","0","-"
4258,"Smartphone","YouTube","Números","6","smartphone 6gb ram 128gb rom 5000mah battery","pt","br","0","-"
4259,"Smartphone","YouTube","Números","6","smartphone 6000mah battery","pt","br","0","-"
4260,"Smartphone","YouTube","Números","6","smartphone 6 inch display","pt","br","0","-"
4261,"Smartphone","YouTube","Números","6","smartphone 6.4 inch","pt","br","0","-"
4262,"Smartphone","YouTube","Números","6","smartphone 6.1 inch","pt","br","0","-"
4263,"Smartphone","YouTube","Números","7","smartphone 7000mah","pt","br","170","0.15"
4264,"Smartphone","YouTube","Números","7","7000mah smartphone","pt","br","170","0.15"
4265,"Smartphone","YouTube","Números","7","smartphone 7 polegadas","pt","br","140","0.18"
4266,"Smartphone","YouTube","Números","7","smartphone 7000mah battery","pt","br","0","-"
4267,"Smartphone","YouTube","Números","7","smartphone 7.5 inch","pt","br","0","-"
4268,"Smartphone","YouTube","Números","7","smartphone 7.2 inch","pt","br","0","-"
4269,"Smartphone","YouTube","Números","7","smartphone 7.3 inch","pt","br","0","-"
4270,"Smartphone","YouTube","Números","7","smartphone 7 inch","pt","br","0","-"
4271,"Smartphone","YouTube","Números","7","smartphone 7000","pt","br","0","-"
4272,"Smartphone","YouTube","Números","7","smartphone 700 euro","pt","br","0","-"
4273,"Smartphone","YouTube","Números","7","smartphone 7 zoll","pt","br","0","-"
4274,"Smartphone","YouTube","Números","7","smartphone 7 pouces","pt","br","0","-"
4275,"Smartphone","YouTube","Números","7","smartphone 7000 price","pt","br","0","-"
4276,"Smartphone","YouTube","Números","7","smartphone 7 jutaan terbaik 2025","pt","br","0","-"
4277,"Smartphone","YouTube","Números","7","smartphone 7k budget","pt","br","0","-"
4278,"Smartphone","YouTube","Números","8","smartphone 8gb ram","pt","br","1.6K","0.5"
4279,"Smartphone","YouTube","Números","8","smartphone 8000mah","pt","br","140","0.12"
4280,"Smartphone","YouTube","Números","8","smartphone 8ram","pt","br","90","0.13"
4281,"Smartphone","YouTube","Números","8","smartphone 800 reais","pt","br","0","-"
4282,"Smartphone","YouTube","Números","8","smartphone 8 pro","pt","br","0","-"
4283,"Smartphone","YouTube","Números","8","smartphone 8 gen 3","pt","br","0","-"
4284,"Smartphone","YouTube","Números","8","smartphone 8k","pt","br","0","-"
4285,"Smartphone","YouTube","Números","8","smartphone 8k camera","pt","br","0","-"
4286,"Smartphone","YouTube","Números","8","smartphone 8849","pt","br","0","-"
4287,"Smartphone","YouTube","Números","8","smartphone 8000","pt","br","0","-"
4288,"Smartphone","YouTube","Números","8","smartphone 8 elite","pt","br","0","-"
4289,"Smartphone","YouTube","Números","8","smartphone 8gb ram 256gb rom","pt","br","0","-"
4290,"Smartphone","YouTube","Números","8","smartphone 8000mah battery","pt","br","0","-"
4291,"Smartphone","YouTube","Números","8","smartphone 8849 tank 3","pt","br","0","-"
4292,"Smartphone","YouTube","Números","8","smartphone 8849 tank 2","pt","br","0","-"
4293,"Smartphone","YouTube","Números","9","smartphone pixel 9","pt","br","140","0.12"
4294,"Smartphone","YouTube","Números","9","smartphone asus zenfone 9","pt","br","140","0.16"
4295,"Smartphone","YouTube","Números","9","smartphone king kong 9","pt","br","70","0.12"
4296,"Smartphone","YouTube","Números","9","smartphone ate 900","pt","br","0","-"
4297,"Smartphone","YouTube","Números","9","smartphone xiaomi redmi 9a","pt","br","0","-"
4298,"Smartphone","YouTube","Números","9","smartphone pixel 9 pro xl","pt","br","0","-"
4299,"Smartphone","YouTube","Números","9","smartphone 9000","pt","br","0","-"
4300,"Smartphone","YouTube","Números","9","smartphone dimensity 9400","pt","br","0","-"
4301,"Smartphone","YouTube","Números","9","smartphone dimensity 9500","pt","br","0","-"
4302,"Smartphone","YouTube","Números","9","smartphone pixel 9a","pt","br","0","-"
4303,"Smartphone","YouTube","Números","9","smartphone honor 90","pt","br","0","-"
4304,"Smartphone","YouTube","Números","9","smartphone 9000 under","pt","br","0","-"
4305,"Smartphone","YouTube","Números","9","smartphone infinix 9","pt","br","0","-"
4306,"Smartphone","YouTube","Números","9","smartphone infinix smart 9 é bom","pt","br","0","-"
4307,"Smartphone","YouTube","Números","9","smartphone umidigi note 90","pt","br","0","-"
4308,"Smartphone","YouTube","Preposições","com","smartphone com nfc","pt","br","1.6K","0.27"
4309,"Smartphone","YouTube","Preposições","com","smartphone com carregamento por indução","pt","br","390","0.19"
4310,"Smartphone","YouTube","Preposições","com","smartphone com camera boa","pt","br","390","0.2"
4311,"Smartphone","YouTube","Preposições","com","smartphone com nfc barato","pt","br","0","-"
4312,"Smartphone","YouTube","Preposições","com","smartphone com melhor bateria","pt","br","0","-"
4313,"Smartphone","YouTube","Preposições","com","smartphone com tela pequena","pt","br","0","-"
4314,"Smartphone","YouTube","Preposições","com","smartphone com infravermelho","pt","br","0","-"
4315,"Smartphone","YouTube","Preposições","com","smartphone com ip69","pt","br","0","-"
4316,"Smartphone","YouTube","Preposições","com","smartphone com teclado fisico","pt","br","0","-"
4317,"Smartphone","YouTube","Preposições","com","smartphone com certificação militar","pt","br","0","-"
4318,"Smartphone","YouTube","Preposições","com","smartphone com câmera boa e barato","pt","br","0","-"
4319,"Smartphone","YouTube","Preposições","com","smartphone com as melhores câmeras","pt","br","0","-"
4320,"Smartphone","YouTube","Preposições","com","smartphone com melhor camera 2025","pt","br","0","-"
4321,"Smartphone","YouTube","Preposições","com","smartphone com camera melhor que iphone","pt","br","0","-"
4322,"Smartphone","YouTube","Preposições","com","smartphone com melhor bateria 2025","pt","br","0","-"
4323,"Smartphone","YouTube","Preposições","como","usar smartphone como webcam","pt","br","0","-"
4324,"Smartphone","YouTube","Preposições","como","smartphone como webcam","pt","br","0","-"
4325,"Smartphone","YouTube","Preposições","como","smartphone lento como resolver","pt","br","0","-"
4326,"Smartphone","YouTube","Preposições","como","smartphone travando como resolver","pt","br","0","-"
4327,"Smartphone","YouTube","Preposições","como","usar smartphone como tv box","pt","br","0","-"
4328,"Smartphone","YouTube","Preposições","como","usar smartphone como monitor","pt","br","0","-"
4329,"Smartphone","YouTube","Preposições","como","usar smartphone como repetidor wifi","pt","br","0","-"
4330,"Smartphone","YouTube","Preposições","como","usar smartphone como mouse","pt","br","0","-"
4331,"Smartphone","YouTube","Preposições","como","smartphone está iniciando como resolver","pt","br","0","-"
4332,"Smartphone","YouTube","Preposições","como","usar smartphone como pc","pt","br","0","-"
4333,"Smartphone","YouTube","Preposições","como","utilizar smartphone como webcam para pc","pt","br","0","-"
4334,"Smartphone","YouTube","Preposições","como","usar smartphone como microfone para pc","pt","br","0","-"
4335,"Smartphone","YouTube","Preposições","como","smartphone flash tool como usar","pt","br","0","-"
4336,"Smartphone","YouTube","Preposições","como","usar smartphone como monitor dslr","pt","br","0","-"
4337,"Smartphone","YouTube","Preposições","como","usar smartphone como camara web","pt","br","0","-"
4338,"Smartphone","YouTube","Preposições","para","smartphone para idoso","pt","br","1.3K","0.19"
4339,"Smartphone","YouTube","Preposições","para","smartphone para jogos","pt","br","320","0.15"
4340,"Smartphone","YouTube","Preposições","para","smartphone para criança","pt","br","140","0.17"
4341,"Smartphone","YouTube","Preposições","para","smartphone para trabalho","pt","br","0","-"
4342,"Smartphone","YouTube","Preposições","para","smartphone para fotos","pt","br","0","-"
4343,"Smartphone","YouTube","Preposições","para","smartphone para uber","pt","br","0","-"
4344,"Smartphone","YouTube","Preposições","para","smartphone para 2025","pt","br","0","-"
4345,"Smartphone","YouTube","Preposições","para","smartphone para gravar videos","pt","br","0","-"
4346,"Smartphone","YouTube","Preposições","para","smartphone para comprar em 2025","pt","br","0","-"
4347,"Smartphone","YouTube","Preposições","para","smartphone para redes sociais","pt","br","0","-"
4348,"Smartphone","YouTube","Preposições","para","smartphone para comprar na black friday","pt","br","0","-"
4349,"Smartphone","YouTube","Preposições","para","smartphone para 2026","pt","br","0","-"
4350,"Smartphone","YouTube","Preposições","para","smartphone para comprar em 2026","pt","br","0","-"
4351,"Smartphone","YouTube","Preposições","para","smartphone para fotos e videos","pt","br","0","-"
4352,"Smartphone","YouTube","Preposições","para","smartphone para jogos 2025","pt","br","0","-"
4353,"Smartphone","YouTube","Preposições","parecido com","smartphone parecido com iphone","pt","br","140","0.12"
4354,"Smartphone","YouTube","Preposições","sem","smartphone sem som","pt","br","20","-"
4355,"Smartphone","YouTube","Preposições","sem","sem smartphone","pt","br","10","-"
4356,"Smartphone","YouTube","Preposições","sem","viver sem smartphone","pt","br","10","-"
4357,"Smartphone","YouTube","Preposições","sem","smartphone xiaomi sem sinal como resolver","pt","br","0","-"
4358,"Smartphone","YouTube","Preposições","sem","vida sem smartphone","pt","br","0","-"
4359,"Smartphone","YouTube","Preposições","sem","ficar sem smartphone","pt","br","0","-"
4360,"Smartphone","YouTube","Perguntas","como","como desbloquear smartphone","pt","br","70","-"
4361,"Smartphone","YouTube","Perguntas","como","como formatar smartphone","pt","br","70","0.02"
4362,"Smartphone","YouTube","Perguntas","como","como rastrear smartphone","pt","br","50","0.18"
4363,"Smartphone","YouTube","Perguntas","como","como espelhar smartphone na tv","pt","br","0","-"
4364,"Smartphone","YouTube","Perguntas","como","como resetar smartphone samsung","pt","br","0","-"
4365,"Smartphone","YouTube","Perguntas","como","como formatar smartphone motorola","pt","br","0","-"
4366,"Smartphone","YouTube","Perguntas","como","como encontrar smartphone perdido","pt","br","0","-"
4367,"Smartphone","YouTube","Perguntas","como","como formatar smartphone samsung","pt","br","0","-"
4368,"Smartphone","YouTube","Perguntas","como","como desbloquear smartphone samsung","pt","br","0","-"
4369,"Smartphone","YouTube","Perguntas","como","como reiniciar smartphone","pt","br","0","-"
4370,"Smartphone","YouTube","Perguntas","como","smartphone como webcam","pt","br","0","-"
4371,"Smartphone","YouTube","Perguntas","como","como desbloquear smartphone motorola","pt","br","0","-"
4372,"Smartphone","YouTube","Perguntas","como","como espelhar smartphone no notebook","pt","br","0","-"
4373,"Smartphone","YouTube","Perguntas","como","como formatar smartphone xiaomi","pt","br","0","-"
4374,"Smartphone","YouTube","Perguntas","como","como usar smartphone flash tool","pt","br","0","-"
4375,"Smartphone","YouTube","Perguntas","é","o'que é smartphone","pt","br","2.4K","0.21"
4376,"Smartphone","YouTube","Perguntas","é","qual smartphone é melhor","pt","br","1.6K","0.13"
4377,"Smartphone","YouTube","Perguntas","o que","o que é smartphone","pt","br","2.4K","0.47"
4378,"Smartphone","YouTube","Perguntas","o que","o que nfc no smartphone","pt","br","20","-"
4379,"Smartphone","YouTube","Perguntas","o que","o que fazer quando o smartphone está iniciando","pt","br","20","-"
4380,"Smartphone","YouTube","Perguntas","o que","o que fazer com smartphone velho","pt","br","0","-"
4381,"Smartphone","YouTube","Perguntas","o que","o que é lentidão no smartphone","pt","br","0","-"
4382,"Smartphone","YouTube","Perguntas","onde","onde comprar smartphone mais barato","pt","br","20","0.23"
4383,"Smartphone","YouTube","Perguntas","qual","qual smartphone é melhor","pt","br","1.6K","0.13"
4384,"Smartphone","YouTube","Perguntas","qual","qual melhor smartphone da samsung","pt","br","1.0K","0.17"
4385,"Smartphone","YouTube","Perguntas","qual","qual melhor smartphone 2025","pt","br","720","0.27"
4386,"Smartphone","YouTube","Perguntas","qual","qual melhor smartphone da motorola","pt","br","0","-"
4387,"Smartphone","YouTube","Perguntas","qual","qual smartphone tem a melhor camera","pt","br","0","-"
4388,"Smartphone","YouTube","Perguntas","qual","qual smartphone comprar em 2025","pt","br","0","-"
4389,"Smartphone","YouTube","Perguntas","qual","qual melhor smartphone da xiaomi","pt","br","0","-"
4390,"Smartphone","YouTube","Perguntas","qual","qual melhor smartphone 2026","pt","br","0","-"
4391,"Smartphone","YouTube","Perguntas","qual","qual o smartphone com a melhor camera","pt","br","0","-"
4392,"Smartphone","YouTube","Perguntas","qual","qual o melhor smartphone para comprar em 2025","pt","br","0","-"
4393,"Smartphone","YouTube","Perguntas","qual","qual smartphone samsung comprar","pt","br","0","-"
4394,"Smartphone","YouTube","Perguntas","qual","qual melhor smartphone xiaomi 2025","pt","br","0","-"
4395,"Smartphone","YouTube","Perguntas","qual","qual smartphone comprar em 2026","pt","br","0","-"
4396,"Smartphone","YouTube","Perguntas","qual","qual smartphone comprar em 2025 custo benefício","pt","br","0","-"
4397,"Smartphone","YouTube","Perguntas","qual","qual melhor smartphone motorola 2025","pt","br","0","-"
4398,"Smartphone","TikTok","Ordem alfabética","a","smartphone android","pt","br","0","-"
4399,"Smartphone","TikTok","Ordem alfabética","a","smartphone a56","pt","br","0","-"
4400,"Smartphone","TikTok","Ordem alfabética","a","smartphone alternative","pt","br","0","-"
4401,"Smartphone","TikTok","Ordem alfabética","a","smartphone a67","pt","br","0","-"
4402,"Smartphone","TikTok","Ordem alfabética","a","smartphone and phone","pt","br","0","-"
4403,"Smartphone","TikTok","Ordem alfabética","a","smartphone adapter","pt","br","0","-"
4404,"Smartphone","TikTok","Ordem alfabética","b","smartphone blackberry","pt","br","0","-"
4405,"Smartphone","TikTok","Ordem alfabética","b","smartphone bottle","pt","br","0","-"
4406,"Smartphone","TikTok","Ordem alfabética","b","smartphone blu","pt","br","0","-"
4407,"Smartphone","TikTok","Ordem alfabética","b","smartphone battle","pt","br","0","-"
4408,"Smartphone","TikTok","Ordem alfabética","b","smartphone battery test","pt","br","0","-"
4409,"Smartphone","TikTok","Ordem alfabética","b","smartphone buying","pt","br","0","-"
4410,"Smartphone","TikTok","Ordem alfabética","c","smartphone c67","pt","br","0","-"
4411,"Smartphone","TikTok","Ordem alfabética","c","smartphone charger","pt","br","0","-"
4412,"Smartphone","TikTok","Ordem alfabética","c","smartphone case","pt","br","0","-"
4413,"Smartphone","TikTok","Ordem alfabética","c","smartphone cleaner","pt","br","0","-"
4414,"Smartphone","TikTok","Ordem alfabética","c","smartphone c24","pt","br","0","-"
4415,"Smartphone","TikTok","Ordem alfabética","c","smartphone cooling fan","pt","br","0","-"
4416,"Smartphone","TikTok","Ordem alfabética","c","smartphone camera","pt","br","0","-"
4417,"Smartphone","TikTok","Ordem alfabética","d","smartphone doctor","pt","br","0","-"
4418,"Smartphone","TikTok","Ordem alfabética","d","smartphone dance","pt","br","0","-"
4419,"Smartphone","TikTok","Ordem alfabética","d","smartphone dz","pt","br","0","-"
4420,"Smartphone","TikTok","Ordem alfabética","d","smartphone display","pt","br","0","-"
4421,"Smartphone","TikTok","Ordem alfabética","d","smartphone detox","pt","br","0","-"
4422,"Smartphone","TikTok","Ordem alfabética","d","smartphone digi cam","pt","br","0","-"
4423,"Smartphone","TikTok","Ordem alfabética","e","smartphone earbuds","pt","br","0","-"
4424,"Smartphone","TikTok","Ordem alfabética","e","smartphone evolution","pt","br","0","-"
4425,"Smartphone","TikTok","Ordem alfabética","e","smartphone explodes","pt","br","0","-"
4426,"Smartphone","TikTok","Ordem alfabética","e","smartphone electronics","pt","br","0","-"
4427,"Smartphone","TikTok","Ordem alfabética","e","smartphone edit","pt","br","0","-"
4428,"Smartphone","TikTok","Ordem alfabética","e","smartphone ereader","pt","br","0","-"
4429,"Smartphone","TikTok","Ordem alfabética","e","smartphone earphones","pt","br","0","-"
4430,"Smartphone","TikTok","Ordem alfabética","f","smartphone for kids","pt","br","0","-"
4431,"Smartphone","TikTok","Ordem alfabética","f","smartphone f4","pt","br","0","-"
4432,"Smartphone","TikTok","Ordem alfabética","f","smartphone foldable","pt","br","0","-"
4433,"Smartphone","TikTok","Ordem alfabética","f","smartphone for gaming","pt","br","0","-"
4434,"Smartphone","TikTok","Ordem alfabética","f","smartphone filmmaking","pt","br","0","-"
4435,"Smartphone","TikTok","Ordem alfabética","f","smartphone for toddlers","pt","br","0","-"
4436,"Smartphone","TikTok","Ordem alfabética","g","smartphone google","pt","br","0","-"
4437,"Smartphone","TikTok","Ordem alfabética","g","smartphone galaxy","pt","br","0","-"
4438,"Smartphone","TikTok","Ordem alfabética","g","smartphone google pixel","pt","br","0","-"
4439,"Smartphone","TikTok","Ordem alfabética","g","smartphone gallery","pt","br","0","-"
4440,"Smartphone","TikTok","Ordem alfabética","g","smartphone greece","pt","br","0","-"
4441,"Smartphone","TikTok","Ordem alfabética","g","smartphone glass","pt","br","0","-"
4442,"Smartphone","TikTok","Ordem alfabética","h","smartphone hacks","pt","br","0","-"
4443,"Smartphone","TikTok","Ordem alfabética","h","smartphone huawei","pt","br","0","-"
4444,"Smartphone","TikTok","Ordem alfabética","h","smartphone honor","pt","br","0","-"
4445,"Smartphone","TikTok","Ordem alfabética","h","smartphone headset","pt","br","0","-"
4446,"Smartphone","TikTok","Ordem alfabética","h","smartphone heavy duty","pt","br","0","-"
4447,"Smartphone","TikTok","Ordem alfabética","h","smartphone headphone","pt","br","0","-"
4448,"Smartphone","TikTok","Ordem alfabética","i","smartphone iphone","pt","br","0","-"
4449,"Smartphone","TikTok","Ordem alfabética","i","smartphone i17 pro max","pt","br","0","-"
4450,"Smartphone","TikTok","Ordem alfabética","i","smartphone i25 ultra","pt","br","0","-"
4451,"Smartphone","TikTok","Ordem alfabética","i","smartphone innovation","pt","br","0","-"
4452,"Smartphone","TikTok","Ordem alfabética","i","smartphone ios","pt","br","0","-"
4453,"Smartphone","TikTok","Ordem alfabética","i","smartphone iphone mini","pt","br","0","-"
4454,"Smartphone","TikTok","Ordem alfabética","i","smartphone infrared transmitter","pt","br","0","-"
4455,"Smartphone","TikTok","Ordem alfabética","j","smartphone jo yuri","pt","br","0","-"
4456,"Smartphone","TikTok","Ordem alfabética","j","smartphone japan","pt","br","0","-"
4457,"Smartphone","TikTok","Ordem alfabética","j","samsung j3 smartphone","pt","br","0","-"
4458,"Smartphone","TikTok","Ordem alfabética","j","smartphone jojo","pt","br","0","-"
4459,"Smartphone","TikTok","Ordem alfabética","k","smartphone kids","pt","br","0","-"
4460,"Smartphone","TikTok","Ordem alfabética","k","smartphone keyboard","pt","br","0","-"
4461,"Smartphone","TikTok","Ordem alfabética","k","smartphone for kids","pt","br","0","-"
4462,"Smartphone","TikTok","Ordem alfabética","k","smartphone kit","pt","br","0","-"
4463,"Smartphone","TikTok","Ordem alfabética","k","smartphone keypad","pt","br","0","-"
4464,"Smartphone","TikTok","Ordem alfabética","k","smartphone keyboard case","pt","br","0","-"
4465,"Smartphone","TikTok","Ordem alfabética","k","smartphone kid toy","pt","br","0","-"
4466,"Smartphone","TikTok","Ordem alfabética","l","smartphone lens kit","pt","br","0","-"
4467,"Smartphone","TikTok","Ordem alfabética","l","smartphone lanyard","pt","br","0","-"
4468,"Smartphone","TikTok","Ordem alfabética","l","smartphone live sale","pt","br","0","-"
4469,"Smartphone","TikTok","Ordem alfabética","l","smartphone l25 ultra","pt","br","0","-"
4470,"Smartphone","TikTok","Ordem alfabética","l","smartphone led lights","pt","br","0","-"
4471,"Smartphone","TikTok","Ordem alfabética","l","smartphone large screen","pt","br","0","-"
4472,"Smartphone","TikTok","Ordem alfabética","m","smartphone mini","pt","br","0","-"
4473,"Smartphone","TikTok","Ordem alfabética","m","smartphone microphone","pt","br","0","-"
4474,"Smartphone","TikTok","Ordem alfabética","m","smartphone magnifier","pt","br","0","-"
4475,"Smartphone","TikTok","Ordem alfabética","m","smartphone mystery box","pt","br","0","-"
4476,"Smartphone","TikTok","Ordem alfabética","m","smartphone microscope","pt","br","0","-"
4477,"Smartphone","TikTok","Ordem alfabética","m","smartphone m10","pt","br","0","-"
4478,"Smartphone","TikTok","Ordem alfabética","m","smartphone m17","pt","br","0","-"
4479,"Smartphone","TikTok","Ordem alfabética","m","smartphone magnetic neck holder","pt","br","0","-"
4480,"Smartphone","TikTok","Ordem alfabética","n","smartphone neck","pt","br","0","-"
4481,"Smartphone","TikTok","Ordem alfabética","n","smartphone neck mount","pt","br","0","-"
4482,"Smartphone","TikTok","Ordem alfabética","n","smartphone netendo","pt","br","0","-"
4483,"Smartphone","TikTok","Ordem alfabética","n","n10 smartphone","pt","br","0","-"
4484,"Smartphone","TikTok","Ordem alfabética","n","smartphone niños","pt","br","0","-"
4485,"Smartphone","TikTok","Ordem alfabética","n","smartphone n20","pt","br","0","-"
4486,"Smartphone","TikTok","Ordem alfabética","n","smartphone no camera","pt","br","0","-"
4487,"Smartphone","TikTok","Ordem alfabética","o","smartphone on tiktok shop","pt","br","0","-"
4488,"Smartphone","TikTok","Ordem alfabética","o","smartphone oukitel","pt","br","0","-"
4489,"Smartphone","TikTok","Ordem alfabética","o","smartphone original","pt","br","0","-"
4490,"Smartphone","TikTok","Ordem alfabética","o","smartphone organizer","pt","br","0","-"
4491,"Smartphone","TikTok","Ordem alfabética","o","smartphone oneplus","pt","br","0","-"
4492,"Smartphone","TikTok","Ordem alfabética","o","smartphone oukitel c36","pt","br","0","-"
4493,"Smartphone","TikTok","Ordem alfabética","o","smartphone oukitel c61","pt","br","0","-"
4494,"Smartphone","TikTok","Ordem alfabética","p","smartphone projector","pt","br","0","-"
4495,"Smartphone","TikTok","Ordem alfabética","p","smartphone pinky","pt","br","0","-"
4496,"Smartphone","TikTok","Ordem alfabética","p","smartphone photography","pt","br","0","-"
4497,"Smartphone","TikTok","Ordem alfabética","p","smartphone photo printer","pt","br","0","-"
4498,"Smartphone","TikTok","Ordem alfabética","p","smartphone pinnacle","pt","br","0","-"
4499,"Smartphone","TikTok","Ordem alfabética","p","smartphone pink","pt","br","0","-"
4500,"Smartphone","TikTok","Ordem alfabética","q","smartphone q es","pt","br","0","-"
4501,"Smartphone","TikTok","Ordem alfabética","q","smartphone quotes","pt","br","0","-"
4502,"Smartphone","TikTok","Ordem alfabética","q","smartphone que es","pt","br","0","-"
4503,"Smartphone","TikTok","Ordem alfabética","q","smartphone q","pt","br","0","-"
4504,"Smartphone","TikTok","Ordem alfabética","q","smartphone quest havoc","pt","br","0","-"
4505,"Smartphone","TikTok","Ordem alfabética","r","smartphone review","pt","br","0","-"
4506,"Smartphone","TikTok","Ordem alfabética","r","smartphone ringtone","pt","br","0","-"
4507,"Smartphone","TikTok","Ordem alfabética","r","smartphone ring remote","pt","br","0","-"
4508,"Smartphone","TikTok","Ordem alfabética","r","smartphone rugged","pt","br","0","-"
4509,"Smartphone","TikTok","Ordem alfabética","r","smartphone repair kit","pt","br","0","-"
4510,"Smartphone","TikTok","Ordem alfabética","r","smartphone revolution","pt","br","0","-"
4511,"Smartphone","TikTok","Ordem alfabética","r","smartphone razr","pt","br","0","-"
4512,"Smartphone","TikTok","Ordem alfabética","s","smartphone solutions","pt","br","0","-"
4513,"Smartphone","TikTok","Ordem alfabética","s","smartphone selfie stick","pt","br","0","-"
4514,"Smartphone","TikTok","Ordem alfabética","s","smartphone samsung","pt","br","0","-"
4515,"Smartphone","TikTok","Ordem alfabética","s","smartphone s26 ultra","pt","br","0","-"
4516,"Smartphone","TikTok","Ordem alfabética","s","smartphone s24 pro","pt","br","0","-"
4517,"Smartphone","TikTok","Ordem alfabética","s","smartphone s24 ultra","pt","br","0","-"
4518,"Smartphone","TikTok","Ordem alfabética","t","smartphone tiktok shop","pt","br","0","-"
4519,"Smartphone","TikTok","Ordem alfabética","t","smartphone tips","pt","br","0","-"
4520,"Smartphone","TikTok","Ordem alfabética","t","smartphone tecno","pt","br","0","-"
4521,"Smartphone","TikTok","Ordem alfabética","t","smartphone trump","pt","br","0","-"
4522,"Smartphone","TikTok","Ordem alfabética","t","smartphone tricks","pt","br","0","-"
4523,"Smartphone","TikTok","Ordem alfabética","t","smartphone tv flying tiger","pt","br","0","-"
4524,"Smartphone","TikTok","Ordem alfabética","t","smartphone tcl 5g","pt","br","0","-"
4525,"Smartphone","TikTok","Ordem alfabética","t","smartphone tablet","pt","br","0","-"
4526,"Smartphone","TikTok","Ordem alfabética","u","smartphone unlocked","pt","br","0","-"
4527,"Smartphone","TikTok","Ordem alfabética","u","smartphone unicorn","pt","br","0","-"
4528,"Smartphone","TikTok","Ordem alfabética","u","smartphone under 100","pt","br","0","-"
4529,"Smartphone","TikTok","Ordem alfabética","u","smartphone usa","pt","br","0","-"
4530,"Smartphone","TikTok","Ordem alfabética","u","smartphone unlocked 256gb","pt","br","0","-"
4531,"Smartphone","TikTok","Ordem alfabética","u","unlocked android smartphone","pt","br","0","-"
4532,"Smartphone","TikTok","Ordem alfabética","u","smartphone ulefone","pt","br","0","-"
4533,"Smartphone","TikTok","Ordem alfabética","v","smartphone vivo","pt","br","0","-"
4534,"Smartphone","TikTok","Ordem alfabética","v","smartphone viral","pt","br","0","-"
4535,"Smartphone","TikTok","Ordem alfabética","v","smartphone vr headset","pt","br","0","-"
4536,"Smartphone","TikTok","Ordem alfabética","v","smartphone virus","pt","br","0","-"
4537,"Smartphone","TikTok","Ordem alfabética","v","smartphone video kit","pt","br","0","-"
4538,"Smartphone","TikTok","Ordem alfabética","v","smartphone voix","pt","br","0","-"
4539,"Smartphone","TikTok","Ordem alfabética","v","smartphone vlogging","pt","br","0","-"
4540,"Smartphone","TikTok","Ordem alfabética","v","smartphone videos","pt","br","0","-"
4541,"Smartphone","TikTok","Ordem alfabética","w","smartphone with keyboard","pt","br","0","-"
4542,"Smartphone","TikTok","Ordem alfabética","w","smartphone watch","pt","br","0","-"
4543,"Smartphone","TikTok","Ordem alfabética","w","smartphone wrist strap","pt","br","0","-"
4544,"Smartphone","TikTok","Ordem alfabética","w","smartphone wristlet","pt","br","0","-"
4545,"Smartphone","TikTok","Ordem alfabética","w","smartphone waterproof","pt","br","0","-"
4546,"Smartphone","TikTok","Ordem alfabética","w","smartphone watch for android","pt","br","0","-"
4547,"Smartphone","TikTok","Ordem alfabética","w","smartphone watch for kids","pt","br","0","-"
4548,"Smartphone","TikTok","Ordem alfabética","w","smartphone watch band","pt","br","0","-"
4549,"Smartphone","TikTok","Ordem alfabética","w","smartphone wireless","pt","br","0","-"
4550,"Smartphone","TikTok","Ordem alfabética","x","smartphone x charger","pt","br","0","-"
4551,"Smartphone","TikTok","Ordem alfabética","x","smartphone xiomi","pt","br","0","-"
4552,"Smartphone","TikTok","Ordem alfabética","x","smartphone xfinity","pt","br","0","-"
4553,"Smartphone","TikTok","Ordem alfabética","x","smartphone x8","pt","br","0","-"
4554,"Smartphone","TikTok","Ordem alfabética","x","smartphone x100","pt","br","0","-"
4555,"Smartphone","TikTok","Ordem alfabética","x","smartphone x9 pro","pt","br","0","-"
4556,"Smartphone","TikTok","Ordem alfabética","x","smartphone xo","pt","br","0","-"
4557,"Smartphone","TikTok","Ordem alfabética","y","smartphone yena","pt","br","0","-"
4558,"Smartphone","TikTok","Ordem alfabética","y","smartphone y solution","pt","br","0","-"
4559,"Smartphone","TikTok","Ordem alfabética","y","smartphone y iphone","pt","br","0","-"
4560,"Smartphone","TikTok","Ordem alfabética","z","smartphone zoom lens","pt","br","0","-"
4561,"Smartphone","TikTok","Ordem alfabética","z","smartphone zapped","pt","br","0","-"
4562,"Smartphone","TikTok","Ordem alfabética","z","smartphone zte","pt","br","0","-"
4563,"Smartphone","TikTok","Ordem alfabética","z","smartphone zowi","pt","br","0","-"
4564,"Smartphone","TikTok","Ordem alfabética","z","smartphone zombie","pt","br","0","-"
4565,"Smartphone","TikTok","Ordem alfabética","z","smartphone zombie game","pt","br","0","-"
4566,"Smartphone","TikTok","Ordem alfabética","z","smartphone zte blade a56","pt","br","0","-"
4567,"Smartphone","TikTok","Comparações","e","smartphone e","pt","br","0","-"
4568,"Smartphone","TikTok","Comparações","versus","old phone versus smartphone","pt","br","0","-"
4569,"Smartphone","TikTok","Comparações","versus","smartphone versus mini smartphone versus computer","pt","br","0","-"
4570,"Smartphone","TikTok","Comparações","vs","smartphone vs iphone","pt","br","0","-"
4571,"Smartphone","TikTok","Comparações","vs","smartphone vs camera","pt","br","0","-"
4572,"Smartphone","TikTok","Comparações","vs","smartphone vs flip phone","pt","br","0","-"
4573,"Smartphone","TikTok","Comparações","vs","smartphone vs nikon d80","pt","br","0","-"
4574,"Smartphone","TikTok","Comparações","vs","smartphone vs calculator","pt","br","0","-"
4575,"Smartphone","TikTok","Comparações","vs","smartphone vs ","pt","br","0","-"
4576,"Smartphone","TikTok","Números","0","smartphone 0","pt","br","0","-"
4577,"Smartphone","TikTok","Números","1","smartphone 17 pro max","pt","br","0","-"
4578,"Smartphone","TikTok","Números","1","smartphone 1 plus","pt","br","0","-"
4579,"Smartphone","TikTok","Números","1","smartphone 128 gb","pt","br","0","-"
4580,"Smartphone","TikTok","Números","1","smartphone 1tb storage","pt","br","0","-"
4581,"Smartphone","TikTok","Números","1","smartphone 13 pro max","pt","br","0","-"
4582,"Smartphone","TikTok","Números","1","smartphone 1tb","pt","br","0","-"
4583,"Smartphone","TikTok","Números","1","smartphone 1","pt","br","0","-"
4584,"Smartphone","TikTok","Números","1","smartphone 17 pro","pt","br","0","-"
4585,"Smartphone","TikTok","Números","2","smartphone 256gb","pt","br","0","-"
4586,"Smartphone","TikTok","Números","2","smartphone 26","pt","br","0","-"
4587,"Smartphone","TikTok","Números","2","smartphone 2026 best buy","pt","br","0","-"
4588,"Smartphone","TikTok","Números","2","smartphone 256gb speicher","pt","br","0","-"
4589,"Smartphone","TikTok","Números","2","isekai wa smartphone season 2","pt","br","0","-"
4590,"Smartphone","TikTok","Números","2","smartphone 20photography","pt","br","0","-"
4591,"Smartphone","TikTok","Números","2","smartphone 24 ultra","pt","br","0","-"
4592,"Smartphone","TikTok","Números","3","smartphone 3d capput","pt","br","0","-"
4593,"Smartphone","TikTok","Números","3","smartphone 3g","pt","br","0","-"
4594,"Smartphone","TikTok","Números","3","smartphone 3","pt","br","0","-"
4595,"Smartphone","TikTok","Números","3","smartphone 3d lense videos","pt","br","0","-"
4596,"Smartphone","TikTok","Números","3","smartphone 32gb memory","pt","br","0","-"
4597,"Smartphone","TikTok","Números","3","smartphone 3310","pt","br","0","-"
4598,"Smartphone","TikTok","Números","3","smartphone 360 srand","pt","br","0","-"
4599,"Smartphone","TikTok","Números","4","smartphone 4g","pt","br","0","-"
4600,"Smartphone","TikTok","Números","4","smartphone 4 in","pt","br","0","-"
4601,"Smartphone","TikTok","Números","4","smartphone 4g pic ptt","pt","br","0","-"
4602,"Smartphone","TikTok","Números","4","smartphone 4g l17 andriod","pt","br","0","-"
4603,"Smartphone","TikTok","Números","5","smartphone 5g","pt","br","0","-"
4604,"Smartphone","TikTok","Números","5","smartphone 5g lte","pt","br","0","-"
4605,"Smartphone","TikTok","Números","5","smartphone 5g samsung","pt","br","0","-"
4606,"Smartphone","TikTok","Números","5","smartphone 5g wifi","pt","br","0","-"
4607,"Smartphone","TikTok","Números","5","smartphone 5 inch","pt","br","0","-"
4608,"Smartphone","TikTok","Números","5","smartphone 512gb","pt","br","0","-"
4609,"Smartphone","TikTok","Números","5","smartphone 5g 7","pt","br","0","-"
4610,"Smartphone","TikTok","Números","5","5g mini smartphone","pt","br","0","-"
4611,"Smartphone","TikTok","Números","6","smartphone 64gb","pt","br","0","-"
4612,"Smartphone","TikTok","Números","6","smartphone 6 inch","pt","br","0","-"
4613,"Smartphone","TikTok","Números","6","smartphone 6gb ram","pt","br","0","-"
4614,"Smartphone","TikTok","Números","6","smartphone 6g","pt","br","0","-"
4615,"Smartphone","TikTok","Números","6","smartphone 6","pt","br","0","-"
4616,"Smartphone","TikTok","Números","7","smartphone 7 inch","pt","br","0","-"
4617,"Smartphone","TikTok","Números","7","smartphone 7in","pt","br","0","-"
4618,"Smartphone","TikTok","Números","7","smartphone 70 pro max 4g","pt","br","0","-"
4619,"Smartphone","TikTok","Números","7","phone smartphone 7","pt","br","0","-"
4620,"Smartphone","TikTok","Números","8","smartphone 8 gb ram","pt","br","0","-"
4621,"Smartphone","TikTok","Números","8","smartphone 8","pt","br","0","-"
4622,"Smartphone","TikTok","Números","8","smartphone 8000 ma alluminio","pt","br","0","-"
4623,"Smartphone","TikTok","Números","8","5 g smartphone 8 gb ram","pt","br","0","-"
4624,"Smartphone","TikTok","Números","8","smartphone 8 pulgadas","pt","br","0","-"
4625,"Smartphone","TikTok","Números","8","smartphone android 8","pt","br","0","-"
4626,"Smartphone","TikTok","Números","9","smartphone 9 pro","pt","br","0","-"
4627,"Smartphone","TikTok","Números","9","android smartphone 9","pt","br","0","-"
4628,"Smartphone","TikTok","Números","9","smartphone 9 inch","pt","br","0","-"
4629,"Smartphone","TikTok","Números","9","smartphone 99","pt","br","0","-"
4630,"Smartphone","TikTok","Preposições","para","smartphone para niños","pt","br","0","-"
4631,"Smartphone","TikTok","Preposições","para","smartphone para mujer","pt","br","0","-"
4632,"Smartphone","TikTok","Preposições","para","smartphone para cuba","pt","br","0","-"
4633,"Smartphone","TikTok","Preposições","para","para smartphone","pt","br","0","-"
4634,"Smartphone","TikTok","Preposições","para","smartphone para video juegos","pt","br","0","-"
4635,"Smartphone","TikTok","Preposições","para","smartphone para niños de la marca progressing","pt","br","0","-"
4636,"Smartphone","TikTok","Preposições","para","smartphone para vincular el ps4","pt","br","0","-"
4637,"Smartphone","TikTok","Preposições","parecido com","smartphone parecido com ","pt","br","0","-"
4638,"Smartphone","TikTok","Perguntas","qual","qual smartphone comprar em 2026","pt","br","0","-"
4639,"Smartphone","Instagram","Instagram","Pessoas","smartphone._","pt","br","0","-"
4640,"Smartphone","Instagram","Instagram","Pessoas","smartphone_morowali","pt","br","0","-"
4641,"Smartphone","Instagram","Instagram","Pessoas","atlantisdahsyat","pt","br","0","-"
4642,"Smartphone","Instagram","Instagram","Pessoas","retech_smartphones","pt","br","0","-"
4643,"Smartphone","Instagram","Instagram","Pessoas","space_smartphone","pt","br","0","-"
4644,"Smartphone","Instagram","Instagram","Pessoas","sumbarsmartphone_solok","pt","br","0","-"
4645,"Smartphone","Instagram","Instagram","Pessoas","smartphone","pt","br","0","-"
4646,"Smartphone","Instagram","Instagram","Pessoas","sumbarsmartphone_dharmasraya","pt","br","0","-"
4647,"Smartphone","Instagram","Instagram","Pessoas","saranasmartphone_padang","pt","br","0","-"
4648,"Smartphone","Instagram","Instagram","Pessoas","smartphoneworldsrl","pt","br","0","-"
4649,"Smartphone","Instagram","Instagram","Pessoas","dubaismartphone.id","pt","br","0","-"
4650,"Smartphone","Instagram","Instagram","Pessoas","saranasmartphone_sijunjung","pt","br","0","-"
4651,"Smartphone","Instagram","Instagram","Pessoas","sumbarsmartphone_payakumbuh","pt","br","0","-"
4652,"Smartphone","Instagram","Instagram","Pessoas","saranasmartphone_payakumbuh","pt","br","0","-"
4653,"Smartphone","Instagram","Instagram","Pessoas","saranasmartphone_id","pt","br","0","-"
4654,"Smartphone","Instagram","Instagram","Pessoas","the_lobo_smartphone","pt","br","0","-"
4655,"Smartphone","Instagram","Instagram","Pessoas","pekanbaru_smartphone","pt","br","0","-"
4656,"Smartphone","Instagram","Instagram","Pessoas","sumbarsmartphone_bukittinggi","pt","br","0","-"
4657,"Smartphone","Instagram","Instagram","Pessoas","monu_vlogs.1","pt","br","0","-"
4658,"Smartphone","Instagram","Instagram","Pessoas","saranasmartphone_ujunggading","pt","br","0","-"
4659,"Smartphone","Instagram","Instagram","Pessoas","ss.jbi_kotajambi","pt","br","0","-"
4660,"Smartphone","Instagram","Instagram","Pessoas","smartphones_beinafuu","pt","br","0","-"
4661,"Smartphone","Instagram","Instagram","Pessoas","sumbarsmartphone","pt","br","0","-"
4662,"Smartphone","Instagram","Instagram","Pessoas","smartphonezone__","pt","br","0","-"
4663,"Smartphone","Instagram","Instagram","Pessoas","gil_smartphones","pt","br","0","-"
4664,"Smartphone","Instagram","Instagram","Pessoas","rumahbone","pt","br","0","-"
4665,"Smartphone","Instagram","Instagram","Pessoas","lapak_ana_ogi","pt","br","0","-"
4666,"Smartphone","Instagram","Instagram","Pessoas","go_smartphone","pt","br","0","-"
4667,"Smartphone","Instagram","Instagram","Pessoas","kariakoo_mobile","pt","br","0","-"
4668,"Smartphone","Instagram","Instagram","Pessoas","smart_phone_hub","pt","br","0","-"
4669,"Smartphone","Instagram","Instagram","Pessoas","smartphonestorekenya","pt","br","0","-"
4670,"Smartphone","Instagram","Instagram","Pessoas","mzulu_smartphones","pt","br","0","-"
4671,"Smartphone","Instagram","Instagram","Pessoas","saranasmartphone_solok","pt","br","0","-"
4672,"Smartphone","Instagram","Instagram","Pessoas","smartphone_avenu","pt","br","0","-"
4673,"Smartphone","Instagram","Instagram","Pessoas","smartphonesamarinda","pt","br","0","-"
4674,"Smartphone","Instagram","Instagram","Pessoas","infinity_smartpremium","pt","br","0","-"
4675,"Smartphone","Instagram","Instagram","Pessoas","charlysmartphone_","pt","br","0","-"
4676,"Smartphone","Instagram","Instagram","Pessoas","smartphonesul","pt","br","0","-"
4677,"Smartphone","Instagram","Instagram","Pessoas","saranasmartphone_pulaupunjung","pt","br","0","-"
4678,"Smartphone","Instagram","Instagram","Pessoas","jabarsmartphone","pt","br","0","-"
4679,"Smartphone","Instagram","Instagram","Pessoas","lorincelll","pt","br","0","-"
4680,"Smartphone","Instagram","Instagram","Pessoas","cogasmartphone","pt","br","0","-"
4681,"Smartphone","Instagram","Instagram","Pessoas","sumbarsmartphone_bandung","pt","br","0","-"
4682,"Smartphone","Instagram","Instagram","Pessoas","riad_dus_smartphone","pt","br","0","-"
4683,"Smartphone","Instagram","Instagram","Pessoas","cipher_smartphones","pt","br","0","-"
4684,"Smartphone","Instagram","Instagram","Pessoas","sumbarsmartphone_pasamanbarat","pt","br","0","-"
4685,"Smartphone","Instagram","Instagram","Pessoas","sumbarsmartphone_karawang","pt","br","0","-"
4686,"Smartphone","Instagram","Instagram","Pessoas","sn_mobiile","pt","br","0","-"
4687,"Smartphone","Instagram","Instagram","Pessoas","inextmobile149","pt","br","0","-"
4688,"Smartphone","Instagram","Instagram","Pessoas","nl_smartphone","pt","br","0","-"
4689,"Smartphone","Instagram","Instagram","Pessoas","mym_smartphone","pt","br","0","-"
4690,"Smartphone","Amazon","Ordem alfabética","a","smartphone asus","pt","br","1.6K","0.15"
4691,"Smartphone","Amazon","Ordem alfabética","a","smartphone a56","pt","br","1.0K","0.42"
4692,"Smartphone","Amazon","Ordem alfabética","a","smartphone apple","pt","br","720","0.32"
4693,"Smartphone","Amazon","Ordem alfabética","a","smartphone a56 256gb","pt","br","0","-"
4694,"Smartphone","Amazon","Ordem alfabética","a","smartphone a57","pt","br","0","-"
4695,"Smartphone","Amazon","Ordem alfabética","a","smartphone a07","pt","br","0","-"
4696,"Smartphone","Amazon","Ordem alfabética","a","smartphone a17 5g","pt","br","0","-"
4697,"Smartphone","Amazon","Ordem alfabética","a","smartphone a17","pt","br","0","-"
4698,"Smartphone","Amazon","Ordem alfabética","a","smartphone a17 256 gb","pt","br","0","-"
4699,"Smartphone","Amazon","Ordem alfabética","a","smartphone a36","pt","br","0","-"
4700,"Smartphone","Amazon","Ordem alfabética","b","smartphone barato","pt","br","6.6K","0.25"
4701,"Smartphone","Amazon","Ordem alfabética","b","smartphone blackview","pt","br","590","0.17"
4702,"Smartphone","Amazon","Ordem alfabética","b","smartphone blackberry","pt","br","320","0.04"
4703,"Smartphone","Amazon","Ordem alfabética","b","smartphone bml","pt","br","0","-"
4704,"Smartphone","Amazon","Ordem alfabética","b","smartphone blackview bv9300","pt","br","0","-"
4705,"Smartphone","Amazon","Ordem alfabética","b","smartphone branco","pt","br","0","-"
4706,"Smartphone","Amazon","Ordem alfabética","b","smartphone blackview bv9300 pro","pt","br","0","-"
4707,"Smartphone","Amazon","Ordem alfabética","b","smartphone bateria 10000mah","pt","br","0","-"
4708,"Smartphone","Amazon","Ordem alfabética","b","smartphone barato em promoção","pt","br","0","-"
4709,"Smartphone","Amazon","Ordem alfabética","b","smartphone bom para jogo","pt","br","0","-"
4710,"Smartphone","Amazon","Ordem alfabética","c","smartphone caterpillar","pt","br","1.9K","0.11"
4711,"Smartphone","Amazon","Ordem alfabética","c","smartphone cat","pt","br","1.6K","0.11"
4712,"Smartphone","Amazon","Ordem alfabética","c","smartphone com nfc","pt","br","1.6K","0.27"
4713,"Smartphone","Amazon","Ordem alfabética","c","smartphone cubot","pt","br","0","-"
4714,"Smartphone","Amazon","Ordem alfabética","c","smartphone com teclado","pt","br","0","-"
4715,"Smartphone","Amazon","Ordem alfabética","c","smartphone com 512 gb","pt","br","0","-"
4716,"Smartphone","Amazon","Ordem alfabética","c","smartphone com nfc 5g","pt","br","0","-"
4717,"Smartphone","Amazon","Ordem alfabética","c","smartphone c75x","pt","br","0","-"
4718,"Smartphone","Amazon","Ordem alfabética","c","smartphone cubot kingkong ax 256gb/24gb 120hz dual sim","pt","br","0","-"
4719,"Smartphone","Amazon","Ordem alfabética","d","smartphone dobravel","pt","br","6.6K","0.19"
4720,"Smartphone","Amazon","Ordem alfabética","d","smartphone doogee","pt","br","720","0.18"
4721,"Smartphone","Amazon","Ordem alfabética","d","smartphone da xiaomi","pt","br","320","0.11"
4722,"Smartphone","Amazon","Ordem alfabética","d","smartphone de entrada","pt","br","0","-"
4723,"Smartphone","Amazon","Ordem alfabética","d","smartphone de 512 gb","pt","br","0","-"
4724,"Smartphone","Amazon","Ordem alfabética","d","smartphone dual chip","pt","br","0","-"
4725,"Smartphone","Amazon","Ordem alfabética","d","smartphone de 256 gb","pt","br","0","-"
4726,"Smartphone","Amazon","Ordem alfabética","d","smartphone dual sim","pt","br","0","-"
4727,"Smartphone","Amazon","Ordem alfabética","d","smartphone de bebe","pt","br","0","-"
4728,"Smartphone","Amazon","Ordem alfabética","e","smartphone em promoção","pt","br","8.1K","0.33"
4729,"Smartphone","Amazon","Ordem alfabética","e","smartphone em oferta","pt","br","480","0.35"
4730,"Smartphone","Amazon","Ordem alfabética","e","smartphone edge 60","pt","br","260","0.24"
4731,"Smartphone","Amazon","Ordem alfabética","e","smartphone edge 60 pro","pt","br","0","-"
4732,"Smartphone","Amazon","Ordem alfabética","e","smartphone edge","pt","br","0","-"
4733,"Smartphone","Amazon","Ordem alfabética","e","smartphone em promoção 256gb","pt","br","0","-"
4734,"Smartphone","Amazon","Ordem alfabética","e","smartphone edge 70 pro","pt","br","0","-"
4735,"Smartphone","Amazon","Ordem alfabética","e","smartphone edge 70","pt","br","0","-"
4736,"Smartphone","Amazon","Ordem alfabética","e","smartphone edge 60 neo","pt","br","0","-"
4737,"Smartphone","Amazon","Ordem alfabética","e","smartphone edge 70 512gb","pt","br","0","-"
4738,"Smartphone","Amazon","Ordem alfabética","f","smartphone flip","pt","br","1.0K","0.14"
4739,"Smartphone","Amazon","Ordem alfabética","f","smartphone fold","pt","br","140","0.14"
4740,"Smartphone","Amazon","Ordem alfabética","f","smartphone fino","pt","br","50","0.09"
4741,"Smartphone","Amazon","Ordem alfabética","f","smartphone fone","pt","br","0","-"
4742,"Smartphone","Amazon","Ordem alfabética","f","smartphone fujitsu","pt","br","0","-"
4743,"Smartphone","Amazon","Ordem alfabética","f","smartphone flip 7","pt","br","0","-"
4744,"Smartphone","Amazon","Ordem alfabética","f","smartphone fe","pt","br","0","-"
4745,"Smartphone","Amazon","Ordem alfabética","f","smartphone flip dobrável","pt","br","0","-"
4746,"Smartphone","Amazon","Ordem alfabética","f","smartphone fone xiaomi poco 8","pt","br","0","-"
4747,"Smartphone","Amazon","Ordem alfabética","f","smartphone fome galaxy a 36","pt","br","0","-"
4748,"Smartphone","Amazon","Ordem alfabética","g","smartphone galaxy","pt","br","880","0.48"
4749,"Smartphone","Amazon","Ordem alfabética","g","smartphone google pixel","pt","br","390","0.08"
4750,"Smartphone","Amazon","Ordem alfabética","g","smartphone galaxy a56","pt","br","260","0.27"
4751,"Smartphone","Amazon","Ordem alfabética","g","smartphone galaxy a55","pt","br","0","-"
4752,"Smartphone","Amazon","Ordem alfabética","g","smartphone g35","pt","br","0","-"
4753,"Smartphone","Amazon","Ordem alfabética","g","smartphone galaxy a07","pt","br","0","-"
4754,"Smartphone","Amazon","Ordem alfabética","g","smartphone galaxy a36","pt","br","0","-"
4755,"Smartphone","Amazon","Ordem alfabética","g","smartphone galaxy a56 5g 256gb","pt","br","0","-"
4756,"Smartphone","Amazon","Ordem alfabética","g","smartphone g77","pt","br","0","-"
4757,"Smartphone","Amazon","Ordem alfabética","g","smartphone g 86","pt","br","0","-"
4758,"Smartphone","Amazon","Ordem alfabética","h","smartphone huawei","pt","br","2.9K","0.17"
4759,"Smartphone","Amazon","Ordem alfabética","h","smartphone honor","pt","br","1.3K","0.11"
4760,"Smartphone","Amazon","Ordem alfabética","h","smartphone honor magic 7 lite","pt","br","170","0.2"
4761,"Smartphone","Amazon","Ordem alfabética","h","smartphone huawei p30 pro","pt","br","0","-"
4762,"Smartphone","Amazon","Ordem alfabética","h","smartphone huawei pura 80 ultra","pt","br","0","-"
4763,"Smartphone","Amazon","Ordem alfabética","h","smartphone hotwav","pt","br","0","-"
4764,"Smartphone","Amazon","Ordem alfabética","h","smartphone honor x7d","pt","br","0","-"
4765,"Smartphone","Amazon","Ordem alfabética","h","smartphone huawei nova 15 max","pt","br","0","-"
4766,"Smartphone","Amazon","Ordem alfabética","h","smartphone huawei p50 pro plus","pt","br","0","-"
4767,"Smartphone","Amazon","Ordem alfabética","h","smartphone huawei 15","pt","br","0","-"
4768,"Smartphone","Amazon","Ordem alfabética","i","smartphone infinix","pt","br","2.9K","-"
4769,"Smartphone","Amazon","Ordem alfabética","i","smartphone idoso","pt","br","1.9K","0.16"
4770,"Smartphone","Amazon","Ordem alfabética","i","smartphone iphone","pt","br","720","0.21"
4771,"Smartphone","Amazon","Ordem alfabética","i","smartphone infinix note 40 5g","pt","br","0","-"
4772,"Smartphone","Amazon","Ordem alfabética","i","smartphone iphone 17 pro max","pt","br","0","-"
4773,"Smartphone","Amazon","Ordem alfabética","i","smartphone iphone 16 pro max","pt","br","0","-"
4774,"Smartphone","Amazon","Ordem alfabética","i","smartphone infinix note 50x 5g","pt","br","0","-"
4775,"Smartphone","Amazon","Ordem alfabética","i","smartphone infinix note 50x 5g 8gb ram 256gb","pt","br","0","-"
4776,"Smartphone","Amazon","Ordem alfabética","i","smartphone infinix note 60 pro","pt","br","0","-"
4777,"Smartphone","Amazon","Ordem alfabética","i","smartphone infinix hot 60 pro plus","pt","br","0","-"
4778,"Smartphone","Amazon","Ordem alfabética","j","smartphone jovi","pt","br","1.9K","0.19"
4779,"Smartphone","Amazon","Ordem alfabética","j","smartphone jovi y29","pt","br","260","0.38"
4780,"Smartphone","Amazon","Ordem alfabética","j","smartphone jovi t1","pt","br","20","0.23"
4781,"Smartphone","Amazon","Ordem alfabética","j","smartphone jovi y31","pt","br","0","-"
4782,"Smartphone","Amazon","Ordem alfabética","j","smartphone jovi t1 5g","pt","br","0","-"
4783,"Smartphone","Amazon","Ordem alfabética","j","smartphone jovi v 70","pt","br","0","-"
4784,"Smartphone","Amazon","Ordem alfabética","j","smartphone jovi v70","pt","br","0","-"
4785,"Smartphone","Amazon","Ordem alfabética","j","smartphone jovi t1 5g 256gb","pt","br","0","-"
4786,"Smartphone","Amazon","Ordem alfabética","j","smartphone jovi v70 5g","pt","br","0","-"
4787,"Smartphone","Amazon","Ordem alfabética","j","smartphone jovi v50 5g 512gb","pt","br","0","-"
4788,"Smartphone","Amazon","Ordem alfabética","k","smartphone kingkong","pt","br","210","0.14"
4789,"Smartphone","Amazon","Ordem alfabética","k","smartphone king kong","pt","br","210","0.14"
4790,"Smartphone","Amazon","Ordem alfabética","k","smartphone cubot kingkong","pt","br","140","0.18"
4791,"Smartphone","Amazon","Ordem alfabética","k","smartphone lg k62","pt","br","0","-"
4792,"Smartphone","Amazon","Ordem alfabética","k","smartphone keyboard","pt","br","0","-"
4793,"Smartphone","Amazon","Ordem alfabética","k","smartphone king kong 9","pt","br","0","-"
4794,"Smartphone","Amazon","Ordem alfabética","k","smartphone cubot king kong 9","pt","br","0","-"
4795,"Smartphone","Amazon","Ordem alfabética","k","smartphone king","pt","br","0","-"
4796,"Smartphone","Amazon","Ordem alfabética","k","smartphone cubot king kong 11","pt","br","0","-"
4797,"Smartphone","Amazon","Ordem alfabética","k","smartphone cubot kingkong ax 256gb/24gb 120hz dual sim","pt","br","0","-"
4798,"Smartphone","Amazon","Ordem alfabética","l","smartphone lg","pt","br","1.9K","0.19"
4799,"Smartphone","Amazon","Ordem alfabética","l","smartphone lenovo","pt","br","390","0.13"
4800,"Smartphone","Amazon","Ordem alfabética","l","smartphone lg 256gb","pt","br","170","0.25"
4801,"Smartphone","Amazon","Ordem alfabética","l","smartphone lg 128gb","pt","br","0","-"
4802,"Smartphone","Amazon","Ordem alfabética","l","smartphone lg k62","pt","br","0","-"
4803,"Smartphone","Amazon","Ordem alfabética","l","smartphone lg velvet","pt","br","0","-"
4804,"Smartphone","Amazon","Ordem alfabética","l","smartphone lilas","pt","br","0","-"
4805,"Smartphone","Amazon","Ordem alfabética","l","smartphone laranja","pt","br","0","-"
4806,"Smartphone","Amazon","Ordem alfabética","l","smartphone livro","pt","br","0","-"
4807,"Smartphone","Amazon","Ordem alfabética","l","smartphone lançamento 2026","pt","br","0","-"
4808,"Smartphone","Amazon","Ordem alfabética","m","smartphone motorola","pt","br","18.1K","0.41"
4809,"Smartphone","Amazon","Ordem alfabética","m","smartphone motorola edge 60 5g 512 gb","pt","br","4.4K","0.58"
4810,"Smartphone","Amazon","Ordem alfabética","m","smartphone motorola edge 70","pt","br","2.4K","0.4"
4811,"Smartphone","Amazon","Ordem alfabética","m","smartphone motorola edge 60","pt","br","0","-"
4812,"Smartphone","Amazon","Ordem alfabética","m","smartphone motorola signature","pt","br","0","-"
4813,"Smartphone","Amazon","Ordem alfabética","m","smartphone motorola moto g06","pt","br","0","-"
4814,"Smartphone","Amazon","Ordem alfabética","m","smartphone motorola edge","pt","br","0","-"
4815,"Smartphone","Amazon","Ordem alfabética","m","smartphone motorola moto g35","pt","br","0","-"
4816,"Smartphone","Amazon","Ordem alfabética","m","smartphone motorola moto g","pt","br","0","-"
4817,"Smartphone","Amazon","Ordem alfabética","m","smartphone motorola edge 70 fusion 5g","pt","br","0","-"
4818,"Smartphone","Amazon","Ordem alfabética","n","smartphone na promoção","pt","br","8.1K","0.26"
4819,"Smartphone","Amazon","Ordem alfabética","n","smartphone nokia","pt","br","1.9K","0.09"
4820,"Smartphone","Amazon","Ordem alfabética","n","smartphone nfc","pt","br","590","0.25"
4821,"Smartphone","Amazon","Ordem alfabética","n","smartphone nfc 5g","pt","br","0","-"
4822,"Smartphone","Amazon","Ordem alfabética","n","smartphone note","pt","br","0","-"
4823,"Smartphone","Amazon","Ordem alfabética","n","smartphone nokia 5.4","pt","br","0","-"
4824,"Smartphone","Amazon","Ordem alfabética","n","smartphone nfc 5g 256gb","pt","br","0","-"
4825,"Smartphone","Amazon","Ordem alfabética","n","smartphone nubia z80 ultra","pt","br","0","-"
4826,"Smartphone","Amazon","Ordem alfabética","n","smartphone note 15","pt","br","0","-"
4827,"Smartphone","Amazon","Ordem alfabética","n","smartphone note 12","pt","br","0","-"
4828,"Smartphone","Amazon","Ordem alfabética","o","smartphone oppo","pt","br","4.4K","0.23"
4829,"Smartphone","Amazon","Ordem alfabética","o","smartphone oferta","pt","br","390","0.28"
4830,"Smartphone","Amazon","Ordem alfabética","o","smartphone oneplus","pt","br","260","0.13"
4831,"Smartphone","Amazon","Ordem alfabética","o","smartphone oppo 5g","pt","br","0","-"
4832,"Smartphone","Amazon","Ordem alfabética","o","smartphone oppo a6","pt","br","0","-"
4833,"Smartphone","Amazon","Ordem alfabética","o","smartphone oppo find x9 pro","pt","br","0","-"
4834,"Smartphone","Amazon","Ordem alfabética","o","smartphone oukitel wp60","pt","br","0","-"
4835,"Smartphone","Amazon","Ordem alfabética","o","smartphone oppo reno 14 pro 5g","pt","br","0","-"
4836,"Smartphone","Amazon","Ordem alfabética","o","smartphone opo a6 pro 24gb","pt","br","0","-"
4837,"Smartphone","Amazon","Ordem alfabética","o","smartphone oppo 128 gb","pt","br","0","-"
4838,"Smartphone","Amazon","Ordem alfabética","p","smartphone promoção","pt","br","4.4K","0.37"
4839,"Smartphone","Amazon","Ordem alfabética","p","smartphone poco","pt","br","2.4K","0.21"
4840,"Smartphone","Amazon","Ordem alfabética","p","smartphone poco x7 pro","pt","br","1.6K","0.27"
4841,"Smartphone","Amazon","Ordem alfabética","p","smartphone positivo","pt","br","0","-"
4842,"Smartphone","Amazon","Ordem alfabética","p","smartphone poco x7","pt","br","0","-"
4843,"Smartphone","Amazon","Ordem alfabética","p","smartphone poco xiaomi","pt","br","0","-"
4844,"Smartphone","Amazon","Ordem alfabética","p","smartphone poco x8 pro","pt","br","0","-"
4845,"Smartphone","Amazon","Ordem alfabética","p","smartphone poco x8 pro 512gb 12gb ram","pt","br","0","-"
4846,"Smartphone","Amazon","Ordem alfabética","p","smartphone poco x8 pro max","pt","br","0","-"
4847,"Smartphone","Amazon","Ordem alfabética","p","smartphone poco c85","pt","br","0","-"
4848,"Smartphone","Amazon","Ordem alfabética","q","smartphone quantum","pt","br","210","0.05"
4849,"Smartphone","Amazon","Ordem alfabética","q","smartphone que dobra","pt","br","140","0.13"
4850,"Smartphone","Amazon","Ordem alfabética","q","smartphone samsung que dobra","pt","br","50","0.34"
4851,"Smartphone","Amazon","Ordem alfabética","q","smartphone que não trava","pt","br","0","-"
4852,"Smartphone","Amazon","Ordem alfabética","q","smartphone qi","pt","br","0","-"
4853,"Smartphone","Amazon","Ordem alfabética","q","smartphone usado quase novo","pt","br","0","-"
4854,"Smartphone","Amazon","Ordem alfabética","q","usados quase novo smartphone motorola","pt","br","0","-"
4855,"Smartphone","Amazon","Ordem alfabética","q","aparelho para tv que não é smartphone","pt","br","0","-"
4856,"Smartphone","Amazon","Ordem alfabética","q","zhiyun smooth q4 combo estabilizador de 3 eixos p smartphone","pt","br","0","-"
4857,"Smartphone","Amazon","Ordem alfabética","q","amazon quase novo smartphone","pt","br","0","-"
4858,"Smartphone","Amazon","Ordem alfabética","r","smartphone realme","pt","br","2.4K","0.18"
4859,"Smartphone","Amazon","Ordem alfabética","r","smartphone redmi","pt","br","1.6K","0.23"
4860,"Smartphone","Amazon","Ordem alfabética","r","smartphone redmi 15","pt","br","260","0.34"
4861,"Smartphone","Amazon","Ordem alfabética","r","smartphone redmi 15 c","pt","br","0","-"
4862,"Smartphone","Amazon","Ordem alfabética","r","smartphone redmagic 11 pro","pt","br","0","-"
4863,"Smartphone","Amazon","Ordem alfabética","r","smartphone realme c71","pt","br","0","-"
4864,"Smartphone","Amazon","Ordem alfabética","r","smartphone redmi note 15 pro 5g","pt","br","0","-"
4865,"Smartphone","Amazon","Ordem alfabética","r","smartphone redmi note 15","pt","br","0","-"
4866,"Smartphone","Amazon","Ordem alfabética","r","smartphone realme c85","pt","br","0","-"
4867,"Smartphone","Amazon","Ordem alfabética","r","smartphone realme c71 5g","pt","br","0","-"
4868,"Smartphone","Amazon","Ordem alfabética","s","smartphone samsung","pt","br","40.5K","0.52"
4869,"Smartphone","Amazon","Ordem alfabética","s","smartphone samsung a56","pt","br","1.6K","0.55"
4870,"Smartphone","Amazon","Ordem alfabética","s","smartphone samsung s25","pt","br","1.0K","0.33"
4871,"Smartphone","Amazon","Ordem alfabética","s","smartphone samsung a36","pt","br","0","-"
4872,"Smartphone","Amazon","Ordem alfabética","s","smartphone samsung s","pt","br","0","-"
4873,"Smartphone","Amazon","Ordem alfabética","s","smartphone samsung a17","pt","br","0","-"
4874,"Smartphone","Amazon","Ordem alfabética","s","smartphone samsung a57","pt","br","0","-"
4875,"Smartphone","Amazon","Ordem alfabética","s","smartphone samsung a07","pt","br","0","-"
4876,"Smartphone","Amazon","Ordem alfabética","s","smartphone samsung a17 5g 256gb","pt","br","0","-"
4877,"Smartphone","Amazon","Ordem alfabética","s","smartphone samsung a07 128gb","pt","br","0","-"
4878,"Smartphone","Amazon","Ordem alfabética","t","smartphone tcl","pt","br","1.3K","0.12"
4879,"Smartphone","Amazon","Ordem alfabética","t","smartphone tela pequena","pt","br","320","0.19"
4880,"Smartphone","Amazon","Ordem alfabética","t","smartphone tcl 605","pt","br","210","0.19"
4881,"Smartphone","Amazon","Ordem alfabética","t","smartphone tcl 5g","pt","br","0","-"
4882,"Smartphone","Amazon","Ordem alfabética","t","smartphone teclado","pt","br","0","-"
4883,"Smartphone","Amazon","Ordem alfabética","t","smartphone tcl l5","pt","br","0","-"
4884,"Smartphone","Amazon","Ordem alfabética","t","smartphone tcl 512gb","pt","br","0","-"
4885,"Smartphone","Amazon","Ordem alfabética","t","smartphone tv 32","pt","br","0","-"
4886,"Smartphone","Amazon","Ordem alfabética","t","smartphone titan","pt","br","0","-"
4887,"Smartphone","Amazon","Ordem alfabética","t","smartphone tcl 60se 512gb","pt","br","0","-"
4888,"Smartphone","Amazon","Ordem alfabética","u","smartphone usado","pt","br","880","0.19"
4889,"Smartphone","Amazon","Ordem alfabética","u","smartphone umidigi","pt","br","140","0.08"
4890,"Smartphone","Amazon","Ordem alfabética","u","smartphone ultra","pt","br","140","0.19"
4891,"Smartphone","Amazon","Ordem alfabética","u","smartphone ulefone","pt","br","0","-"
4892,"Smartphone","Amazon","Ordem alfabética","u","smartphone unihertz","pt","br","0","-"
4893,"Smartphone","Amazon","Ordem alfabética","u","smartphone ultra resistente","pt","br","0","-"
4894,"Smartphone","Amazon","Ordem alfabética","u","smartphone ulefone armor 28 ultra","pt","br","0","-"
4895,"Smartphone","Amazon","Ordem alfabética","u","smartphone unihertz titan 2 elite","pt","br","0","-"
4896,"Smartphone","Amazon","Ordem alfabética","u","smartphone usado quase novo","pt","br","0","-"
4897,"Smartphone","Amazon","Ordem alfabética","u","smartphone unihertz tank 5 pro","pt","br","0","-"
4898,"Smartphone","Amazon","Ordem alfabética","v","smartphone vivo","pt","br","1.9K","0.21"
4899,"Smartphone","Amazon","Ordem alfabética","v","smartphone vertu","pt","br","480","0.08"
4900,"Smartphone","Amazon","Ordem alfabética","v","smartphone vivo x200 ultra","pt","br","140","0.14"
4901,"Smartphone","Amazon","Ordem alfabética","v","smartphone vermelho","pt","br","0","-"
4902,"Smartphone","Amazon","Ordem alfabética","v","smartphone verde","pt","br","0","-"
4903,"Smartphone","Amazon","Ordem alfabética","v","smartphone vivo x300 pro","pt","br","0","-"
4904,"Smartphone","Amazon","Ordem alfabética","v","smartphone video rig kit","pt","br","0","-"
4905,"Smartphone","Amazon","Ordem alfabética","v","smartphone vivo x300","pt","br","0","-"
4906,"Smartphone","Amazon","Ordem alfabética","v","smartphone vivo v70 5g","pt","br","0","-"
4907,"Smartphone","Amazon","Ordem alfabética","v","smartphone v70 5g tela 6.83 jovi","pt","br","0","-"
4908,"Smartphone","Amazon","Ordem alfabética","w","smartphone watch samsung","pt","br","12.1K","0.19"
4909,"Smartphone","Amazon","Ordem alfabética","w","in another world with my smartphone","pt","br","2.4K","0.35"
4910,"Smartphone","Amazon","Ordem alfabética","w","smartphone para idoso com whatsapp","pt","br","140","0.16"
4911,"Smartphone","Amazon","Ordem alfabética","w","smartphone oukitel wp60","pt","br","0","-"
4912,"Smartphone","Amazon","Ordem alfabética","w","smartphone motorola edge 70 fusion 5g fifa world cup","pt","br","0","-"
4913,"Smartphone","Amazon","Ordem alfabética","w","smartphone motorola edge 70 fusion 5g - fifa world cup collection","pt","br","0","-"
4914,"Smartphone","Amazon","Ordem alfabética","w","smartphone oukitel wp200 pro 5g 72gb ram 1tb a prova dágua","pt","br","0","-"
4915,"Smartphone","Amazon","Ordem alfabética","w","carregador portátil de smartphone e apple watch help charger vx case","pt","br","0","-"
4916,"Smartphone","Amazon","Ordem alfabética","w","smartphone samsung galaxy watch 7","pt","br","0","-"
4917,"Smartphone","Amazon","Ordem alfabética","x","smartphone xiaomi","pt","br","18.1K","0.21"
4918,"Smartphone","Amazon","Ordem alfabética","x","smartphone xiaomi redmi note 14","pt","br","2.4K","0.41"
4919,"Smartphone","Amazon","Ordem alfabética","x","smartphone xiaomi 5g","pt","br","590","0.21"
4920,"Smartphone","Amazon","Ordem alfabética","x","smartphone xiaomi poco","pt","br","0","-"
4921,"Smartphone","Amazon","Ordem alfabética","x","smartphone xiaomi redmi note 15","pt","br","0","-"
4922,"Smartphone","Amazon","Ordem alfabética","x","smartphone xiaomi redmi note 15 pro 5g","pt","br","0","-"
4923,"Smartphone","Amazon","Ordem alfabética","x","smartphone xiaomi redmi note 15 pro 5g 512gb","pt","br","0","-"
4924,"Smartphone","Amazon","Ordem alfabética","x","smartphone xiaomi redmi 15c 8gb ram 256gb","pt","br","0","-"
4925,"Smartphone","Amazon","Ordem alfabética","x","smartphone xiaomi poco x8 pro","pt","br","0","-"
4926,"Smartphone","Amazon","Ordem alfabética","x","smartphone xiaomi poco x8 pro max","pt","br","0","-"
4927,"Smartphone","Amazon","Ordem alfabética","y","smartphone jovi y29","pt","br","260","0.38"
4928,"Smartphone","Amazon","Ordem alfabética","y","smartphone jovi y19s 256gb","pt","br","20","0.42"
4929,"Smartphone","Amazon","Ordem alfabética","y","smartphone jovi y31","pt","br","10","0.15"
4930,"Smartphone","Amazon","Ordem alfabética","y","smartphone jovi y 31","pt","br","0","-"
4931,"Smartphone","Amazon","Ordem alfabética","y","capinha para smartphone jovi y29","pt","br","0","-"
4932,"Smartphone","Amazon","Ordem alfabética","y","smartphone jovi y 29","pt","br","0","-"
4933,"Smartphone","Amazon","Ordem alfabética","y","smartphone jovi y21","pt","br","0","-"
4934,"Smartphone","Amazon","Ordem alfabética","y","smartphone xiaomi poco x7 pro 5g yellow amarelo 12gb ram 512gb rom","pt","br","0","-"
4935,"Smartphone","Amazon","Ordem alfabética","y","smartphone jovi y29s 5g","pt","br","0","-"
4936,"Smartphone","Amazon","Ordem alfabética","y","smartphone jovi y 19","pt","br","0","-"
4937,"Smartphone","Amazon","Ordem alfabética","z","smartphone asus zenfone","pt","br","480","0.12"
4938,"Smartphone","Amazon","Ordem alfabética","z","smartphone zte","pt","br","210","0.06"
4939,"Smartphone","Amazon","Ordem alfabética","z","smartphone z flip","pt","br","140","0.13"
4940,"Smartphone","Amazon","Ordem alfabética","z","smartphone zenfone","pt","br","0","-"
4941,"Smartphone","Amazon","Ordem alfabética","z","smartphone z fold","pt","br","0","-"
4942,"Smartphone","Amazon","Ordem alfabética","z","smartphone z7","pt","br","0","-"
4943,"Smartphone","Amazon","Ordem alfabética","z","smartphone zte blade","pt","br","0","-"
4944,"Smartphone","Amazon","Ordem alfabética","z","smartphone z fold 6","pt","br","0","-"
4945,"Smartphone","Amazon","Ordem alfabética","z","samsung z flip 7 512gb 12 gb dobrável smartphone","pt","br","0","-"
4946,"Smartphone","Amazon","Ordem alfabética","z","smartphone z flip 6","pt","br","0","-"
4947,"Smartphone","Amazon","Comparações","e","celular e smartphone","pt","br","0","-"
4948,"Smartphone","Amazon","Comparações","e","smartphone motorola e","pt","br","0","-"
4949,"Smartphone","Amazon","Comparações","e","smartphone motorola moto e","pt","br","0","-"
4950,"Smartphone","Amazon","Comparações","e","smartphone e smart tv","pt","br","0","-"
4951,"Smartphone","Amazon","Comparações","e","câmera e impressora para smartphone fujifilm instax mini evo brown","pt","br","0","-"
4952,"Smartphone","Amazon","Comparações","e","smartphone e smartwatch kit","pt","br","0","-"
4953,"Smartphone","Amazon","Comparações","e","smartphone apple e 17 256","pt","br","0","-"
4954,"Smartphone","Amazon","Comparações","e","smartphone simples novos e baratos","pt","br","0","-"
4955,"Smartphone","Amazon","Comparações","e","smartphone xiaomi 5g com câmera de 200 megapixels e nfc","pt","br","0","-"
4956,"Smartphone","Amazon","Números","0","smartphone motorola g 06","pt","br","70","0.26"
4957,"Smartphone","Amazon","Números","0","smartphone 07","pt","br","10","0.09"
4958,"Smartphone","Amazon","Números","0","smartphone motorola moto g 06","pt","br","10","0.23"
4959,"Smartphone","Amazon","Números","0","smartphone moto g 06","pt","br","0","-"
4960,"Smartphone","Amazon","Números","0","smartphone samsung a 05","pt","br","0","-"
4961,"Smartphone","Amazon","Números","0","smartphone galaxy samsung a 07 256 g","pt","br","0","-"
4962,"Smartphone","Amazon","Números","0","smartphone samsung a 07","pt","br","0","-"
4963,"Smartphone","Amazon","Números","0","smartphone samsung a 07 256gb","pt","br","0","-"
4964,"Smartphone","Amazon","Números","0","smartphone samsung a 07 128gb","pt","br","0","-"
4965,"Smartphone","Amazon","Números","1","smartphone 128gb","pt","br","1.9K","0.48"
4966,"Smartphone","Amazon","Números","1","smartphone 12gb ram","pt","br","880","0.23"
4967,"Smartphone","Amazon","Números","1","smartphone 16gb ram","pt","br","590","0.33"
4968,"Smartphone","Amazon","Números","1","smartphone 1tb","pt","br","0","-"
4969,"Smartphone","Amazon","Números","1","smartphone 128gb 6gb ram","pt","br","0","-"
4970,"Smartphone","Amazon","Números","1","smartphone 128g","pt","br","0","-"
4971,"Smartphone","Amazon","Números","1","smartphone 12gb ram 512gb","pt","br","0","-"
4972,"Smartphone","Amazon","Números","1","smartphone 12gb","pt","br","0","-"
4973,"Smartphone","Amazon","Números","1","smartphone 1tb memória","pt","br","0","-"
4974,"Smartphone","Amazon","Números","1","smartphone 12g","pt","br","0","-"
4975,"Smartphone","Amazon","Números","2","smartphone 256gb","pt","br","6.6K","0.43"
4976,"Smartphone","Amazon","Números","2","smartphone 256gb 8gb ram","pt","br","1.3K","0.44"
4977,"Smartphone","Amazon","Números","2","smartphone 256gb 8gb ram 5g","pt","br","1.0K","0.35"
4978,"Smartphone","Amazon","Números","2","smartphone 256gb 5g","pt","br","0","-"
4979,"Smartphone","Amazon","Números","2","smartphone 256gb samsung","pt","br","0","-"
4980,"Smartphone","Amazon","Números","2","smartphone 256","pt","br","0","-"
4981,"Smartphone","Amazon","Números","2","smartphone 2026","pt","br","0","-"
4982,"Smartphone","Amazon","Números","2","smartphone 256gb 12gb ram","pt","br","0","-"
4983,"Smartphone","Amazon","Números","2","smartphone 256gb xiaomi","pt","br","0","-"
4984,"Smartphone","Amazon","Números","2","smartphone 256gb 8gb 5g","pt","br","0","-"
4985,"Smartphone","Amazon","Números","3","smartphone samsung a 36","pt","br","880","0.29"
4986,"Smartphone","Amazon","Números","3","smartphone 32gb","pt","br","170","0.25"
4987,"Smartphone","Amazon","Números","3","smartphone moto g 35","pt","br","110","0.21"
4988,"Smartphone","Amazon","Números","3","smartphone samsung a 37","pt","br","0","-"
4989,"Smartphone","Amazon","Números","3","smartphone 32gb promoção","pt","br","0","-"
4990,"Smartphone","Amazon","Números","3","smartphone 32","pt","br","0","-"
4991,"Smartphone","Amazon","Números","3","smartphone samsung a 36 256gb","pt","br","0","-"
4992,"Smartphone","Amazon","Números","3","smartphone 32 de ram","pt","br","0","-"
4993,"Smartphone","Amazon","Números","3","smartphone samsung galaxy a 37","pt","br","0","-"
4994,"Smartphone","Amazon","Números","3","ulefone armor 34 pro smartphone","pt","br","0","-"
4995,"Smartphone","Amazon","Números","4","smartphone infinix note 40 5g","pt","br","390","0.2"
4996,"Smartphone","Amazon","Números","4","smartphone 4g","pt","br","140","0.19"
4997,"Smartphone","Amazon","Números","4","smartphone 4gb ram","pt","br","140","0.42"
4998,"Smartphone","Amazon","Números","4","smartphone motorola razr 40","pt","br","0","-"
4999,"Smartphone","Amazon","Números","4","smartphone xiaomi redmi note 14 4g","pt","br","0","-"
5000,"Smartphone","Amazon","Números","4","smartphone 4gb 128gb","pt","br","0","-"
5001,"Smartphone","Amazon","Números","4","smartphone 4 inch","pt","br","0","-"
5002,"Smartphone","Amazon","Números","4","smartphone xiaomi redmi note 15 4g 256g/8gb ram","pt","br","0","-"
5003,"Smartphone","Amazon","Números","4","smartphone motorola moto g06 4g tela 6,9 256gb câmera 50mp bege","pt","br","0","-"
5004,"Smartphone","Amazon","Números","4","smartphone moto g06 4g tela 6,9 polegadas 256gb câmera 50mp motorola","pt","br","0","-"
5005,"Smartphone","Amazon","Números","5","smartphone 5g","pt","br","5.4K","0.32"
5006,"Smartphone","Amazon","Números","5","smartphone 512gb","pt","br","3.6K","0.29"
5007,"Smartphone","Amazon","Números","5","smartphone 512gb 12gb ram","pt","br","1.3K","0.29"
5008,"Smartphone","Amazon","Números","5","smartphone 5g 256gb","pt","br","0","-"
5009,"Smartphone","Amazon","Números","5","smartphone 5g em promoção","pt","br","0","-"
5010,"Smartphone","Amazon","Números","5","smartphone 5g nfc","pt","br","0","-"
5011,"Smartphone","Amazon","Números","5","smartphone 5g 512gb","pt","br","0","-"
5012,"Smartphone","Amazon","Números","5","smartphone 512","pt","br","0","-"
5013,"Smartphone","Amazon","Números","5","smartphone 500gb","pt","br","0","-"
5014,"Smartphone","Amazon","Números","5","smartphone 512g","pt","br","0","-"
5015,"Smartphone","Amazon","Números","6","smartphone 6gb ram","pt","br","590","0.39"
5016,"Smartphone","Amazon","Números","6","smartphone 64gb","pt","br","390","0.34"
5017,"Smartphone","Amazon","Números","6","smartphone 6 polegadas","pt","br","140","0.19"
5018,"Smartphone","Amazon","Números","6","smartphone 6000mah","pt","br","0","-"
5019,"Smartphone","Amazon","Números","6","smartphone 6gb ram 128 gb","pt","br","0","-"
5020,"Smartphone","Amazon","Números","6","smartphone 6gb","pt","br","0","-"
5021,"Smartphone","Amazon","Números","6","smartphone 6","pt","br","0","-"
5022,"Smartphone","Amazon","Números","6","smartphone 6g","pt","br","0","-"
5023,"Smartphone","Amazon","Números","6","smartphone 64gb promoção","pt","br","0","-"
5024,"Smartphone","Amazon","Números","6","smartphone 6.1","pt","br","0","-"
5025,"Smartphone","Amazon","Números","7","smartphone motorola edge 70","pt","br","2.4K","0.4"
5026,"Smartphone","Amazon","Números","7","smartphone motorola edge 70 pro","pt","br","720","0.22"
5027,"Smartphone","Amazon","Números","7","smartphone motorola edge 70 fusion","pt","br","210","0.39"
5028,"Smartphone","Amazon","Números","7","smartphone motorola edge 70 5g","pt","br","0","-"
5029,"Smartphone","Amazon","Números","7","smartphone 7000 mah","pt","br","0","-"
5030,"Smartphone","Amazon","Números","7","smartphone 7 polegadas","pt","br","0","-"
5031,"Smartphone","Amazon","Números","7","smartphone motorola edge 70 fusion 5g","pt","br","0","-"
5032,"Smartphone","Amazon","Números","7","smartphone 700 reais","pt","br","0","-"
5033,"Smartphone","Amazon","Números","7","smartphone edge 70","pt","br","0","-"
5034,"Smartphone","Amazon","Números","7","smartphone 7 polegadas 5g","pt","br","0","-"
5035,"Smartphone","Amazon","Números","8","smartphone 8gb ram","pt","br","1.6K","0.5"
5036,"Smartphone","Amazon","Números","8","smartphone 8gb ram 256gb","pt","br","720","0.52"
5037,"Smartphone","Amazon","Números","8","smartphone 8gb","pt","br","210","0.58"
5038,"Smartphone","Amazon","Números","8","smartphone 8gb ram 5g","pt","br","0","-"
5039,"Smartphone","Amazon","Números","8","smartphone 8","pt","br","0","-"
5040,"Smartphone","Amazon","Números","8","smartphone 8 ram","pt","br","0","-"
5041,"Smartphone","Amazon","Números","8","smartphone 8gb ram samsung","pt","br","0","-"
5042,"Smartphone","Amazon","Números","8","smartphone 8g ram","pt","br","0","-"
5043,"Smartphone","Amazon","Números","8","smartphone 8g","pt","br","0","-"
5044,"Smartphone","Amazon","Números","8","smartphone 86","pt","br","0","-"
5045,"Smartphone","Amazon","Números","9","smartphone asus zenfone 9","pt","br","140","0.16"
5046,"Smartphone","Amazon","Números","9","smartphone xiaomi redmi 9","pt","br","70","0.08"
5047,"Smartphone","Amazon","Números","9","smartphone xiaomi mi 9t pro","pt","br","40","-"
5048,"Smartphone","Amazon","Números","9","smartphone cubot king kong 9","pt","br","0","-"
5049,"Smartphone","Amazon","Números","9","smartphone xiaomi redmi note 9","pt","br","0","-"
5050,"Smartphone","Amazon","Números","9","smartphone xiaomi mi 9t","pt","br","0","-"
5051,"Smartphone","Amazon","Números","9","smartphone asus rog phone 9 pro","pt","br","0","-"
5052,"Smartphone","Amazon","Números","9","smartphone google pixel 9 pro xl celular","pt","br","0","-"
5053,"Smartphone","Amazon","Números","9","smartphone galaxy a07 128gb 4gb ram tela 6.7 90hz verde","pt","br","0","-"
5054,"Smartphone","Amazon","Números","9","celular smartphone xiaomi mi 9","pt","br","0","-"
5055,"Smartphone","Amazon","Preposições","com","smartphone com nfc","pt","br","1.6K","0.27"
5056,"Smartphone","Amazon","Preposições","com","smartphone com carregamento por indução","pt","br","390","0.19"
5057,"Smartphone","Amazon","Preposições","com","smartphone com teclado","pt","br","210","0.13"
5058,"Smartphone","Amazon","Preposições","com","smartphone com 512 gb","pt","br","0","-"
5059,"Smartphone","Amazon","Preposições","com","smartphone com processador snapdragon","pt","br","0","-"
5060,"Smartphone","Amazon","Preposições","com","smartphone com 256gb","pt","br","0","-"
5061,"Smartphone","Amazon","Preposições","com","smartphone com 8gb de ram","pt","br","0","-"
5062,"Smartphone","Amazon","Preposições","com","smartphone com ia","pt","br","0","-"
5063,"Smartphone","Amazon","Preposições","com","smartphone com nfc 5g","pt","br","0","-"
5064,"Smartphone","Amazon","Preposições","com","smartphone com chip virtual","pt","br","0","-"
5065,"Smartphone","Amazon","Preposições","para","smartphone para idoso","pt","br","1.3K","0.19"
5066,"Smartphone","Amazon","Preposições","para","suporte para smartphone","pt","br","390","0.09"
5067,"Smartphone","Amazon","Preposições","para","smartphone para jogo","pt","br","390","0.1"
5068,"Smartphone","Amazon","Preposições","para","smartphone para idoso com whatsapp","pt","br","0","-"
5069,"Smartphone","Amazon","Preposições","para","smartphone para crianças","pt","br","0","-"
5070,"Smartphone","Amazon","Preposições","para","teclado para smartphone","pt","br","0","-"
5071,"Smartphone","Amazon","Preposições","para","cordão para smartphone","pt","br","0","-"
5072,"Smartphone","Amazon","Preposições","para","smartphone para uber","pt","br","0","-"
5073,"Smartphone","Amazon","Preposições","para","smartphone para games","pt","br","0","-"
5074,"Smartphone","Amazon","Preposições","para","smartphone para idosos 32gb conectividade em suas mãos - multilaser","pt","br","0","-"
5075,"Smartphone","Amazon","Preposições","sem","celular sem ser smartphone","pt","br","260","0.14"
5076,"Smartphone","Amazon","Preposições","sem","smartphone sem camera","pt","br","70","0.07"
5077,"Smartphone","Amazon","Preposições","sem","smartphone carregamento sem fio","pt","br","30","0.16"
5078,"Smartphone","Amazon","Preposições","sem","smartphone sem juros","pt","br","0","-"
5079,"Smartphone","Amazon","Preposições","sem","smartphone motorola carregamento sem fio","pt","br","0","-"
5080,"Smartphone","Amazon","Preposições","sem","kit 2 microfones de lapela sem fio p celular smartphone preto","pt","br","0","-"
5081,"Smartphone","Amazon","Preposições","sem","controle joystick sem fio p/ smartphone ipega pg9218","pt","br","0","-"
5082,"Smartphone","Amazon","Preposições","sem","carregador sem fio 15w rápido para smartphone qi preto","pt","br","0","-"
5083,"Smartphone","Amazon","Preposições","sem","microfone de lapela sem fio type c p/ smartphone onmc803","pt","br","0","-"
5084,"Smartphone","Amazon","Preposições","sem","kit microfone lapela sem fio p iphone ipad smartphone usb black","pt","br","0","-"
5085,"Smartphone","Amazon","Preposições","tipo","adaptador ir para smartphone controle remoto inteligente tipo c","pt","br","0","-"
5086,"Smartphone","Amazon","Preposições","tipo","cabo smartphone ugreen us288 usb 2.0 p usb tipo c 1m branco","pt","br","0","-"
5087,"Smartphone","Amazon","Preposições","tipo","controle remoto universal ir tipo c para smartphone preto","pt","br","0","-"
5088,"Smartphone","Amazon","Perguntas","é","smartphone é de 60neo","pt","br","0","-"
5089,"Smartphone","Amazon","Perguntas","é","aparelho para tv que não é smartphone","pt","br","0","-"
5090,"Smartphone","Amazon","Perguntas","é","smartphone é de 60 neo","pt","br","0","-"
5091,"Smartphone","Amazon","Perguntas","é","qual é o modelo mais novo de smartphone","pt","br","0","-"
5092,"Smartphone","Amazon","Perguntas","o que","qual o aparelho que faz a tv virar smartphone","pt","br","0","-"
5093,"Smartphone","Amazon","Perguntas","qual","qual smartphone samsung galaxy mais recente","pt","br","0","-"
5094,"Smartphone","Amazon","Perguntas","qual","qual o aparelho que faz a tv virar smartphone","pt","br","0","-"
5095,"Smartphone","Amazon","Perguntas","qual","qual é o modelo mais novo de smartphone","pt","br","0","-"
